item	identity	sha256_or_value	status
platform_llvm_tree	codes/llvm@5ed6c77278dfa7a470667cf1a137723d3c96fe60	-	CLEAN
upstream_tag	upstream/22.1.8 peeled commit	ca7933e47d3a3451d81e72ac174dcb5aa28b59d1	MATCH
numeric_version	LLVMVersion.cmake	22.1.8	MATCH
baseline_cxxabi_h	codes/llvm/libcxxabi/include/cxxabi.h	3c2ca8786f9419e1151a5fe92b8dbdcdadf0bde3011e7154d60b172b67ff4ebc	BASELINE
baseline_cxa_personality	codes/llvm/libcxxabi/src/cxa_personality.cpp	55e136184adbaeee078a339afde2d6da103f4af7cb7c5c31926f2911127eff03	BASELINE
baseline_cxa_exception	codes/llvm/libcxxabi/src/cxa_exception.cpp	1feb758c547d8ddc2f4f3a08fe9fde586bba55649dd30e13191659d807093e19	BASELINE
experiment_cxxabi_h	tmp/R34B/llvm-exp/libcxxabi/include/cxxabi.h	2d606e6ec1a2670c5818e571ab446319f86ef260f7e3dc3c685bd579fd5c337a	R33_CHANGE_REUSED
experiment_cxa_personality	tmp/R34B/llvm-exp/libcxxabi/src/cxa_personality.cpp	6d62a6c163be52a6306cd11b9200ec860a1f62ef76d9654a9de08c3a588e42d9	R33_CHANGE_REUSED
experiment_cxa_exception	tmp/R34B/llvm-exp/libcxxabi/src/cxa_exception.cpp	9a6fe9e23c951cbace745362d0886cd5edac7d7ce8701959d89ae39138522b05	R34B_CHANGE
experiment_libcxxabi	tmp/R34B/runtime/libc++abi.so.1.0	ed6416234c6c6c02a067b982199b0906e2a74fed7cd1efd89eb56fca50071b8d	BUILT
libcxx_probe	tmp/R34B/probes/s1_libcxx	825937a23991ffbaa959e034def734c8218f4eea83d28884d2de406174fb8b83	BUILT
libstdcxx_probe	tmp/R34B/probes/s1_libstdcxx	e4ff43d8972ccc24dfad8476209ac21fb3650fabd5beb6e1b9165ed9fa81c239	BUILT
probe_source	progress/R34B/src/s1_rethrow_probe.cpp	2e04b02c7a2b307d84faa482d6bb594e54b7e55e3cfd04e1f475e13ffb703cf3	CURRENT
