source_rpm	package_name	stage	locations	owner_team
boost-1.83.0-2.2.src.rpm	boost	PHASE1	22	NOT_AVAILABLE_NO_OWNER_METADATA_IN_INPUT
gcc-14.2.0-1.12.src.rpm	gcc	PHASE1	3	NOT_AVAILABLE_NO_OWNER_METADATA_IN_INPUT
gcc-14.2.0-1.14.src.rpm	gcc	PHASE1	3	NOT_AVAILABLE_NO_OWNER_METADATA_IN_INPUT
key-manager-0.1.90-1.src.rpm	key-manager	PHASE2	9	NOT_AVAILABLE_NO_OWNER_METADATA_IN_INPUT
libcynara-commons-0.26.0-1.src.rpm	libcynara-commons	PHASE1	1	NOT_AVAILABLE_NO_OWNER_METADATA_IN_INPUT
llvm-22.1.8-18.1.src.rpm	llvm	PHASE2	6	NOT_AVAILABLE_NO_OWNER_METADATA_IN_INPUT
security-manager-2.4.0-0.src.rpm	security-manager	PHASE1	1	NOT_AVAILABLE_NO_OWNER_METADATA_IN_INPUT
tensorflow2-2.18.0-1.2.src.rpm	tensorflow2	PHASE2	2	NOT_AVAILABLE_NO_OWNER_METADATA_IN_INPUT
tensorflow2-2.18.0-1.3.src.rpm	tensorflow2	PHASE2	2	NOT_AVAILABLE_NO_OWNER_METADATA_IN_INPUT
webauthn-1.0.13-1.src.rpm	webauthn	PHASE2	1	NOT_AVAILABLE_NO_OWNER_METADATA_IN_INPUT
