e242de1ea16d0d5abddc1dc002f1a6258ed21fbe65a917b0fd611234149fe880	6016	progress/R9C/seg2/R9C_segment2_report.md
bd985756688628d417aa70c2f2262deae1b3b1d57be6f0507c20eee1bd565301	1803	progress/R9C/seg2/architectures/aarch64/artifact_sha256.txt
19f758cb76dd09507930866c15f3728dac0996388b54f57cd6df3d9d3c986ed1	1020	progress/R9C/seg2/architectures/aarch64/export_patch_inventory.tsv
3abf13a7299b79c65b152ebd942b8720587e4fa7fc7672b38f5c555b70030a48	3395	progress/R9C/seg2/architectures/aarch64/installed_all_nevra.tsv
001e35e745fa4ed861288735f24a88e08839ca5cd96fb9a871319431de6fac57	1314	progress/R9C/seg2/architectures/aarch64/repository_set.log
9e9bb05599ba00433aed4d15cf5dc3f2f5534cd7359a420e6cbf14377b7f8164	168	progress/R9C/seg2/architectures/aarch64/root_retirement.txt
4975534b44ad8e9fc318f0920c34d53de334a98a2a272c36050500b975caa6e0	1018	progress/R9C/seg2/architectures/aarch64/rpm_identities.tsv
5a7afe61f04b0c738220214d7f5c84aa82045d3284df65a7e94626dfb584ed63	239	progress/R9C/seg2/architectures/aarch64/source0_sha256.txt
c6438fad5c110a701a376d60273ec24c88b048028e69fe2370fe3467053fc4dc	176	progress/R9C/seg2/architectures/aarch64/status.tsv
e1a97c72f1cf6944a71bbde4a29289f109af94b84d8b5f5cb473392da90d24de	1339	progress/R9C/seg2/architectures/aarch64/target_resolution.log
304af137929a0b800236368f61a05727732e2909f4f3efd5eb286d78bd20aafb	470	progress/R9C/seg2/architectures/aarch64/toolchain_nevra.tsv
f577ec79204dedb645e8af35af5a4526dee85cc6cfe89299461da247a4bce7f5	1786	progress/R9C/seg2/architectures/armv7l/artifact_sha256.txt
b5fbadce3180e466df48779ceca33e3aa71ee26f7cf18dcc929f1d4a216374a7	798	progress/R9C/seg2/architectures/armv7l/cxa_personality_object_success.log
19f758cb76dd09507930866c15f3728dac0996388b54f57cd6df3d9d3c986ed1	1020	progress/R9C/seg2/architectures/armv7l/export_patch_inventory.tsv
4355e4f0690642f0152f2b9ef3cc05bbbe11056e37ed4fbddae8bc8b918ef84b	3287	progress/R9C/seg2/architectures/armv7l/installed_all_nevra.tsv
c0d72521d24232aa6ed9b5cf970399f25744a72a265a980886e7fb0e26fb1b70	1309	progress/R9C/seg2/architectures/armv7l/repository_set.log
1de89d6efdd1214a3311601e6a41619a85038f85b9c053878c9f284ab5c69e2d	166	progress/R9C/seg2/architectures/armv7l/root_retirement.txt
1f7e634bdf0f2ea7fcf1ae214b605ff2fd5528dc4cd98532ca389a677b0a026e	1002	progress/R9C/seg2/architectures/armv7l/rpm_identities.tsv
77a341ff6b67b9d2fd6b05931d27327a2a61f0acc190141be117bc8a628d4c63	238	progress/R9C/seg2/architectures/armv7l/source0_sha256.txt
971d3423082e7df6f56339345677b1cd603940e9f45480acdf065d6b83648a15	174	progress/R9C/seg2/architectures/armv7l/status.tsv
5e417db9e26d07c8ef83a286e2d41204dc4646d7c255d1360cdbb43f884edbe8	1393	progress/R9C/seg2/architectures/armv7l/target_resolution.log
1438a7ff63d4135f77057b19a53ecd5ba1a696c90be76002c833372048a22b00	454	progress/R9C/seg2/architectures/armv7l/toolchain_nevra.tsv
674b2bb0c2a302cd87446bfb97307ce2f928a7048ba6b29632fddd974e7b66a5	1786	progress/R9C/seg2/architectures/x86_64/artifact_sha256.txt
19f758cb76dd09507930866c15f3728dac0996388b54f57cd6df3d9d3c986ed1	1020	progress/R9C/seg2/architectures/x86_64/export_patch_inventory.tsv
70dce44ce59d66e3e0b57ab3244a1538df161d0cd8996c3d959562edf16df787	3180	progress/R9C/seg2/architectures/x86_64/installed_all_nevra.tsv
895235b1257d309f809ee7c36aeb71080bff51e84f49b75a53ee3ea989ab52f9	1309	progress/R9C/seg2/architectures/x86_64/repository_set.log
f787125356b00fe09bb3567495fe8fdbd753c4ca1ba209e589e0ac9e88e29b47	166	progress/R9C/seg2/architectures/x86_64/root_retirement.txt
24f9d8f36db172a55b7bec54d52da58d4a519009447c72763965f37452792ac2	1003	progress/R9C/seg2/architectures/x86_64/rpm_identities.tsv
d92e121a3d2dae1c0a0dc3c76a0f9df9a876adc5c7bd3a6ecb1165bc73cf9d9f	238	progress/R9C/seg2/architectures/x86_64/source0_sha256.txt
ce78abd840951f4254f27fe297808f68cc6a73821ebbcf5646b82fcba5bb87b3	174	progress/R9C/seg2/architectures/x86_64/status.tsv
d1bc59cd4c93aa43451a05e206b599e3b0ca57fe07779c0de1b7214dcfabdb2a	1338	progress/R9C/seg2/architectures/x86_64/target_resolution.log
3425838e9358e6cdf8166dd1a08e54e69b577edc0c2ec23ef43eb2058d5ba39c	453	progress/R9C/seg2/architectures/x86_64/toolchain_nevra.tsv
af282eaa1d07f4430fe4937323fd309ff905d2f0d086b685b26d68b784d38674	461971	progress/R9C/seg2/build/aarch64.full.log
e8de49c1ac9baae0a4db0e38df744381703cfb8a0aa5a436db5f62715ee4da33	454268	progress/R9C/seg2/build/armv7l.full.log
a275f9e9998b643bc964933b84bbcfa1e3a443c3a921fe4390cda3c6764600a0	15500	progress/R9C/seg2/build/standard_export_preflight.full.log
d45d344ef1ff5132488c9dd0503d1694cba95b96216a9a15c70773492c304667	459073	progress/R9C/seg2/build/x86_64.full.log
4403ebf19a28d3cde18c34943b20196563613c2f5e1756a74e7b736369395215	8497	progress/R9C/seg2/commands/00_freeze_inputs.attempt2.log
0de0c718e281ed5c081fa6854e42b1b3a4b04fab0eb7fdff71ed57499168bd1d	8562	progress/R9C/seg2/commands/00_freeze_inputs.attempt3.log
d6d90a1a974fc8d9bc8aa7da134fc9b61b51ad78f345decf63f7b3f7a4ced8db	8506	progress/R9C/seg2/commands/00_freeze_inputs.log
debe75e88b73087beb69fb268a2d4b77d0a981acfb841753314b084aa709153b	6926	progress/R9C/seg2/commands/00_freeze_inputs.sh
7461439c35eb0b2fc8f4503c7e4e0752e8c080015897f74fc27bbc867b6192b1	5127	progress/R9C/seg2/commands/01_validate_provenance.log
4b04d1200240edbed10267b4641c69b44804e93774084b8b8621d00475053c25	4547	progress/R9C/seg2/commands/01_validate_provenance.sh
f2fbf18f6b350c6704337a177773fa208496a83fad7a6605b91d008009dcf342	2212	progress/R9C/seg2/commands/01a_strict_provenance_patch_validation.log
ec49db7337128b11470093485276bf17014dc3c4ea82b7b7431273f1a231c22b	2304	progress/R9C/seg2/commands/01a_strict_provenance_patch_validation.sh
42eb973fc1bb045ef4566f3784d8f205d730c455cbe38154df55e136553add25	11629	progress/R9C/seg2/commands/02_prepare_and_export_preflight.log
0f84f0407c08bbe2dad2b5949b46965008c92edfc6ec30519e6b9f5ae881e704	9173	progress/R9C/seg2/commands/02_prepare_and_export_preflight.sh
ab578f9855b551e41c84ec67890b7ee878e9ca76aa4c6273e991cd405343e3c1	3476	progress/R9C/seg2/commands/02a_validate_successful_preflight.log
760b2ba0f03df8672267d8111935bde95fa3079a08bed2d3ea5fc43dfa7689d9	3339	progress/R9C/seg2/commands/02a_validate_successful_preflight.sh
06e2e0075baa6429736583a55827ed0274c3285fa1d6b0a47d620603d87e562f	12201	progress/R9C/seg2/commands/03_build_aarch64.log
aac2aa558f1e72152f4650d5c3d319d4f18814b459565c50b35a37d151ba02ba	12834	progress/R9C/seg2/commands/03_build_arch.sh
edbabd2e9c02d349c470cf3cb40cdb9aa237f4a61b89e39b759152a99449f810	12863	progress/R9C/seg2/commands/03_build_armv7l.log
38590e804e8d8d9109cbf3bdd54701b3750010b87fceed0c8336555e6982dd6d	12167	progress/R9C/seg2/commands/03_build_x86_64.log
da0dcfc8c180815ef514c60e7685e7a11015aaec2aebd4c0e97e4e3c149e074b	5594	progress/R9C/seg2/commands/04_identity_selfcheck.log
3763f60695686b81e9e48676a93328348bd94acbf1f4797177bc81597e7d2a4c	6092	progress/R9C/seg2/commands/04_identity_selfcheck.sh
ec5b1f9db88e867f7d19dfd9ea42660bd559777c623d3f1860c2179d78cbc9f1	3373	progress/R9C/seg2/commands/04a_validate_identity_evidence.attempt1.log
ea9fddc94f07e75db55da19c0a18fc878c3883ee9ed6be4b0b52ccd4f762b0c3	3392	progress/R9C/seg2/commands/04a_validate_identity_evidence.log
298f76217e05cfddef75710ea6dd322f2fe802d9b297030e098b2264b26023b0	3270	progress/R9C/seg2/commands/04a_validate_identity_evidence.sh
99e0fe282f8dccdac99a9dab620a06ec1a404dfc3de5cff8d504b1653500ca3b	32506	progress/R9C/seg2/commands/05_run_t4_static_gates.log
4fdc8986d467aaf2dca33ff79060a3840fc33df81028625967a71482e9c3ced8	8142	progress/R9C/seg2/commands/05_run_t4_static_gates.sh
d0b823032abfe704e3ece3be597ff682ec93de34bf2b48118c26375508bf9846	3527	progress/R9C/seg2/commands/05a_reassess_dwarf_criterion.log
2d06f79e1b2cc7ab9ad1be1a35e22fe3aad557f5ec53bf48c2ed0260f2a3a658	2885	progress/R9C/seg2/commands/05a_reassess_dwarf_criterion.sh
f2b410f33b4029ce7ebb517d91528f2be7e5ce0d4ca0dd014cbe82e9d5e597bb	4218	progress/R9C/seg2/commands/06_run_t4_runtime_gates.log
aae28691bb8c198aabc12bca7f4d97acd4e8ca6b81165f1048cc7b3fd2425b1d	2942	progress/R9C/seg2/commands/06_run_t4_runtime_gates.sh
824ec17a7daf35e00052573b8351c99cf5d670b6fca66e7c0b9ee6752cd6a093	6844	progress/R9C/seg2/commands/07_explicit_ldd_r.attempt1.log
308370884d94573165f56e03afd5c387f5f165a7e2a442554edd0a7bea5182d3	6848	progress/R9C/seg2/commands/07_explicit_ldd_r.log
be9290d45e4b7a4bc4f1431685bb754259f08277ee70585f85c775441498effc	4474	progress/R9C/seg2/commands/07_explicit_ldd_r.sh
3d1f53c6a19ab338c379e07c8dbe78ed0f46cc1bf10ebc815762258d1a2ff058	6011	progress/R9C/seg2/commands/08_aggregate_gates_and_arch_metadata.log
47b90caa76d6b84c39bb5e40bfd784f1f71627f4de6bab9edcf927d939672447	8297	progress/R9C/seg2/commands/08_aggregate_gates_and_arch_metadata.sh
947186a1dbc052f8d5df94993d8e5eee29db83323ff86c0ddfc2867503dc81d8	4318	progress/R9C/seg2/commands/09_quarantine_superseded_artifacts.log
d6819bce842dfb3f6f8b88fca800af0b8656c8c5f16aa596daa8ecfaf3c57332	3294	progress/R9C/seg2/commands/09_quarantine_superseded_artifacts.sh
3406dbf7657b60457a2a644f5afac28fd4ef50ffad6b8f40f627cb95c165e948	3429	progress/R9C/seg2/commands/10_final_audit_and_manifest.sh
0c6f24a7a8c914c9c167356368802793f9c7e6fa354c6ab7769e3f2b8a8d4654	2946	progress/R9C/seg2/comparisons/new_rpm_metadata.tsv
5d1284501d30161693a1248a78949e377675988efa1242b06d915b032f1f5575	520039	progress/R9C/seg2/comparisons/new_rpm_payload_paths.tsv
f34c848ad6743bcfacc41aa3c29b517164d73e296ee309ef93b06303853e2c4d	2805	progress/R9C/seg2/comparisons/new_rpm_provides.tsv
1aec747bb120042ee0150d9cb307a5ab6c1edbdb31be61e18eb4801e0664eb90	9251	progress/R9C/seg2/comparisons/new_rpm_requires.tsv
cdc4e2f018cf6dda78983909c3651dfda57e613064be94291c98fc50badcf44a	6183	progress/R9C/seg2/comparisons/new_vs_old_rpm_sha256.tsv
c312e178aa60b40b6ac9401fd35edcae6d0e10e9d6b20fa0b3f1727ae5382aca	4157	progress/R9C/seg2/comparisons/old_artifact_file_inventory.tsv
4a05e0504bc74e19533150446b6d6546dfab5a6f158de2e164bd4e28f1482594	4299	progress/R9C/seg2/comparisons/old_rpm_sha256.txt
bb820334bbd2aaa37a8d1e3165fa39f0cc042994bd17550ef0ed6e710b33cccf	157	progress/R9C/seg2/comparisons/quarantine.status
2fb244a5ec611f1648ada566be95d44a90b52c8edc4ee832f702d7d055ef1ac9	2325	progress/R9C/seg2/comparisons/quarantine_final_inventory.tsv
b02c4be736d41b8a6b30c2c5ce392b3248f48c9c0c8e54288044e32853d9e704	5530	progress/R9C/seg2/comparisons/quarantine_source_inventory.tsv
ac1bd9cccc78d01d8ac398dce3725c4cf40819383f21a543e07e3543fd2f3aa5	234	progress/R9C/seg2/gates/aarch64/static/binding_gate.tsv
09eb4bb0b07ae0b8d178efd5992f42bbfaf13a977ced3b3f0525d20dfedb03d2	155	progress/R9C/seg2/gates/aarch64/static/dependency_closure_gate.tsv
2540e715322461bc0434c405acc267a70109ee4eaf32d425b3007ac67520751a	379	progress/R9C/seg2/gates/aarch64/static/direct_needed.tsv
83fa601459f03ad696fb19fa5e6e17b75ec33edf99c1b11c358e2aec3e4398f0	45	progress/R9C/seg2/gates/aarch64/static/elf_identity.tsv
88e614ed3931b77762474a1862d254136e09df0eaa6e41d9bdb08886e877b8e2	1288	progress/R9C/seg2/gates/aarch64/static/evidence/explicit_qemu_ldd_r_libcxx.log
9da72add9c6dfed663f07121d25d19b5be6434a86ac2f8d851af0ed424ddbdd9	934	progress/R9C/seg2/gates/aarch64/static/evidence/explicit_qemu_ldd_r_libcxxabi.log
0e768edac7ab160ffb33aae32adf3aef39c4bbd706b499c0b773461366d91494	8298	progress/R9C/seg2/gates/aarch64/static/evidence/fixture_build_and_elf.log
f283c608eddfb3f6229a696bd01b04a47612bb0e02d3cd9e1991a3d7520ab27d	839193	progress/R9C/seg2/gates/aarch64/static/evidence/green_bind.3114931
60a0603a5045a407931954847c1ecb2a44444bfd408a2f8fa54c257f4a0df8e8	553	progress/R9C/seg2/gates/aarch64/static/evidence/green_relevant_bindings.log
90a55ea612be0ebc33a644c37581323bf234602aead18b730b9dee114302f195	8	progress/R9C/seg2/gates/aarch64/static/evidence/green_run.log
36c92d7d3c7d4d5c0d9c97132f2d83b07f4e3e896be9bb776ec0ec65c3a68ce8	87865	progress/R9C/seg2/gates/aarch64/static/evidence/header_file_list.log
b1a68b67dfa69e7b6c1840b4e9b0cb71fb12428a870f137837b85298d0fd0bcf	40320	progress/R9C/seg2/gates/aarch64/static/evidence/libc__.so.1.0_dwarf_producer.log
b7e27bf83c7e69bef0aa343f5f5d2453c94ebb7b55607810e0ff5e45183f5335	14382	progress/R9C/seg2/gates/aarch64/static/evidence/libc__abi.so.1.0_dwarf_producer.log
408fe61b3ec137807bf997fc8c8d831dadba6cbfed659cc3d5261068d64dea63	239352	progress/R9C/seg2/gates/aarch64/static/evidence/libcxx.so.1.0_defined_exports.log
de5252b7da0cf58a3af75e10c7dd9ca317302a0480d92b8732ad59095a9bdaaa	2039	progress/R9C/seg2/gates/aarch64/static/evidence/libcxx.so.1.0_dynamic.log
dc7d15a2b8081de36125538a8c423c2c232cf049af65665dd431ca4bd10ee9ce	259938	progress/R9C/seg2/gates/aarch64/static/evidence/libcxx.so.1.0_dynsyms.log
c9b1457dd7b2f2f12b690bae38f2d07b847b09e38725409466ceae6227741550	937	progress/R9C/seg2/gates/aarch64/static/evidence/libcxx.so.1.0_elf_header.log
d75f3a700140d5cee2c51d2ef3d953e9373eea3a769d08c92b7d6568988366b0	44699	progress/R9C/seg2/gates/aarch64/static/evidence/libcxx.so.1.0_version_info.log
7395755a6cda03129a93020c2693fe9268b7a7f5a60308f7a2bed477a9eec9e7	31624	progress/R9C/seg2/gates/aarch64/static/evidence/libcxxabi.so.1.0_defined_exports.log
f44d4f17346af858be34652ec8b38a0ef7107e00e2a2d5b073d42df4371ef8fc	1881	progress/R9C/seg2/gates/aarch64/static/evidence/libcxxabi.so.1.0_dynamic.log
a0c7ebced379254f982272f105c6169e37b69f547203eab2f06e3f7e83bddb22	35285	progress/R9C/seg2/gates/aarch64/static/evidence/libcxxabi.so.1.0_dynsyms.log
eba473f5d7404ee0a89c3b8422dcaeb6e507c21705077d00b4439bb148c961df	936	progress/R9C/seg2/gates/aarch64/static/evidence/libcxxabi.so.1.0_elf_header.log
4855a4a801dff2ce993373792d549232e4ba0e41d02a1430cde12bd3dfe55329	9001	progress/R9C/seg2/gates/aarch64/static/evidence/libcxxabi.so.1.0_version_info.log
494eed1ca553f5b2be28673b31a9eae1989bf4782029da0432493b89d9ed9b71	1765	progress/R9C/seg2/gates/aarch64/static/evidence/needed_closure_ldd_r.log
82f697d982b9341d92824a7f04539860c8f8c75067eb01acbdc695c4cf0f2004	450979	progress/R9C/seg2/gates/aarch64/static/evidence/red_bind.3114940
330ebc34164581b0ed950aded1d572297969f70b34cd0a55b1f0ddd6c4f63186	441	progress/R9C/seg2/gates/aarch64/static/evidence/red_relevant_bindings.log
90a55ea612be0ebc33a644c37581323bf234602aead18b730b9dee114302f195	8	progress/R9C/seg2/gates/aarch64/static/evidence/red_run.log
cc8141157d160ab7512ec106fdea258e24123003f4d255f6af7c7f7373aa1e16	90092	progress/R9C/seg2/gates/aarch64/static/evidence/rpm_extract.log
eef054abd4a85a8d9e251a83f9e4a192358f0de3f81cce7394518bf2ca6d4246	37	progress/R9C/seg2/gates/aarch64/static/evidence/runtime_exit_codes.log
01891f6d805f62fd0949784df5fe5d96ecca647e11b82d29b47f8f58a348fd0e	129	progress/R9C/seg2/gates/aarch64/static/evidence/runtime_library_paths.log
5c4ff3ac6b0fd6a82654a8cea338fedfef2d9b1d9a684631866d5bd509a3f7c4	386481	progress/R9C/seg2/gates/aarch64/static/evidence/runtime_rpm_stage.log
147ce83ac8f6c53d352e42eac11b3e175d7d0dec4d76e73ee6e355b516fb33e9	413634	progress/R9C/seg2/gates/aarch64/static/evidence/smoke_bind.3114922
b03b6f2b1e2a668c12bab55c06cff1acc6daa81093857eba7c6028c56980f912	7262	progress/R9C/seg2/gates/aarch64/static/evidence/smoke_provider_bindings.log
cfd0d9f8e638393d219e029eb4f5fd094ccd7e98c6f5fa1fda99c14f9a6b14e2	14	progress/R9C/seg2/gates/aarch64/static/evidence/smoke_run.log
44364f2998c9fff892ead52a847c21c86e3126458b3e27a7c6c0bb8b38d2fc15	1217	progress/R9C/seg2/gates/aarch64/static/rpm_manifest.tsv
329838b0203648813a0dcb1a2c06d3b46c43023542e4491db019ae1160d598c8	1455	progress/R9C/seg2/gates/aarch64/static/runtime_fixture_commands.txt
c8886b3f66c058ea7d3524a719f0a008edcb0c1fb3df31ab32d003d093126db9	181	progress/R9C/seg2/gates/aarch64/static/runtime_fixture_commands.txt.sha256
befb7dc956c8554edca7b8ffef9c6665a18ab968460475ba9014d12e767de36a	111	progress/R9C/seg2/gates/aarch64/static/runtime_smoke.tsv
990d2be05e1e684c69bbd65507e460c3921686c51d0b83ee7e14db3cb7467d24	20	progress/R9C/seg2/gates/aarch64/static/single_at_exports.tsv
990d2be05e1e684c69bbd65507e460c3921686c51d0b83ee7e14db3cb7467d24	20	progress/R9C/seg2/gates/aarch64/static/unversioned_exports.tsv
59edeffe7590b0dafd305d876960524ef49a23c87167f4ce64b3d94c63946e5f	187	progress/R9C/seg2/gates/aarch64/static/versioning_gate.tsv
c1656d534a43c4b828a008c9b9bfd82b5458399b69a7aac19ff62fdd212dc12b	232	progress/R9C/seg2/gates/armv7l/static/binding_gate.tsv
79018c744d7b403f6b09cfa645bcaaf0ef07f6985ef27c8a9ab014b11d0c914e	154	progress/R9C/seg2/gates/armv7l/static/dependency_closure_gate.tsv
13b70415d70eba2d7fcf12223e3e234e87a2244190b4d2a047ffe87186f2158b	271	progress/R9C/seg2/gates/armv7l/static/direct_needed.tsv
51b66b64ca5c0d6e6cb4e826e95e6364af617a3cbf4617f258393b1bf9469779	35	progress/R9C/seg2/gates/armv7l/static/elf_identity.tsv
2d03fdfaa6af7df827fe9de226044f94292643177dee4dc09aa1cda0108b71af	829	progress/R9C/seg2/gates/armv7l/static/evidence/explicit_qemu_ldd_r_libcxx.log
34160032889ec7ff5beb6c6918ef01d646d3f9695c6c9587f233aeeb7d3a8582	679	progress/R9C/seg2/gates/armv7l/static/evidence/explicit_qemu_ldd_r_libcxxabi.log
e734da8ee35c37fa5b2dcc6ad991cdb11c475c01abc9e1e3b69570cb58a969c8	8490	progress/R9C/seg2/gates/armv7l/static/evidence/fixture_build_and_elf.log
4f7fb7901399fcea515e145d79bfe092644c33daefa4ddeb067dcf32e30b8e59	818072	progress/R9C/seg2/gates/armv7l/static/evidence/green_bind.3114761
176dca4e42dc7b670e0dddbd065b50cc9d1a95d564451bd1dd353fbc4ab6524f	547	progress/R9C/seg2/gates/armv7l/static/evidence/green_relevant_bindings.log
90a55ea612be0ebc33a644c37581323bf234602aead18b730b9dee114302f195	8	progress/R9C/seg2/gates/armv7l/static/evidence/green_run.log
0b8b8d7b9c0f853ad7069c6f6204490fab1b3ff9ac2fdba31e9542d67d00f389	87859	progress/R9C/seg2/gates/armv7l/static/evidence/header_file_list.log
25aa3039bd1fc6f36b32dca59d16fb5bb0df529f5ff986f459ffbf5068aca633	39096	progress/R9C/seg2/gates/armv7l/static/evidence/libc__.so.1.0_dwarf_producer.log
d235ba36739a49d54311873f1d5b9e9b96f5d23b627194dd2188800c07045e55	14199	progress/R9C/seg2/gates/armv7l/static/evidence/libc__abi.so.1.0_dwarf_producer.log
c5d9da4a54ea7ba577e6b721fddbdfcb51706c29d465bc10adc9f139c9535cea	223523	progress/R9C/seg2/gates/armv7l/static/evidence/libcxx.so.1.0_defined_exports.log
4ad5f68c526b74ce47ecda3c73c75d6fe8f498cae9d061c0a5d41c6f489dfab8	1872	progress/R9C/seg2/gates/armv7l/static/evidence/libcxx.so.1.0_dynamic.log
dc3c81f9cae321cafd15642f2063e329de190e7eab8553b80a4478b520d5a1a7	242304	progress/R9C/seg2/gates/armv7l/static/evidence/libcxx.so.1.0_dynsyms.log
6cbb5bc93e8c787e8c299f6623659701b96350895b09b74196783c0f416e8bf9	969	progress/R9C/seg2/gates/armv7l/static/evidence/libcxx.so.1.0_elf_header.log
1cce2b0f63b5b9c74c542b16de9c89037117c218f4ed59de61d98510b851dab9	44924	progress/R9C/seg2/gates/armv7l/static/evidence/libcxx.so.1.0_version_info.log
a1db661fc09ba27ff63e657698e8b8d4bb76d361abda5aa3fbf2802e762c5e32	28830	progress/R9C/seg2/gates/armv7l/static/evidence/libcxxabi.so.1.0_defined_exports.log
9a3a79111e35b2018dcb9da44a9fe062689f41cb9b3443c8866ad83b5109b271	1792	progress/R9C/seg2/gates/armv7l/static/evidence/libcxxabi.so.1.0_dynamic.log
c1a213bf67975d28633ac3cb3208ace62dbb320719f6923e80bdd5aeba14f7da	32482	progress/R9C/seg2/gates/armv7l/static/evidence/libcxxabi.so.1.0_dynsyms.log
af2615b02139cc616c6a377daf2a54497feaff6dfa001c13c24db7445e34b124	969	progress/R9C/seg2/gates/armv7l/static/evidence/libcxxabi.so.1.0_elf_header.log
00e29035cbac839e20f927c3c62993c09d9d42aa64e9bfc8130bd4d7d4553b31	9272	progress/R9C/seg2/gates/armv7l/static/evidence/libcxxabi.so.1.0_version_info.log
057172ad9ed79cbd5b380818e3f434eb167ec924646506b75ed4332c154668a9	1437	progress/R9C/seg2/gates/armv7l/static/evidence/needed_closure_ldd_r.log
4375d6eab2c80ed2af520b8eaef046354f0678516aafc753a702db7f2350695a	440063	progress/R9C/seg2/gates/armv7l/static/evidence/red_bind.3114770
e0b7b19bfbe108f5d3036d4ab5cd154dea5e0e3f7037c272dead65d3ac6fcf51	435	progress/R9C/seg2/gates/armv7l/static/evidence/red_relevant_bindings.log
90a55ea612be0ebc33a644c37581323bf234602aead18b730b9dee114302f195	8	progress/R9C/seg2/gates/armv7l/static/evidence/red_run.log
bcdd809978e55c4e15f3976e2eb523f437561c5adfe64f81f70ff823d17c8fc6	90076	progress/R9C/seg2/gates/armv7l/static/evidence/rpm_extract.log
eef054abd4a85a8d9e251a83f9e4a192358f0de3f81cce7394518bf2ca6d4246	37	progress/R9C/seg2/gates/armv7l/static/evidence/runtime_exit_codes.log
f6601c6c47a59ad7ba6870da3d57e94d94b7773399c251f82c911c025db5ec9c	125	progress/R9C/seg2/gates/armv7l/static/evidence/runtime_library_paths.log
a409412d447b8057dfab7bcb5d32b073ccc3a8bf09ede5d8e2fed21d38e17a0d	382805	progress/R9C/seg2/gates/armv7l/static/evidence/runtime_rpm_stage.log
00e75abb52d43c033eee8cdba40cebca07a276633f44be178c75c711e8840834	402943	progress/R9C/seg2/gates/armv7l/static/evidence/smoke_bind.3114752
3c6b125dd8de9999960c05229f915efca0bda8f47e9049c16002b635bff06628	5389	progress/R9C/seg2/gates/armv7l/static/evidence/smoke_provider_bindings.log
cfd0d9f8e638393d219e029eb4f5fd094ccd7e98c6f5fa1fda99c14f9a6b14e2	14	progress/R9C/seg2/gates/armv7l/static/evidence/smoke_run.log
4bccd2316c97612d604c5d05ff6e94f51a5f52c333b2a4966d41fc8f62b731eb	1201	progress/R9C/seg2/gates/armv7l/static/rpm_manifest.tsv
d01d61cefdff05b01bb48f72d91041dcf4c11d992b6a481bc5e06632014ea95b	1460	progress/R9C/seg2/gates/armv7l/static/runtime_fixture_commands.txt
08daf47bfd59ee132d924b89273c1c045b0e815fe75f564a5aadcb7ca8407949	180	progress/R9C/seg2/gates/armv7l/static/runtime_fixture_commands.txt.sha256
9745bfb6f8ead558377b6e72a9288997fbeeee57b18a2d0a7b28d20b59678d17	110	progress/R9C/seg2/gates/armv7l/static/runtime_smoke.tsv
990d2be05e1e684c69bbd65507e460c3921686c51d0b83ee7e14db3cb7467d24	20	progress/R9C/seg2/gates/armv7l/static/single_at_exports.tsv
990d2be05e1e684c69bbd65507e460c3921686c51d0b83ee7e14db3cb7467d24	20	progress/R9C/seg2/gates/armv7l/static/unversioned_exports.tsv
50457e1380643d72e6d132a01247540029dc2aaf51999b18c248c0a90c330dfd	187	progress/R9C/seg2/gates/armv7l/static/versioning_gate.tsv
3e66355975c9b53a47b3c05aa674ac64132731b91cdbf5e9bbd0d3dfab42ea41	395	progress/R9C/seg2/gates/coverage_boundary.tsv
022e8852df261d4f866aece67ad6af63fa3605d3f5a0b60d4458ad17d7fc67fd	305	progress/R9C/seg2/gates/dwarf_producer_results.tsv
4f2ff0260b393b504111f4371fea4abaa622e8d97e9c5f3fdc312016596122e3	30	progress/R9C/seg2/gates/explicit_ldd_r.status
ffa6babfd48bc5c4673dab35178d7363bcdaa047d6b307a4b675d6c8d662cd76	301	progress/R9C/seg2/gates/explicit_ldd_r.tsv
755c056670a8f7675754e21bb6572d48415b82d304656e10608c3e1bf3976cb8	1231	progress/R9C/seg2/gates/gate_results.tsv
577688a167fd36c91a017e17c19ab8319cd24e4d520380eeb9a027bdddce2a80	149	progress/R9C/seg2/gates/old_runtime_tool.sha256
27edf53419353c98ac1dbe277bbb63be5ecf9d3513eb23814ce74dc76bac81f6	379	progress/R9C/seg2/gates/provider_family_results.tsv
b5591dadb69ad2503bdedc29ef75fb79895fd78335889d350577f1bec5c6f48a	1088	progress/R9C/seg2/gates/qemu_carrier_inventory.txt
a87a877c7c6f39d1e443b36e5116150dd0730549b91e65b2eaaa07cbeb86270a	565	progress/R9C/seg2/gates/raw/aarch64_adapted_ldd.diff
5b8f9c187ed56ab68fccfac675f97f1d6dbb7af46c2b7eea481b698eff7eee68	5418	progress/R9C/seg2/gates/raw/aarch64_adapted_ldd.generated.txt
e3b0c44298fc1c149afbf4c8996fb92427ae41e4649b934ca495991b7852b855	0	progress/R9C/seg2/gates/raw/aarch64_adapted_ldd_diff.stderr.txt
e3b0c44298fc1c149afbf4c8996fb92427ae41e4649b934ca495991b7852b855	0	progress/R9C/seg2/gates/raw/aarch64_adapter_libc__-22.1.8-1.aarch64.rpm.stderr.txt
e3b0c44298fc1c149afbf4c8996fb92427ae41e4649b934ca495991b7852b855	0	progress/R9C/seg2/gates/raw/aarch64_adapter_libc__-22.1.8-1.aarch64.rpm.stdout.txt
e3b0c44298fc1c149afbf4c8996fb92427ae41e4649b934ca495991b7852b855	0	progress/R9C/seg2/gates/raw/aarch64_adapter_libc__-debuginfo-22.1.8-1.aarch64.rpm.stderr.txt
e3b0c44298fc1c149afbf4c8996fb92427ae41e4649b934ca495991b7852b855	0	progress/R9C/seg2/gates/raw/aarch64_adapter_libc__-debuginfo-22.1.8-1.aarch64.rpm.stdout.txt
e3b0c44298fc1c149afbf4c8996fb92427ae41e4649b934ca495991b7852b855	0	progress/R9C/seg2/gates/raw/aarch64_adapter_libc__-devel-22.1.8-1.aarch64.rpm.stderr.txt
e3b0c44298fc1c149afbf4c8996fb92427ae41e4649b934ca495991b7852b855	0	progress/R9C/seg2/gates/raw/aarch64_adapter_libc__-devel-22.1.8-1.aarch64.rpm.stdout.txt
e3b0c44298fc1c149afbf4c8996fb92427ae41e4649b934ca495991b7852b855	0	progress/R9C/seg2/gates/raw/aarch64_adapter_libc__abi-22.1.8-1.aarch64.rpm.stderr.txt
e3b0c44298fc1c149afbf4c8996fb92427ae41e4649b934ca495991b7852b855	0	progress/R9C/seg2/gates/raw/aarch64_adapter_libc__abi-22.1.8-1.aarch64.rpm.stdout.txt
e3b0c44298fc1c149afbf4c8996fb92427ae41e4649b934ca495991b7852b855	0	progress/R9C/seg2/gates/raw/aarch64_adapter_libc__abi-debuginfo-22.1.8-1.aarch64.rpm.stderr.txt
e3b0c44298fc1c149afbf4c8996fb92427ae41e4649b934ca495991b7852b855	0	progress/R9C/seg2/gates/raw/aarch64_adapter_libc__abi-debuginfo-22.1.8-1.aarch64.rpm.stdout.txt
e3b0c44298fc1c149afbf4c8996fb92427ae41e4649b934ca495991b7852b855	0	progress/R9C/seg2/gates/raw/aarch64_adapter_libc__abi-devel-22.1.8-1.aarch64.rpm.stderr.txt
e3b0c44298fc1c149afbf4c8996fb92427ae41e4649b934ca495991b7852b855	0	progress/R9C/seg2/gates/raw/aarch64_adapter_libc__abi-devel-22.1.8-1.aarch64.rpm.stdout.txt
e3b0c44298fc1c149afbf4c8996fb92427ae41e4649b934ca495991b7852b855	0	progress/R9C/seg2/gates/raw/aarch64_adapter_libcxx-runtimes-22.1.8-1.src.rpm.stderr.txt
e3b0c44298fc1c149afbf4c8996fb92427ae41e4649b934ca495991b7852b855	0	progress/R9C/seg2/gates/raw/aarch64_adapter_libcxx-runtimes-22.1.8-1.src.rpm.stdout.txt
e3b0c44298fc1c149afbf4c8996fb92427ae41e4649b934ca495991b7852b855	0	progress/R9C/seg2/gates/raw/aarch64_adapter_libcxx-runtimes-debugsource-22.1.8-1.aarch64.rpm.stderr.txt
e3b0c44298fc1c149afbf4c8996fb92427ae41e4649b934ca495991b7852b855	0	progress/R9C/seg2/gates/raw/aarch64_adapter_libcxx-runtimes-debugsource-22.1.8-1.aarch64.rpm.stdout.txt
e3b0c44298fc1c149afbf4c8996fb92427ae41e4649b934ca495991b7852b855	0	progress/R9C/seg2/gates/raw/aarch64_assert_adapter.stderr.txt
e3b0c44298fc1c149afbf4c8996fb92427ae41e4649b934ca495991b7852b855	0	progress/R9C/seg2/gates/raw/aarch64_assert_adapter.stdout.txt
e3b0c44298fc1c149afbf4c8996fb92427ae41e4649b934ca495991b7852b855	0	progress/R9C/seg2/gates/raw/aarch64_assert_bind_now.stderr.txt
e3b0c44298fc1c149afbf4c8996fb92427ae41e4649b934ca495991b7852b855	0	progress/R9C/seg2/gates/raw/aarch64_assert_bind_now.stdout.txt
e3b0c44298fc1c149afbf4c8996fb92427ae41e4649b934ca495991b7852b855	0	progress/R9C/seg2/gates/raw/aarch64_assert_direct_needed.stderr.txt
e3b0c44298fc1c149afbf4c8996fb92427ae41e4649b934ca495991b7852b855	0	progress/R9C/seg2/gates/raw/aarch64_assert_direct_needed.stdout.txt
e3b0c44298fc1c149afbf4c8996fb92427ae41e4649b934ca495991b7852b855	0	progress/R9C/seg2/gates/raw/aarch64_assert_elf_machine.stderr.txt
e3b0c44298fc1c149afbf4c8996fb92427ae41e4649b934ca495991b7852b855	0	progress/R9C/seg2/gates/raw/aarch64_assert_elf_machine.stdout.txt
e3b0c44298fc1c149afbf4c8996fb92427ae41e4649b934ca495991b7852b855	0	progress/R9C/seg2/gates/raw/aarch64_assert_header_layout.stderr.txt
e3b0c44298fc1c149afbf4c8996fb92427ae41e4649b934ca495991b7852b855	0	progress/R9C/seg2/gates/raw/aarch64_assert_header_layout.stdout.txt
e3b0c44298fc1c149afbf4c8996fb92427ae41e4649b934ca495991b7852b855	0	progress/R9C/seg2/gates/raw/aarch64_assert_provider_family.stderr.txt
e3b0c44298fc1c149afbf4c8996fb92427ae41e4649b934ca495991b7852b855	0	progress/R9C/seg2/gates/raw/aarch64_assert_provider_family.stdout.txt
e3b0c44298fc1c149afbf4c8996fb92427ae41e4649b934ca495991b7852b855	0	progress/R9C/seg2/gates/raw/aarch64_assert_rpm_set.stderr.txt
e3b0c44298fc1c149afbf4c8996fb92427ae41e4649b934ca495991b7852b855	0	progress/R9C/seg2/gates/raw/aarch64_assert_rpm_set.stdout.txt
e3b0c44298fc1c149afbf4c8996fb92427ae41e4649b934ca495991b7852b855	0	progress/R9C/seg2/gates/raw/aarch64_assert_runtime_root.stderr.txt
e3b0c44298fc1c149afbf4c8996fb92427ae41e4649b934ca495991b7852b855	0	progress/R9C/seg2/gates/raw/aarch64_assert_runtime_root.stdout.txt
e3b0c44298fc1c149afbf4c8996fb92427ae41e4649b934ca495991b7852b855	0	progress/R9C/seg2/gates/raw/aarch64_assert_single_ldd_adaptation.stderr.txt
e3b0c44298fc1c149afbf4c8996fb92427ae41e4649b934ca495991b7852b855	0	progress/R9C/seg2/gates/raw/aarch64_assert_single_ldd_adaptation.stdout.txt
e3b0c44298fc1c149afbf4c8996fb92427ae41e4649b934ca495991b7852b855	0	progress/R9C/seg2/gates/raw/aarch64_assert_version_libcxx.stderr.txt
e3b0c44298fc1c149afbf4c8996fb92427ae41e4649b934ca495991b7852b855	0	progress/R9C/seg2/gates/raw/aarch64_assert_version_libcxx.stdout.txt
e3b0c44298fc1c149afbf4c8996fb92427ae41e4649b934ca495991b7852b855	0	progress/R9C/seg2/gates/raw/aarch64_assert_version_libcxxabi.stderr.txt
e3b0c44298fc1c149afbf4c8996fb92427ae41e4649b934ca495991b7852b855	0	progress/R9C/seg2/gates/raw/aarch64_assert_version_libcxxabi.stdout.txt
e3b0c44298fc1c149afbf4c8996fb92427ae41e4649b934ca495991b7852b855	0	progress/R9C/seg2/gates/raw/aarch64_carrier_create.stderr.txt
e3b0c44298fc1c149afbf4c8996fb92427ae41e4649b934ca495991b7852b855	0	progress/R9C/seg2/gates/raw/aarch64_carrier_create.stdout.txt
e3b0c44298fc1c149afbf4c8996fb92427ae41e4649b934ca495991b7852b855	0	progress/R9C/seg2/gates/raw/aarch64_carrier_probe.stderr.txt
e3b0c44298fc1c149afbf4c8996fb92427ae41e4649b934ca495991b7852b855	0	progress/R9C/seg2/gates/raw/aarch64_carrier_probe.stdout.txt
e3b0c44298fc1c149afbf4c8996fb92427ae41e4649b934ca495991b7852b855	0	progress/R9C/seg2/gates/raw/aarch64_compile_static_rtld_wrapper.stderr.txt
e3b0c44298fc1c149afbf4c8996fb92427ae41e4649b934ca495991b7852b855	0	progress/R9C/seg2/gates/raw/aarch64_compile_static_rtld_wrapper.stdout.txt
e3b0c44298fc1c149afbf4c8996fb92427ae41e4649b934ca495991b7852b855	0	progress/R9C/seg2/gates/raw/aarch64_create_adapted_ldd.stderr.txt
e3b0c44298fc1c149afbf4c8996fb92427ae41e4649b934ca495991b7852b855	0	progress/R9C/seg2/gates/raw/aarch64_explicit_qemu_ldd_r_libcxx.stderr.txt
e3b0c44298fc1c149afbf4c8996fb92427ae41e4649b934ca495991b7852b855	0	progress/R9C/seg2/gates/raw/aarch64_explicit_qemu_ldd_r_libcxxabi.stderr.txt
e3b0c44298fc1c149afbf4c8996fb92427ae41e4649b934ca495991b7852b855	0	progress/R9C/seg2/gates/raw/aarch64_frozen_static_tool.stderr.txt
e3b0c44298fc1c149afbf4c8996fb92427ae41e4649b934ca495991b7852b855	0	progress/R9C/seg2/gates/raw/aarch64_frozen_static_tool.stdout.txt
e3b0c44298fc1c149afbf4c8996fb92427ae41e4649b934ca495991b7852b855	0	progress/R9C/seg2/gates/raw/aarch64_header_file_list.stderr.txt
e3b0c44298fc1c149afbf4c8996fb92427ae41e4649b934ca495991b7852b855	0	progress/R9C/seg2/gates/raw/aarch64_libc__.so.1.0_assert_dwarf_producer.stderr.txt
e3b0c44298fc1c149afbf4c8996fb92427ae41e4649b934ca495991b7852b855	0	progress/R9C/seg2/gates/raw/aarch64_libc__.so.1.0_assert_dwarf_producer.stdout.txt
e3b0c44298fc1c149afbf4c8996fb92427ae41e4649b934ca495991b7852b855	0	progress/R9C/seg2/gates/raw/aarch64_libc__.so.1.0_dwarf_producer.stderr.txt
e3b0c44298fc1c149afbf4c8996fb92427ae41e4649b934ca495991b7852b855	0	progress/R9C/seg2/gates/raw/aarch64_libc__.so.1.0_dwarf_registered_criterion.stderr.txt
e3b0c44298fc1c149afbf4c8996fb92427ae41e4649b934ca495991b7852b855	0	progress/R9C/seg2/gates/raw/aarch64_libc__.so.1.0_dwarf_registered_criterion.stdout.txt
aeff6226d336b0f684dc5f2855b97d09ad62e6390854010f68e29020ca51893e	121	progress/R9C/seg2/gates/raw/aarch64_libc___debug_extract.stderr.txt
e3b0c44298fc1c149afbf4c8996fb92427ae41e4649b934ca495991b7852b855	0	progress/R9C/seg2/gates/raw/aarch64_libc___debug_extract.stdout.txt
e3b0c44298fc1c149afbf4c8996fb92427ae41e4649b934ca495991b7852b855	0	progress/R9C/seg2/gates/raw/aarch64_libc__abi.so.1.0_assert_dwarf_producer.stderr.txt
e3b0c44298fc1c149afbf4c8996fb92427ae41e4649b934ca495991b7852b855	0	progress/R9C/seg2/gates/raw/aarch64_libc__abi.so.1.0_assert_dwarf_producer.stdout.txt
e3b0c44298fc1c149afbf4c8996fb92427ae41e4649b934ca495991b7852b855	0	progress/R9C/seg2/gates/raw/aarch64_libc__abi.so.1.0_dwarf_producer.stderr.txt
e3b0c44298fc1c149afbf4c8996fb92427ae41e4649b934ca495991b7852b855	0	progress/R9C/seg2/gates/raw/aarch64_libc__abi.so.1.0_dwarf_registered_criterion.stderr.txt
e3b0c44298fc1c149afbf4c8996fb92427ae41e4649b934ca495991b7852b855	0	progress/R9C/seg2/gates/raw/aarch64_libc__abi.so.1.0_dwarf_registered_criterion.stdout.txt
bd4bab96984f4e81d0bb9ad9d32f9a349a164360a6dd1df53a30a110e9365672	123	progress/R9C/seg2/gates/raw/aarch64_libc__abi_debug_extract.stderr.txt
e3b0c44298fc1c149afbf4c8996fb92427ae41e4649b934ca495991b7852b855	0	progress/R9C/seg2/gates/raw/aarch64_libc__abi_debug_extract.stdout.txt
c4cb7a7ca204e0b35eed2b1851a7a17169e713d5691f455b6152cd3eff8c8795	27	progress/R9C/seg2/gates/raw/aarch64_old_runtime_gate_tool.stderr.txt
e3b0c44298fc1c149afbf4c8996fb92427ae41e4649b934ca495991b7852b855	0	progress/R9C/seg2/gates/raw/aarch64_old_runtime_gate_tool.stdout.txt
e3b0c44298fc1c149afbf4c8996fb92427ae41e4649b934ca495991b7852b855	0	progress/R9C/seg2/gates/raw/aarch64_wrapper_identity.stderr.txt
9176d0bf97367f9bf8ce3770e178c66b7b8b8b0076db98871106b1be19ca6357	903	progress/R9C/seg2/gates/raw/aarch64_wrapper_identity.stdout.txt
e3b0c44298fc1c149afbf4c8996fb92427ae41e4649b934ca495991b7852b855	0	progress/R9C/seg2/gates/raw/aarch64_write_adapted_ldd.stderr.txt
e3b0c44298fc1c149afbf4c8996fb92427ae41e4649b934ca495991b7852b855	0	progress/R9C/seg2/gates/raw/aarch64_write_adapted_ldd.stdout.txt
e3b0c44298fc1c149afbf4c8996fb92427ae41e4649b934ca495991b7852b855	0	progress/R9C/seg2/gates/raw/aggregate_assert_builds.stderr.txt
e3b0c44298fc1c149afbf4c8996fb92427ae41e4649b934ca495991b7852b855	0	progress/R9C/seg2/gates/raw/aggregate_assert_builds.stdout.txt
e3b0c44298fc1c149afbf4c8996fb92427ae41e4649b934ca495991b7852b855	0	progress/R9C/seg2/gates/raw/aggregate_assert_explicit_ldd.stderr.txt
e3b0c44298fc1c149afbf4c8996fb92427ae41e4649b934ca495991b7852b855	0	progress/R9C/seg2/gates/raw/aggregate_assert_explicit_ldd.stdout.txt
e3b0c44298fc1c149afbf4c8996fb92427ae41e4649b934ca495991b7852b855	0	progress/R9C/seg2/gates/raw/aggregate_assert_final_tables.stderr.txt
e3b0c44298fc1c149afbf4c8996fb92427ae41e4649b934ca495991b7852b855	0	progress/R9C/seg2/gates/raw/aggregate_assert_final_tables.stdout.txt
e3b0c44298fc1c149afbf4c8996fb92427ae41e4649b934ca495991b7852b855	0	progress/R9C/seg2/gates/raw/aggregate_assert_identity.stderr.txt
e3b0c44298fc1c149afbf4c8996fb92427ae41e4649b934ca495991b7852b855	0	progress/R9C/seg2/gates/raw/aggregate_assert_identity.stdout.txt
e3b0c44298fc1c149afbf4c8996fb92427ae41e4649b934ca495991b7852b855	0	progress/R9C/seg2/gates/raw/aggregate_assert_inventory.stderr.txt
e3b0c44298fc1c149afbf4c8996fb92427ae41e4649b934ca495991b7852b855	0	progress/R9C/seg2/gates/raw/aggregate_assert_inventory.stdout.txt
e3b0c44298fc1c149afbf4c8996fb92427ae41e4649b934ca495991b7852b855	0	progress/R9C/seg2/gates/raw/aggregate_assert_runtime.stderr.txt
e3b0c44298fc1c149afbf4c8996fb92427ae41e4649b934ca495991b7852b855	0	progress/R9C/seg2/gates/raw/aggregate_assert_runtime.stdout.txt
e3b0c44298fc1c149afbf4c8996fb92427ae41e4649b934ca495991b7852b855	0	progress/R9C/seg2/gates/raw/aggregate_assert_static.stderr.txt
e3b0c44298fc1c149afbf4c8996fb92427ae41e4649b934ca495991b7852b855	0	progress/R9C/seg2/gates/raw/aggregate_assert_static.stdout.txt
9f8fb4c3dfd8114c013102e7817d9cc50990f1f372384b7291d107097ebc1ec7	551	progress/R9C/seg2/gates/raw/armv7l_adapted_ldd.diff
2058462ad54ca4ab194481518efc40b8c6631a56c8d83d2227c6fade7e4c96c7	5417	progress/R9C/seg2/gates/raw/armv7l_adapted_ldd.generated.txt
e3b0c44298fc1c149afbf4c8996fb92427ae41e4649b934ca495991b7852b855	0	progress/R9C/seg2/gates/raw/armv7l_adapted_ldd_diff.stderr.txt
e3b0c44298fc1c149afbf4c8996fb92427ae41e4649b934ca495991b7852b855	0	progress/R9C/seg2/gates/raw/armv7l_adapter_libc__-22.1.8-1.armv7l.rpm.stderr.txt
e3b0c44298fc1c149afbf4c8996fb92427ae41e4649b934ca495991b7852b855	0	progress/R9C/seg2/gates/raw/armv7l_adapter_libc__-22.1.8-1.armv7l.rpm.stdout.txt
e3b0c44298fc1c149afbf4c8996fb92427ae41e4649b934ca495991b7852b855	0	progress/R9C/seg2/gates/raw/armv7l_adapter_libc__-debuginfo-22.1.8-1.armv7l.rpm.stderr.txt
e3b0c44298fc1c149afbf4c8996fb92427ae41e4649b934ca495991b7852b855	0	progress/R9C/seg2/gates/raw/armv7l_adapter_libc__-debuginfo-22.1.8-1.armv7l.rpm.stdout.txt
e3b0c44298fc1c149afbf4c8996fb92427ae41e4649b934ca495991b7852b855	0	progress/R9C/seg2/gates/raw/armv7l_adapter_libc__-devel-22.1.8-1.armv7l.rpm.stderr.txt
e3b0c44298fc1c149afbf4c8996fb92427ae41e4649b934ca495991b7852b855	0	progress/R9C/seg2/gates/raw/armv7l_adapter_libc__-devel-22.1.8-1.armv7l.rpm.stdout.txt
e3b0c44298fc1c149afbf4c8996fb92427ae41e4649b934ca495991b7852b855	0	progress/R9C/seg2/gates/raw/armv7l_adapter_libc__abi-22.1.8-1.armv7l.rpm.stderr.txt
e3b0c44298fc1c149afbf4c8996fb92427ae41e4649b934ca495991b7852b855	0	progress/R9C/seg2/gates/raw/armv7l_adapter_libc__abi-22.1.8-1.armv7l.rpm.stdout.txt
e3b0c44298fc1c149afbf4c8996fb92427ae41e4649b934ca495991b7852b855	0	progress/R9C/seg2/gates/raw/armv7l_adapter_libc__abi-debuginfo-22.1.8-1.armv7l.rpm.stderr.txt
e3b0c44298fc1c149afbf4c8996fb92427ae41e4649b934ca495991b7852b855	0	progress/R9C/seg2/gates/raw/armv7l_adapter_libc__abi-debuginfo-22.1.8-1.armv7l.rpm.stdout.txt
e3b0c44298fc1c149afbf4c8996fb92427ae41e4649b934ca495991b7852b855	0	progress/R9C/seg2/gates/raw/armv7l_adapter_libc__abi-devel-22.1.8-1.armv7l.rpm.stderr.txt
e3b0c44298fc1c149afbf4c8996fb92427ae41e4649b934ca495991b7852b855	0	progress/R9C/seg2/gates/raw/armv7l_adapter_libc__abi-devel-22.1.8-1.armv7l.rpm.stdout.txt
e3b0c44298fc1c149afbf4c8996fb92427ae41e4649b934ca495991b7852b855	0	progress/R9C/seg2/gates/raw/armv7l_adapter_libcxx-runtimes-22.1.8-1.src.rpm.stderr.txt
e3b0c44298fc1c149afbf4c8996fb92427ae41e4649b934ca495991b7852b855	0	progress/R9C/seg2/gates/raw/armv7l_adapter_libcxx-runtimes-22.1.8-1.src.rpm.stdout.txt
e3b0c44298fc1c149afbf4c8996fb92427ae41e4649b934ca495991b7852b855	0	progress/R9C/seg2/gates/raw/armv7l_adapter_libcxx-runtimes-debugsource-22.1.8-1.armv7l.rpm.stderr.txt
e3b0c44298fc1c149afbf4c8996fb92427ae41e4649b934ca495991b7852b855	0	progress/R9C/seg2/gates/raw/armv7l_adapter_libcxx-runtimes-debugsource-22.1.8-1.armv7l.rpm.stdout.txt
e3b0c44298fc1c149afbf4c8996fb92427ae41e4649b934ca495991b7852b855	0	progress/R9C/seg2/gates/raw/armv7l_assert_adapter.stderr.txt
e3b0c44298fc1c149afbf4c8996fb92427ae41e4649b934ca495991b7852b855	0	progress/R9C/seg2/gates/raw/armv7l_assert_adapter.stdout.txt
e3b0c44298fc1c149afbf4c8996fb92427ae41e4649b934ca495991b7852b855	0	progress/R9C/seg2/gates/raw/armv7l_assert_bind_now.stderr.txt
e3b0c44298fc1c149afbf4c8996fb92427ae41e4649b934ca495991b7852b855	0	progress/R9C/seg2/gates/raw/armv7l_assert_bind_now.stdout.txt
e3b0c44298fc1c149afbf4c8996fb92427ae41e4649b934ca495991b7852b855	0	progress/R9C/seg2/gates/raw/armv7l_assert_direct_needed.stderr.txt
e3b0c44298fc1c149afbf4c8996fb92427ae41e4649b934ca495991b7852b855	0	progress/R9C/seg2/gates/raw/armv7l_assert_direct_needed.stdout.txt
e3b0c44298fc1c149afbf4c8996fb92427ae41e4649b934ca495991b7852b855	0	progress/R9C/seg2/gates/raw/armv7l_assert_elf_machine.stderr.txt
e3b0c44298fc1c149afbf4c8996fb92427ae41e4649b934ca495991b7852b855	0	progress/R9C/seg2/gates/raw/armv7l_assert_elf_machine.stdout.txt
e3b0c44298fc1c149afbf4c8996fb92427ae41e4649b934ca495991b7852b855	0	progress/R9C/seg2/gates/raw/armv7l_assert_header_layout.stderr.txt
e3b0c44298fc1c149afbf4c8996fb92427ae41e4649b934ca495991b7852b855	0	progress/R9C/seg2/gates/raw/armv7l_assert_header_layout.stdout.txt
e3b0c44298fc1c149afbf4c8996fb92427ae41e4649b934ca495991b7852b855	0	progress/R9C/seg2/gates/raw/armv7l_assert_provider_family.stderr.txt
e3b0c44298fc1c149afbf4c8996fb92427ae41e4649b934ca495991b7852b855	0	progress/R9C/seg2/gates/raw/armv7l_assert_provider_family.stdout.txt
e3b0c44298fc1c149afbf4c8996fb92427ae41e4649b934ca495991b7852b855	0	progress/R9C/seg2/gates/raw/armv7l_assert_rpm_set.stderr.txt
e3b0c44298fc1c149afbf4c8996fb92427ae41e4649b934ca495991b7852b855	0	progress/R9C/seg2/gates/raw/armv7l_assert_rpm_set.stdout.txt
e3b0c44298fc1c149afbf4c8996fb92427ae41e4649b934ca495991b7852b855	0	progress/R9C/seg2/gates/raw/armv7l_assert_runtime_root.stderr.txt
e3b0c44298fc1c149afbf4c8996fb92427ae41e4649b934ca495991b7852b855	0	progress/R9C/seg2/gates/raw/armv7l_assert_runtime_root.stdout.txt
e3b0c44298fc1c149afbf4c8996fb92427ae41e4649b934ca495991b7852b855	0	progress/R9C/seg2/gates/raw/armv7l_assert_single_ldd_adaptation.stderr.txt
e3b0c44298fc1c149afbf4c8996fb92427ae41e4649b934ca495991b7852b855	0	progress/R9C/seg2/gates/raw/armv7l_assert_single_ldd_adaptation.stdout.txt
e3b0c44298fc1c149afbf4c8996fb92427ae41e4649b934ca495991b7852b855	0	progress/R9C/seg2/gates/raw/armv7l_assert_version_libcxx.stderr.txt
e3b0c44298fc1c149afbf4c8996fb92427ae41e4649b934ca495991b7852b855	0	progress/R9C/seg2/gates/raw/armv7l_assert_version_libcxx.stdout.txt
e3b0c44298fc1c149afbf4c8996fb92427ae41e4649b934ca495991b7852b855	0	progress/R9C/seg2/gates/raw/armv7l_assert_version_libcxxabi.stderr.txt
e3b0c44298fc1c149afbf4c8996fb92427ae41e4649b934ca495991b7852b855	0	progress/R9C/seg2/gates/raw/armv7l_assert_version_libcxxabi.stdout.txt
e3b0c44298fc1c149afbf4c8996fb92427ae41e4649b934ca495991b7852b855	0	progress/R9C/seg2/gates/raw/armv7l_carrier_create.stderr.txt
e3b0c44298fc1c149afbf4c8996fb92427ae41e4649b934ca495991b7852b855	0	progress/R9C/seg2/gates/raw/armv7l_carrier_create.stdout.txt
e3b0c44298fc1c149afbf4c8996fb92427ae41e4649b934ca495991b7852b855	0	progress/R9C/seg2/gates/raw/armv7l_carrier_probe.stderr.txt
e3b0c44298fc1c149afbf4c8996fb92427ae41e4649b934ca495991b7852b855	0	progress/R9C/seg2/gates/raw/armv7l_carrier_probe.stdout.txt
e3b0c44298fc1c149afbf4c8996fb92427ae41e4649b934ca495991b7852b855	0	progress/R9C/seg2/gates/raw/armv7l_compile_static_rtld_wrapper.stderr.txt
e3b0c44298fc1c149afbf4c8996fb92427ae41e4649b934ca495991b7852b855	0	progress/R9C/seg2/gates/raw/armv7l_compile_static_rtld_wrapper.stdout.txt
e3b0c44298fc1c149afbf4c8996fb92427ae41e4649b934ca495991b7852b855	0	progress/R9C/seg2/gates/raw/armv7l_create_adapted_ldd.stderr.txt
e3b0c44298fc1c149afbf4c8996fb92427ae41e4649b934ca495991b7852b855	0	progress/R9C/seg2/gates/raw/armv7l_explicit_qemu_ldd_r_libcxx.stderr.txt
e3b0c44298fc1c149afbf4c8996fb92427ae41e4649b934ca495991b7852b855	0	progress/R9C/seg2/gates/raw/armv7l_explicit_qemu_ldd_r_libcxxabi.stderr.txt
e3b0c44298fc1c149afbf4c8996fb92427ae41e4649b934ca495991b7852b855	0	progress/R9C/seg2/gates/raw/armv7l_frozen_static_tool.stderr.txt
e3b0c44298fc1c149afbf4c8996fb92427ae41e4649b934ca495991b7852b855	0	progress/R9C/seg2/gates/raw/armv7l_frozen_static_tool.stdout.txt
e3b0c44298fc1c149afbf4c8996fb92427ae41e4649b934ca495991b7852b855	0	progress/R9C/seg2/gates/raw/armv7l_header_file_list.stderr.txt
e3b0c44298fc1c149afbf4c8996fb92427ae41e4649b934ca495991b7852b855	0	progress/R9C/seg2/gates/raw/armv7l_libc__.so.1.0_assert_dwarf_producer.stderr.txt
e3b0c44298fc1c149afbf4c8996fb92427ae41e4649b934ca495991b7852b855	0	progress/R9C/seg2/gates/raw/armv7l_libc__.so.1.0_assert_dwarf_producer.stdout.txt
e3b0c44298fc1c149afbf4c8996fb92427ae41e4649b934ca495991b7852b855	0	progress/R9C/seg2/gates/raw/armv7l_libc__.so.1.0_dwarf_producer.stderr.txt
e3b0c44298fc1c149afbf4c8996fb92427ae41e4649b934ca495991b7852b855	0	progress/R9C/seg2/gates/raw/armv7l_libc__.so.1.0_dwarf_registered_criterion.stderr.txt
e3b0c44298fc1c149afbf4c8996fb92427ae41e4649b934ca495991b7852b855	0	progress/R9C/seg2/gates/raw/armv7l_libc__.so.1.0_dwarf_registered_criterion.stdout.txt
8f161f9112fc920fd6c51efedb4b83a50f923b48a881a64e538fd0dc6a1bc438	117	progress/R9C/seg2/gates/raw/armv7l_libc___debug_extract.stderr.txt
e3b0c44298fc1c149afbf4c8996fb92427ae41e4649b934ca495991b7852b855	0	progress/R9C/seg2/gates/raw/armv7l_libc___debug_extract.stdout.txt
e3b0c44298fc1c149afbf4c8996fb92427ae41e4649b934ca495991b7852b855	0	progress/R9C/seg2/gates/raw/armv7l_libc__abi.so.1.0_assert_dwarf_producer.stderr.txt
e3b0c44298fc1c149afbf4c8996fb92427ae41e4649b934ca495991b7852b855	0	progress/R9C/seg2/gates/raw/armv7l_libc__abi.so.1.0_assert_dwarf_producer.stdout.txt
e3b0c44298fc1c149afbf4c8996fb92427ae41e4649b934ca495991b7852b855	0	progress/R9C/seg2/gates/raw/armv7l_libc__abi.so.1.0_dwarf_producer.stderr.txt
e3b0c44298fc1c149afbf4c8996fb92427ae41e4649b934ca495991b7852b855	0	progress/R9C/seg2/gates/raw/armv7l_libc__abi.so.1.0_dwarf_registered_criterion.stderr.txt
e3b0c44298fc1c149afbf4c8996fb92427ae41e4649b934ca495991b7852b855	0	progress/R9C/seg2/gates/raw/armv7l_libc__abi.so.1.0_dwarf_registered_criterion.stdout.txt
309817913d15d2c6e61fb04b8cbd0cb9b261b6e44ddc1ae8eeb5ca18da1e3d74	119	progress/R9C/seg2/gates/raw/armv7l_libc__abi_debug_extract.stderr.txt
e3b0c44298fc1c149afbf4c8996fb92427ae41e4649b934ca495991b7852b855	0	progress/R9C/seg2/gates/raw/armv7l_libc__abi_debug_extract.stdout.txt
c4cb7a7ca204e0b35eed2b1851a7a17169e713d5691f455b6152cd3eff8c8795	27	progress/R9C/seg2/gates/raw/armv7l_old_runtime_gate_tool.stderr.txt
e3b0c44298fc1c149afbf4c8996fb92427ae41e4649b934ca495991b7852b855	0	progress/R9C/seg2/gates/raw/armv7l_old_runtime_gate_tool.stdout.txt
e3b0c44298fc1c149afbf4c8996fb92427ae41e4649b934ca495991b7852b855	0	progress/R9C/seg2/gates/raw/armv7l_wrapper_identity.stderr.txt
9b55673702a7d9bf8ed2cf1137a087959ec3eded6ad53523f1b3fec29b8847ba	896	progress/R9C/seg2/gates/raw/armv7l_wrapper_identity.stdout.txt
e3b0c44298fc1c149afbf4c8996fb92427ae41e4649b934ca495991b7852b855	0	progress/R9C/seg2/gates/raw/armv7l_write_adapted_ldd.stderr.txt
e3b0c44298fc1c149afbf4c8996fb92427ae41e4649b934ca495991b7852b855	0	progress/R9C/seg2/gates/raw/armv7l_write_adapted_ldd.stdout.txt
e3b0c44298fc1c149afbf4c8996fb92427ae41e4649b934ca495991b7852b855	0	progress/R9C/seg2/gates/raw/assert_final_static_results.stderr.txt
e3b0c44298fc1c149afbf4c8996fb92427ae41e4649b934ca495991b7852b855	0	progress/R9C/seg2/gates/raw/assert_final_static_results.stdout.txt
e3b0c44298fc1c149afbf4c8996fb92427ae41e4649b934ca495991b7852b855	0	progress/R9C/seg2/gates/raw/assert_frozen_tool_identity.stderr.txt
992530ab5b1dc7b7d1d147e1abe8231d61943761f30ea8958f7f3e9ebad09ccd	9036	progress/R9C/seg2/gates/raw/assert_frozen_tool_identity.stdout.txt
e3b0c44298fc1c149afbf4c8996fb92427ae41e4649b934ca495991b7852b855	0	progress/R9C/seg2/gates/raw/assert_original_failure_scope.stderr.txt
e3b0c44298fc1c149afbf4c8996fb92427ae41e4649b934ca495991b7852b855	0	progress/R9C/seg2/gates/raw/assert_original_failure_scope.stdout.txt
e3b0c44298fc1c149afbf4c8996fb92427ae41e4649b934ca495991b7852b855	0	progress/R9C/seg2/gates/raw/assert_p04_evidence.stderr.txt
e3b0c44298fc1c149afbf4c8996fb92427ae41e4649b934ca495991b7852b855	0	progress/R9C/seg2/gates/raw/assert_p04_evidence.stdout.txt
e3b0c44298fc1c149afbf4c8996fb92427ae41e4649b934ca495991b7852b855	0	progress/R9C/seg2/gates/raw/frozen_tool_identity.stderr.txt
799bb326429b1027b31120ea65c9bd5d7693228d9532fc65f0a71b52334000c1	145	progress/R9C/seg2/gates/raw/frozen_tool_identity.stdout.txt
e3b0c44298fc1c149afbf4c8996fb92427ae41e4649b934ca495991b7852b855	0	progress/R9C/seg2/gates/raw/old_runtime_tool_sha.stderr.txt
e3b0c44298fc1c149afbf4c8996fb92427ae41e4649b934ca495991b7852b855	0	progress/R9C/seg2/gates/raw/qemu_carrier_inventory.stderr.txt
e3b0c44298fc1c149afbf4c8996fb92427ae41e4649b934ca495991b7852b855	0	progress/R9C/seg2/gates/raw/static_tmp_create.stderr.txt
e3b0c44298fc1c149afbf4c8996fb92427ae41e4649b934ca495991b7852b855	0	progress/R9C/seg2/gates/raw/static_tmp_create.stdout.txt
e3b0c44298fc1c149afbf4c8996fb92427ae41e4649b934ca495991b7852b855	0	progress/R9C/seg2/gates/raw/static_tmp_fresh.stderr.txt
e3b0c44298fc1c149afbf4c8996fb92427ae41e4649b934ca495991b7852b855	0	progress/R9C/seg2/gates/raw/static_tmp_fresh.stdout.txt
e3b0c44298fc1c149afbf4c8996fb92427ae41e4649b934ca495991b7852b855	0	progress/R9C/seg2/gates/raw/x86_64_adapter_libc__-22.1.8-1.x86_64.rpm.stderr.txt
e3b0c44298fc1c149afbf4c8996fb92427ae41e4649b934ca495991b7852b855	0	progress/R9C/seg2/gates/raw/x86_64_adapter_libc__-22.1.8-1.x86_64.rpm.stdout.txt
e3b0c44298fc1c149afbf4c8996fb92427ae41e4649b934ca495991b7852b855	0	progress/R9C/seg2/gates/raw/x86_64_adapter_libc__-debuginfo-22.1.8-1.x86_64.rpm.stderr.txt
e3b0c44298fc1c149afbf4c8996fb92427ae41e4649b934ca495991b7852b855	0	progress/R9C/seg2/gates/raw/x86_64_adapter_libc__-debuginfo-22.1.8-1.x86_64.rpm.stdout.txt
e3b0c44298fc1c149afbf4c8996fb92427ae41e4649b934ca495991b7852b855	0	progress/R9C/seg2/gates/raw/x86_64_adapter_libc__-devel-22.1.8-1.x86_64.rpm.stderr.txt
e3b0c44298fc1c149afbf4c8996fb92427ae41e4649b934ca495991b7852b855	0	progress/R9C/seg2/gates/raw/x86_64_adapter_libc__-devel-22.1.8-1.x86_64.rpm.stdout.txt
e3b0c44298fc1c149afbf4c8996fb92427ae41e4649b934ca495991b7852b855	0	progress/R9C/seg2/gates/raw/x86_64_adapter_libc__abi-22.1.8-1.x86_64.rpm.stderr.txt
e3b0c44298fc1c149afbf4c8996fb92427ae41e4649b934ca495991b7852b855	0	progress/R9C/seg2/gates/raw/x86_64_adapter_libc__abi-22.1.8-1.x86_64.rpm.stdout.txt
e3b0c44298fc1c149afbf4c8996fb92427ae41e4649b934ca495991b7852b855	0	progress/R9C/seg2/gates/raw/x86_64_adapter_libc__abi-debuginfo-22.1.8-1.x86_64.rpm.stderr.txt
e3b0c44298fc1c149afbf4c8996fb92427ae41e4649b934ca495991b7852b855	0	progress/R9C/seg2/gates/raw/x86_64_adapter_libc__abi-debuginfo-22.1.8-1.x86_64.rpm.stdout.txt
e3b0c44298fc1c149afbf4c8996fb92427ae41e4649b934ca495991b7852b855	0	progress/R9C/seg2/gates/raw/x86_64_adapter_libc__abi-devel-22.1.8-1.x86_64.rpm.stderr.txt
e3b0c44298fc1c149afbf4c8996fb92427ae41e4649b934ca495991b7852b855	0	progress/R9C/seg2/gates/raw/x86_64_adapter_libc__abi-devel-22.1.8-1.x86_64.rpm.stdout.txt
e3b0c44298fc1c149afbf4c8996fb92427ae41e4649b934ca495991b7852b855	0	progress/R9C/seg2/gates/raw/x86_64_adapter_libcxx-runtimes-22.1.8-1.src.rpm.stderr.txt
e3b0c44298fc1c149afbf4c8996fb92427ae41e4649b934ca495991b7852b855	0	progress/R9C/seg2/gates/raw/x86_64_adapter_libcxx-runtimes-22.1.8-1.src.rpm.stdout.txt
e3b0c44298fc1c149afbf4c8996fb92427ae41e4649b934ca495991b7852b855	0	progress/R9C/seg2/gates/raw/x86_64_adapter_libcxx-runtimes-debugsource-22.1.8-1.x86_64.rpm.stderr.txt
e3b0c44298fc1c149afbf4c8996fb92427ae41e4649b934ca495991b7852b855	0	progress/R9C/seg2/gates/raw/x86_64_adapter_libcxx-runtimes-debugsource-22.1.8-1.x86_64.rpm.stdout.txt
e3b0c44298fc1c149afbf4c8996fb92427ae41e4649b934ca495991b7852b855	0	progress/R9C/seg2/gates/raw/x86_64_assert_adapter.stderr.txt
e3b0c44298fc1c149afbf4c8996fb92427ae41e4649b934ca495991b7852b855	0	progress/R9C/seg2/gates/raw/x86_64_assert_adapter.stdout.txt
e3b0c44298fc1c149afbf4c8996fb92427ae41e4649b934ca495991b7852b855	0	progress/R9C/seg2/gates/raw/x86_64_assert_bind_now.stderr.txt
e3b0c44298fc1c149afbf4c8996fb92427ae41e4649b934ca495991b7852b855	0	progress/R9C/seg2/gates/raw/x86_64_assert_bind_now.stdout.txt
e3b0c44298fc1c149afbf4c8996fb92427ae41e4649b934ca495991b7852b855	0	progress/R9C/seg2/gates/raw/x86_64_assert_direct_needed.stderr.txt
e3b0c44298fc1c149afbf4c8996fb92427ae41e4649b934ca495991b7852b855	0	progress/R9C/seg2/gates/raw/x86_64_assert_direct_needed.stdout.txt
e3b0c44298fc1c149afbf4c8996fb92427ae41e4649b934ca495991b7852b855	0	progress/R9C/seg2/gates/raw/x86_64_assert_elf_machine.stderr.txt
e3b0c44298fc1c149afbf4c8996fb92427ae41e4649b934ca495991b7852b855	0	progress/R9C/seg2/gates/raw/x86_64_assert_elf_machine.stdout.txt
e3b0c44298fc1c149afbf4c8996fb92427ae41e4649b934ca495991b7852b855	0	progress/R9C/seg2/gates/raw/x86_64_assert_header_layout.stderr.txt
e3b0c44298fc1c149afbf4c8996fb92427ae41e4649b934ca495991b7852b855	0	progress/R9C/seg2/gates/raw/x86_64_assert_header_layout.stdout.txt
e3b0c44298fc1c149afbf4c8996fb92427ae41e4649b934ca495991b7852b855	0	progress/R9C/seg2/gates/raw/x86_64_assert_native_ldd.stderr.txt
e3b0c44298fc1c149afbf4c8996fb92427ae41e4649b934ca495991b7852b855	0	progress/R9C/seg2/gates/raw/x86_64_assert_native_ldd.stdout.txt
e3b0c44298fc1c149afbf4c8996fb92427ae41e4649b934ca495991b7852b855	0	progress/R9C/seg2/gates/raw/x86_64_assert_provider_family.stderr.txt
e3b0c44298fc1c149afbf4c8996fb92427ae41e4649b934ca495991b7852b855	0	progress/R9C/seg2/gates/raw/x86_64_assert_provider_family.stdout.txt
e3b0c44298fc1c149afbf4c8996fb92427ae41e4649b934ca495991b7852b855	0	progress/R9C/seg2/gates/raw/x86_64_assert_rpm_set.stderr.txt
e3b0c44298fc1c149afbf4c8996fb92427ae41e4649b934ca495991b7852b855	0	progress/R9C/seg2/gates/raw/x86_64_assert_rpm_set.stdout.txt
e3b0c44298fc1c149afbf4c8996fb92427ae41e4649b934ca495991b7852b855	0	progress/R9C/seg2/gates/raw/x86_64_assert_runtime_root.stderr.txt
e3b0c44298fc1c149afbf4c8996fb92427ae41e4649b934ca495991b7852b855	0	progress/R9C/seg2/gates/raw/x86_64_assert_runtime_root.stdout.txt
e3b0c44298fc1c149afbf4c8996fb92427ae41e4649b934ca495991b7852b855	0	progress/R9C/seg2/gates/raw/x86_64_assert_version_libcxx.stderr.txt
e3b0c44298fc1c149afbf4c8996fb92427ae41e4649b934ca495991b7852b855	0	progress/R9C/seg2/gates/raw/x86_64_assert_version_libcxx.stdout.txt
e3b0c44298fc1c149afbf4c8996fb92427ae41e4649b934ca495991b7852b855	0	progress/R9C/seg2/gates/raw/x86_64_assert_version_libcxxabi.stderr.txt
e3b0c44298fc1c149afbf4c8996fb92427ae41e4649b934ca495991b7852b855	0	progress/R9C/seg2/gates/raw/x86_64_assert_version_libcxxabi.stdout.txt
e3b0c44298fc1c149afbf4c8996fb92427ae41e4649b934ca495991b7852b855	0	progress/R9C/seg2/gates/raw/x86_64_carrier_create.stderr.txt
e3b0c44298fc1c149afbf4c8996fb92427ae41e4649b934ca495991b7852b855	0	progress/R9C/seg2/gates/raw/x86_64_carrier_create.stdout.txt
e3b0c44298fc1c149afbf4c8996fb92427ae41e4649b934ca495991b7852b855	0	progress/R9C/seg2/gates/raw/x86_64_carrier_probe.stderr.txt
e3b0c44298fc1c149afbf4c8996fb92427ae41e4649b934ca495991b7852b855	0	progress/R9C/seg2/gates/raw/x86_64_carrier_probe.stdout.txt
e3b0c44298fc1c149afbf4c8996fb92427ae41e4649b934ca495991b7852b855	0	progress/R9C/seg2/gates/raw/x86_64_frozen_static_tool.stderr.txt
e3b0c44298fc1c149afbf4c8996fb92427ae41e4649b934ca495991b7852b855	0	progress/R9C/seg2/gates/raw/x86_64_frozen_static_tool.stdout.txt
e3b0c44298fc1c149afbf4c8996fb92427ae41e4649b934ca495991b7852b855	0	progress/R9C/seg2/gates/raw/x86_64_header_file_list.stderr.txt
e3b0c44298fc1c149afbf4c8996fb92427ae41e4649b934ca495991b7852b855	0	progress/R9C/seg2/gates/raw/x86_64_libc__.so.1.0_assert_dwarf_producer.stderr.txt
e3b0c44298fc1c149afbf4c8996fb92427ae41e4649b934ca495991b7852b855	0	progress/R9C/seg2/gates/raw/x86_64_libc__.so.1.0_assert_dwarf_producer.stdout.txt
e3b0c44298fc1c149afbf4c8996fb92427ae41e4649b934ca495991b7852b855	0	progress/R9C/seg2/gates/raw/x86_64_libc__.so.1.0_dwarf_producer.stderr.txt
e3b0c44298fc1c149afbf4c8996fb92427ae41e4649b934ca495991b7852b855	0	progress/R9C/seg2/gates/raw/x86_64_libc__.so.1.0_dwarf_registered_criterion.stderr.txt
e3b0c44298fc1c149afbf4c8996fb92427ae41e4649b934ca495991b7852b855	0	progress/R9C/seg2/gates/raw/x86_64_libc__.so.1.0_dwarf_registered_criterion.stdout.txt
24d4ed230bddfff5729d07c88cba96f77bfb28b4a69b73a8160d8a4082329139	121	progress/R9C/seg2/gates/raw/x86_64_libc___debug_extract.stderr.txt
e3b0c44298fc1c149afbf4c8996fb92427ae41e4649b934ca495991b7852b855	0	progress/R9C/seg2/gates/raw/x86_64_libc___debug_extract.stdout.txt
e3b0c44298fc1c149afbf4c8996fb92427ae41e4649b934ca495991b7852b855	0	progress/R9C/seg2/gates/raw/x86_64_libc__abi.so.1.0_assert_dwarf_producer.stderr.txt
e3b0c44298fc1c149afbf4c8996fb92427ae41e4649b934ca495991b7852b855	0	progress/R9C/seg2/gates/raw/x86_64_libc__abi.so.1.0_assert_dwarf_producer.stdout.txt
e3b0c44298fc1c149afbf4c8996fb92427ae41e4649b934ca495991b7852b855	0	progress/R9C/seg2/gates/raw/x86_64_libc__abi.so.1.0_dwarf_producer.stderr.txt
e3b0c44298fc1c149afbf4c8996fb92427ae41e4649b934ca495991b7852b855	0	progress/R9C/seg2/gates/raw/x86_64_libc__abi.so.1.0_dwarf_registered_criterion.stderr.txt
e3b0c44298fc1c149afbf4c8996fb92427ae41e4649b934ca495991b7852b855	0	progress/R9C/seg2/gates/raw/x86_64_libc__abi.so.1.0_dwarf_registered_criterion.stdout.txt
98fec7f0452795cf3791962aab32cd028baba7b2a5e7c62e82a9d258e9bf05e4	123	progress/R9C/seg2/gates/raw/x86_64_libc__abi_debug_extract.stderr.txt
e3b0c44298fc1c149afbf4c8996fb92427ae41e4649b934ca495991b7852b855	0	progress/R9C/seg2/gates/raw/x86_64_libc__abi_debug_extract.stdout.txt
c4cb7a7ca204e0b35eed2b1851a7a17169e713d5691f455b6152cd3eff8c8795	27	progress/R9C/seg2/gates/raw/x86_64_old_runtime_gate_tool.stderr.txt
e3b0c44298fc1c149afbf4c8996fb92427ae41e4649b934ca495991b7852b855	0	progress/R9C/seg2/gates/raw/x86_64_old_runtime_gate_tool.stdout.txt
4c84f8fa081f65735322cef87946dd487f4892a7d5336f91962146a7a319a192	40	progress/R9C/seg2/gates/runtime_carrier.status
fd429f95dab8eccce5516fad35231101b6f179340ecb2e861c40b966318177ba	198	progress/R9C/seg2/gates/runtime_carrier.tsv
4cea91602b3e6335d9f4495f684a584679c1db9d3769e1a92ff2cb68ec96c472	125	progress/R9C/seg2/gates/static_gate.status
d7419c6bb23fe0dc20bacbd66cab4cbacb7f1dfa3a385250daf0f579c3c609cf	538	progress/R9C/seg2/gates/static_gate_results.final.tsv
deec02c7319795dd425b39480b6af3994c756cedef839a25d72046f618023194	535	progress/R9C/seg2/gates/static_gate_results.tsv
39232dd48b1d2fba18ca9cab4e42c8997507d9b061ddbda640f35b52b7c30d93	3670	progress/R9C/seg2/gates/static_tool_adapter.tsv
a8cb5ff022bb8c34eba676d1f1eff2d52b721954fb748878039d15efdf3235ec	87	progress/R9C/seg2/gates/t4_rerun.status
c941782976bfb2f59185d70608749c680435b1162e1b0a420465346bf61536b9	530	progress/R9C/seg2/gates/three_arch_gate_comparison.tsv
66d532ab46c47ce731a7bd54f86272f844fefa0c46c1326b13e017759dda1c85	232	progress/R9C/seg2/gates/x86_64/static/binding_gate.tsv
5bd47f63a41077ffe630a2066428981337f51fb8418d409eb568f27422ba0015	154	progress/R9C/seg2/gates/x86_64/static/dependency_closure_gate.tsv
7663fe61366053deaccc414393f8b254961770ce3b80196b7217991a5417ff0c	342	progress/R9C/seg2/gates/x86_64/static/direct_needed.tsv
13064722f036634b6625619e68161f3ecbe48fb59368ececda81b2998cb81e09	87	progress/R9C/seg2/gates/x86_64/static/elf_identity.tsv
979212ad5b95f6138f11011b87f42fb73b46e3e74899b216957e256cab395ddc	7960	progress/R9C/seg2/gates/x86_64/static/evidence/fixture_build_and_elf.log
e507fee8b8fb6f93a622562e6e9f9eac3dda6ed719ee132940512f64635a5824	829101	progress/R9C/seg2/gates/x86_64/static/evidence/green_bind.3115072
df1442542ebdb08f2f0e2e2c18a16659d168316ce1adf5cb76503d58d0c2e19c	551	progress/R9C/seg2/gates/x86_64/static/evidence/green_relevant_bindings.log
90a55ea612be0ebc33a644c37581323bf234602aead18b730b9dee114302f195	8	progress/R9C/seg2/gates/x86_64/static/evidence/green_run.log
36c92d7d3c7d4d5c0d9c97132f2d83b07f4e3e896be9bb776ec0ec65c3a68ce8	87865	progress/R9C/seg2/gates/x86_64/static/evidence/header_file_list.log
04c59a88adf0133acf50d8c5fb091c0b44a9a963e28fa97f2fff394cb72594d0	40177	progress/R9C/seg2/gates/x86_64/static/evidence/libc__.so.1.0_dwarf_producer.log
c49c6904b7ffb9d9f3e643c5c8c78dfdce7a95fd9a37e339e74b130c65284222	14313	progress/R9C/seg2/gates/x86_64/static/evidence/libc__abi.so.1.0_dwarf_producer.log
46ef17e1fb32fec5ddbb35ff8285118b80a5afc5fdb73e9cebbf462a5c949e7c	239352	progress/R9C/seg2/gates/x86_64/static/evidence/libcxx.so.1.0_defined_exports.log
a510232f42c0fc85fd126c07d98d71f5e70f2b1863797a2126bf96c6ad7fe3da	1956	progress/R9C/seg2/gates/x86_64/static/evidence/libcxx.so.1.0_dynamic.log
a1585d8ad32c35f46cf740b05d910aa7a2180f023b74df5029a2273c31b5169e	259538	progress/R9C/seg2/gates/x86_64/static/evidence/libcxx.so.1.0_dynsyms.log
39479df051e2d0d2172a8d51a36a4a4fbe9beba490090833dbc83d38e60ae703	959	progress/R9C/seg2/gates/x86_64/static/evidence/libcxx.so.1.0_elf_header.log
9f0a3b48a3de16b9421d140f660bc8a7e7b5938c669f14511a33f7c7106ebd72	44958	progress/R9C/seg2/gates/x86_64/static/evidence/libcxx.so.1.0_version_info.log
c0e26a2249685b9ddb3bb6fb99ca2097a1b2cc2ad8bf5a9fffd3a877f82d4552	31624	progress/R9C/seg2/gates/x86_64/static/evidence/libcxxabi.so.1.0_defined_exports.log
b6a15cbbb5a6200b01fd2c665326172cfafb223de8ff90f8b43ef87dd6d8a645	1879	progress/R9C/seg2/gates/x86_64/static/evidence/libcxxabi.so.1.0_dynamic.log
7752188b0f199b8a777bd3de4f184b2757648315d634dfe23522c7653458a3cb	35008	progress/R9C/seg2/gates/x86_64/static/evidence/libcxxabi.so.1.0_dynsyms.log
bb83c936616552eb9e7772fe7b7391a877adae2ef10f524f7b7dd92d084956f2	958	progress/R9C/seg2/gates/x86_64/static/evidence/libcxxabi.so.1.0_elf_header.log
950c74219e70177590f543f3a99db9c23e37bedd8694d44add9f3421e3eb4a9e	9194	progress/R9C/seg2/gates/x86_64/static/evidence/libcxxabi.so.1.0_version_info.log
195df9debbf35e83b5771cbca0d5a1a3889962fb427f6bcd4ee26f021bf8cd4d	1759	progress/R9C/seg2/gates/x86_64/static/evidence/needed_closure_ldd_r.log
8a57a53b5063a6a1686c7970da0087b977281159785be1b5c865e5ca4044a1f4	447438	progress/R9C/seg2/gates/x86_64/static/evidence/red_bind.3115078
6651bac1fe1c416fb2be3c6d1b6758e502272d110f2f5f6690aae1251b2f6586	439	progress/R9C/seg2/gates/x86_64/static/evidence/red_relevant_bindings.log
90a55ea612be0ebc33a644c37581323bf234602aead18b730b9dee114302f195	8	progress/R9C/seg2/gates/x86_64/static/evidence/red_run.log
1b32a06bb34520659c1c72edd668027aafa3a34dfe84b3ce23f5a1891d3a7ea5	90092	progress/R9C/seg2/gates/x86_64/static/evidence/rpm_extract.log
eef054abd4a85a8d9e251a83f9e4a192358f0de3f81cce7394518bf2ca6d4246	37	progress/R9C/seg2/gates/x86_64/static/evidence/runtime_exit_codes.log
01891f6d805f62fd0949784df5fe5d96ecca647e11b82d29b47f8f58a348fd0e	129	progress/R9C/seg2/gates/x86_64/static/evidence/runtime_library_paths.log
81e18b236df7b9ed8f2e97499c37e79e3857b05cc2099e5aaae1f086691531b9	382821	progress/R9C/seg2/gates/x86_64/static/evidence/runtime_rpm_stage.log
6ed02135488fbeb0771ddbc38b805a92254e51152a962edf65e920e94065116b	407309	progress/R9C/seg2/gates/x86_64/static/evidence/smoke_bind.3115066
6769a94ed661e0ae06760d941ea57730c7a3d04705b6947881a49fbb51a496bb	4958	progress/R9C/seg2/gates/x86_64/static/evidence/smoke_provider_bindings.log
cfd0d9f8e638393d219e029eb4f5fd094ccd7e98c6f5fa1fda99c14f9a6b14e2	14	progress/R9C/seg2/gates/x86_64/static/evidence/smoke_run.log
789ee969f01c2e85cc42def1afad9992ceac8680ccea2b281f149b8250e1e210	1202	progress/R9C/seg2/gates/x86_64/static/rpm_manifest.tsv
2a639a04d9b7b43d49352e89d93a14ca69c8d30fa02888180b13cc658565d270	1446	progress/R9C/seg2/gates/x86_64/static/runtime_fixture_commands.txt
f657b96f88745b5658d94c9eeb5c1bcdb9116123f16254d497ac08f58059da27	180	progress/R9C/seg2/gates/x86_64/static/runtime_fixture_commands.txt.sha256
2f4296c0c6d9bdb2d6b7c690fea67fd694a11fbab6e74a60aca82efe8b8a72e4	107	progress/R9C/seg2/gates/x86_64/static/runtime_smoke.tsv
990d2be05e1e684c69bbd65507e460c3921686c51d0b83ee7e14db3cb7467d24	20	progress/R9C/seg2/gates/x86_64/static/single_at_exports.tsv
990d2be05e1e684c69bbd65507e460c3921686c51d0b83ee7e14db3cb7467d24	20	progress/R9C/seg2/gates/x86_64/static/unversioned_exports.tsv
59edeffe7590b0dafd305d876960524ef49a23c87167f4ce64b3d94c63946e5f	187	progress/R9C/seg2/gates/x86_64/static/versioning_gate.tsv
2f1d5f7a5dbd551b5718e726cbc4fd6774c8f21d1224ec273a35f16acf25a044	4082	progress/R9C/seg2/identity/SOURCE_PROVENANCE.diff
1cd15bdb9889febd85fc9aa44ab2dbedade2c9bf20029679646853b5a8bbaad5	4047	progress/R9C/seg2/identity/SOURCE_PROVENANCE.numbered.txt
e591bf9479aea7b3e9493c10ffef4e0b84ced9aaf2983ea6a03f350166aff573	141	progress/R9C/seg2/identity/SOURCE_PROVENANCE.sha256
d20bb41694a09a3cb25bcf2f93b4d93de27be341a390e703c172effda05a5962	20108	progress/R9C/seg2/identity/config_contents.txt
d47e35dd059180e494d8db1e5d0f0b81dfbc6736e1280bd37d5b3ff455ed3500	264	progress/R9C/seg2/identity/config_sha256.txt
a6caa7f232bbb46cbe46b1441b3fbcf521d2a2e417e325b7e6d4ce8f840431c9	133	progress/R9C/seg2/identity/disk_capacity.txt
c086ac8158ec17661bf32813ce01b7ebe6e45ccea75f1da882e9a32e645def3c	1278	progress/R9C/seg2/identity/frozen_patch_inventory.tsv
f0698d308fc1f911edae64aefe0412e0d7856c0f05a7a186a994db38452f79fd	346	progress/R9C/seg2/identity/identity_selfcheck.status
f4974c55b3c8920e5b0363a86387446967c3eaa8d0f2b6c0f7edf50e1537339b	117	progress/R9C/seg2/identity/inode_capacity.txt
0fec5dea2bf2c5f62a5efc98e413aa492af110d2ec4b882e4d9a3483d5f6a74b	265	progress/R9C/seg2/identity/llvm_identity.txt
8c942ca8472c398ce2b2771db04ed8685e22a46ad398b014e89f9b1625e09074	2620	progress/R9C/seg2/identity/new_artifact_sha256.tsv
bfc43a9b1ca106f523770e4ee8877d28f754a7d0d93be21e40232da9c89d1d33	1168	progress/R9C/seg2/identity/packaging_before_sha256.txt
77fb46cdec8ada5e90434d112e9a2b35a9e9ab56c5847714e1af98e99b295fb4	494	progress/R9C/seg2/identity/platform_vs_local.git_archival.diff
e418f3b46d886c22875387fc9a692f7a780caa8fa49c9a86355afa10e14ce142	136	progress/R9C/seg2/identity/prebuild_single_target_assertion.txt
748a5f8494e6277b46af0e32f9032a54c8f53a4be563941ad099bfa25271ddb3	973	progress/R9C/seg2/identity/preflight_exported_spec_patch_lines.txt
4262cb68194f38e3a11aa48b55a177067f868ee414ea955728018971e6d69b2b	136	progress/R9C/seg2/identity/preflight_local.git_archival.txt
19f758cb76dd09507930866c15f3728dac0996388b54f57cd6df3d9d3c986ed1	1020	progress/R9C/seg2/identity/preflight_patch_inventory.tsv
b613f1c77426b063c57221fc92b1c3d2d7eb667985cc3e26c860d391e70e0b15	241	progress/R9C/seg2/identity/preflight_source0_sha256.txt
bacd496480090ec146ab5e5fb6ffcb444063d8e5239e4f329d46578bd1afa8f2	156	progress/R9C/seg2/identity/preflight_source_export_dir.txt
074f998ab93e1e2b995b3bc871e0b610ff8c038cc358fea8403b6d0d996e1e2d	119	progress/R9C/seg2/identity/project_identity.txt
c086ac8158ec17661bf32813ce01b7ebe6e45ccea75f1da882e9a32e645def3c	1278	progress/R9C/seg2/identity/provenance_patch_inventory.tsv
e3b0c44298fc1c149afbf4c8996fb92427ae41e4649b934ca495991b7852b855	0	progress/R9C/seg2/identity/provenance_vs_frozen_patch_inventory.diff
2fca12846fe41a97a993687b9f1399476dfc545ce4b60e537e7aed9df841721c	527	progress/R9C/seg2/identity/segment1_verdict.txt
cb47bcd0c4c567a639801f72e99ef8be22356d57546076d6cddfce65181dc7c8	245	progress/R9C/seg2/identity/source0_anchor_recheck.txt
f9cf8ffc3c8ccb93c03da7b1e164c3a3abd39f54a38eac8cc77ce0151f3b6bb9	993	progress/R9C/seg2/identity/srpm_patch_inventory.aarch64.tsv
f9cf8ffc3c8ccb93c03da7b1e164c3a3abd39f54a38eac8cc77ce0151f3b6bb9	993	progress/R9C/seg2/identity/srpm_patch_inventory.armv7l.tsv
a909c9de65503b6de7258d64132d2928164c8736e54e6435701615ac900517d9	3151	progress/R9C/seg2/identity/srpm_patch_inventory.tsv
f9cf8ffc3c8ccb93c03da7b1e164c3a3abd39f54a38eac8cc77ce0151f3b6bb9	993	progress/R9C/seg2/identity/srpm_patch_inventory.x86_64.tsv
84c06594b8836817667ecd23f5441f13b5a20c67aef82aef5e9ad65db4ef758c	1217	progress/R9C/seg2/identity/srpm_payload_manifest.aarch64.tsv
84c06594b8836817667ecd23f5441f13b5a20c67aef82aef5e9ad65db4ef758c	1217	progress/R9C/seg2/identity/srpm_payload_manifest.armv7l.tsv
84c06594b8836817667ecd23f5441f13b5a20c67aef82aef5e9ad65db4ef758c	1217	progress/R9C/seg2/identity/srpm_payload_manifest.x86_64.tsv
bd6a1452f265e3075ff83260fe40dbca1e407025456eecfc0138f16bb3e1f0a2	774	progress/R9C/seg2/identity/srpm_source_identity.tsv
59bf35e9569176f971f194dca1860099fd818e2f6a374b2ea8e98da331394111	4543	progress/R9C/seg2/identity/t4_gate_inventory.tsv
d7921f9b2f677e2d4ae922b0ff95be5d2e836242ff6761995d0a2cca91b9dadd	294	progress/R9C/seg2/identity/t4_tool_sha256.txt
b8e8653f1e399404eaffcbfca8b8f908c7d58ce231590092358236e17fab3bf5	607	progress/R9C/seg2/identity/upstream_tag_identity.txt
fee24cc71c3ccdcd907947c075fe08c8611cfed7c60af09e5ba77b9dbc067042	851	progress/R9C/seg2/identity/worktree_packaging_sha256.txt
cd2b9cdbdf7a6f39d756c6f12a7731c7da3484e329e57f19826752e2c71f975b	323	progress/R9C/seg2/identity/worktree_status.txt
cd2b9cdbdf7a6f39d756c6f12a7731c7da3484e329e57f19826752e2c71f975b	323	progress/R9C/seg2/identity/worktree_status_after_preflight.txt
a944be6e9420c9cd0fc6f8d491ccfd07056b65676a11d3e5a16a680c4ff497e4	68	progress/R9C/seg2/preflight.status
5b8f9c187ed56ab68fccfac675f97f1d6dbb7af46c2b7eea481b698eff7eee68	5418	progress/R9C/seg2/probes/ldd.aarch64.qemu-static
2058462ad54ca4ab194481518efc40b8c6631a56c8d83d2227c6fade7e4c96c7	5417	progress/R9C/seg2/probes/ldd.armv7l.qemu-static
531d50c4960c4457093f88f03ac8f90ac6426bba888c66e32c6c7d45cdcaa189	1500	progress/R9C/seg2/probes/rtld_aarch64_qemu_wrapper.c
e6b13a3d752ae696619fc793268810998af93b45381319ab8ebd129a4d53db5a	1469	progress/R9C/seg2/probes/rtld_armv7l_qemu_wrapper.c
c0cac4bcbadd5dbc302abf22f98ed919abcdac6939fe57964c2b8021d9658cae	1171	progress/R9C/seg2/provenance_revision.tsv
2543ae08c6df91ed8d308c34f6159ab022d3a965e00edb29a58ecdef8e0a5c61	96	progress/R9C/seg2/raw/aarch64_archive_binary_rpms.stderr.txt
e3b0c44298fc1c149afbf4c8996fb92427ae41e4649b934ca495991b7852b855	0	progress/R9C/seg2/raw/aarch64_archive_binary_rpms.stdout.txt
2543ae08c6df91ed8d308c34f6159ab022d3a965e00edb29a58ecdef8e0a5c61	96	progress/R9C/seg2/raw/aarch64_archive_buildconf.stderr.txt
e3b0c44298fc1c149afbf4c8996fb92427ae41e4649b934ca495991b7852b855	0	progress/R9C/seg2/raw/aarch64_archive_buildconf.stdout.txt
2543ae08c6df91ed8d308c34f6159ab022d3a965e00edb29a58ecdef8e0a5c61	96	progress/R9C/seg2/raw/aarch64_archive_gbs_conf.stderr.txt
e3b0c44298fc1c149afbf4c8996fb92427ae41e4649b934ca495991b7852b855	0	progress/R9C/seg2/raw/aarch64_archive_gbs_conf.stdout.txt
2543ae08c6df91ed8d308c34f6159ab022d3a965e00edb29a58ecdef8e0a5c61	96	progress/R9C/seg2/raw/aarch64_archive_source_rpm.stderr.txt
e3b0c44298fc1c149afbf4c8996fb92427ae41e4649b934ca495991b7852b855	0	progress/R9C/seg2/raw/aarch64_archive_source_rpm.stdout.txt
e3b0c44298fc1c149afbf4c8996fb92427ae41e4649b934ca495991b7852b855	0	progress/R9C/seg2/raw/aarch64_artifact_sha256.stderr.txt
e3b0c44298fc1c149afbf4c8996fb92427ae41e4649b934ca495991b7852b855	0	progress/R9C/seg2/raw/aarch64_assert_authoritative_source_postbuild.stderr.txt
e3b0c44298fc1c149afbf4c8996fb92427ae41e4649b934ca495991b7852b855	0	progress/R9C/seg2/raw/aarch64_assert_authoritative_source_postbuild.stdout.txt
e3b0c44298fc1c149afbf4c8996fb92427ae41e4649b934ca495991b7852b855	0	progress/R9C/seg2/raw/aarch64_assert_build_success.stderr.txt
e3b0c44298fc1c149afbf4c8996fb92427ae41e4649b934ca495991b7852b855	0	progress/R9C/seg2/raw/aarch64_assert_build_success.stdout.txt
e3b0c44298fc1c149afbf4c8996fb92427ae41e4649b934ca495991b7852b855	0	progress/R9C/seg2/raw/aarch64_assert_common_export_preflight.stderr.txt
e3b0c44298fc1c149afbf4c8996fb92427ae41e4649b934ca495991b7852b855	0	progress/R9C/seg2/raw/aarch64_assert_common_export_preflight.stdout.txt
e3b0c44298fc1c149afbf4c8996fb92427ae41e4649b934ca495991b7852b855	0	progress/R9C/seg2/raw/aarch64_assert_fresh_arch_root_and_artifact.stderr.txt
e3b0c44298fc1c149afbf4c8996fb92427ae41e4649b934ca495991b7852b855	0	progress/R9C/seg2/raw/aarch64_assert_fresh_root_and_artifact.stdout.txt
e3b0c44298fc1c149afbf4c8996fb92427ae41e4649b934ca495991b7852b855	0	progress/R9C/seg2/raw/aarch64_assert_frozen_source_and_configs.stderr.txt
e3b0c44298fc1c149afbf4c8996fb92427ae41e4649b934ca495991b7852b855	0	progress/R9C/seg2/raw/aarch64_assert_frozen_source_and_configs.stdout.txt
e3b0c44298fc1c149afbf4c8996fb92427ae41e4649b934ca495991b7852b855	0	progress/R9C/seg2/raw/aarch64_assert_patch_identity.stderr.txt
e3b0c44298fc1c149afbf4c8996fb92427ae41e4649b934ca495991b7852b855	0	progress/R9C/seg2/raw/aarch64_assert_patch_identity.stdout.txt
e3b0c44298fc1c149afbf4c8996fb92427ae41e4649b934ca495991b7852b855	0	progress/R9C/seg2/raw/aarch64_assert_rpm_counts.stderr.txt
e3b0c44298fc1c149afbf4c8996fb92427ae41e4649b934ca495991b7852b855	0	progress/R9C/seg2/raw/aarch64_assert_rpm_counts.stdout.txt
e3b0c44298fc1c149afbf4c8996fb92427ae41e4649b934ca495991b7852b855	0	progress/R9C/seg2/raw/aarch64_assert_single_package_context.stderr.txt
e3b0c44298fc1c149afbf4c8996fb92427ae41e4649b934ca495991b7852b855	0	progress/R9C/seg2/raw/aarch64_assert_single_package_context.stdout.txt
e3b0c44298fc1c149afbf4c8996fb92427ae41e4649b934ca495991b7852b855	0	progress/R9C/seg2/raw/aarch64_assert_single_target_success.stderr.txt
e3b0c44298fc1c149afbf4c8996fb92427ae41e4649b934ca495991b7852b855	0	progress/R9C/seg2/raw/aarch64_assert_single_target_success.stdout.txt
e3b0c44298fc1c149afbf4c8996fb92427ae41e4649b934ca495991b7852b855	0	progress/R9C/seg2/raw/aarch64_assert_source0_anchor.stderr.txt
e3b0c44298fc1c149afbf4c8996fb92427ae41e4649b934ca495991b7852b855	0	progress/R9C/seg2/raw/aarch64_assert_source0_anchor.stdout.txt
e3b0c44298fc1c149afbf4c8996fb92427ae41e4649b934ca495991b7852b855	0	progress/R9C/seg2/raw/aarch64_assert_source_provenance_identity.stderr.txt
e3b0c44298fc1c149afbf4c8996fb92427ae41e4649b934ca495991b7852b855	0	progress/R9C/seg2/raw/aarch64_assert_source_provenance_identity.stdout.txt
e3b0c44298fc1c149afbf4c8996fb92427ae41e4649b934ca495991b7852b855	0	progress/R9C/seg2/raw/aarch64_create_artifact_directory.stderr.txt
e3b0c44298fc1c149afbf4c8996fb92427ae41e4649b934ca495991b7852b855	0	progress/R9C/seg2/raw/aarch64_create_artifact_directory.stdout.txt
e3b0c44298fc1c149afbf4c8996fb92427ae41e4649b934ca495991b7852b855	0	progress/R9C/seg2/raw/aarch64_exported_patch_inventory.stderr.txt
e3b0c44298fc1c149afbf4c8996fb92427ae41e4649b934ca495991b7852b855	0	progress/R9C/seg2/raw/aarch64_exported_source0_sha256.stderr.txt
30f988c50bc0c9b9c219acc9b67bbda9509835c8883463237163029ec90c9253	95	progress/R9C/seg2/raw/aarch64_installed_all_nevra.stderr.txt
e3b0c44298fc1c149afbf4c8996fb92427ae41e4649b934ca495991b7852b855	0	progress/R9C/seg2/raw/aarch64_repository_set.stderr.txt
e3b0c44298fc1c149afbf4c8996fb92427ae41e4649b934ca495991b7852b855	0	progress/R9C/seg2/raw/aarch64_retire_success_root.stderr.txt
e3b0c44298fc1c149afbf4c8996fb92427ae41e4649b934ca495991b7852b855	0	progress/R9C/seg2/raw/aarch64_rpm_identities.stderr.txt
e3b0c44298fc1c149afbf4c8996fb92427ae41e4649b934ca495991b7852b855	0	progress/R9C/seg2/raw/aarch64_target_resolution_evidence.stderr.txt
e3b0c44298fc1c149afbf4c8996fb92427ae41e4649b934ca495991b7852b855	0	progress/R9C/seg2/raw/aarch64_toolchain_nevra.stderr.txt
93d6769e72c0b47893df87875259abc25ffff093d6aa6dbbd96f0e5cce63f776	4385	progress/R9C/seg2/raw/add_detached_worktree.stderr.txt
4c4d51b444d52fd8dafff617d449f66bea209c51738f44c49a98135c259f6081	95	progress/R9C/seg2/raw/add_detached_worktree.stdout.txt
2543ae08c6df91ed8d308c34f6159ab022d3a965e00edb29a58ecdef8e0a5c61	96	progress/R9C/seg2/raw/armv7l_archive_binary_rpms.stderr.txt
e3b0c44298fc1c149afbf4c8996fb92427ae41e4649b934ca495991b7852b855	0	progress/R9C/seg2/raw/armv7l_archive_binary_rpms.stdout.txt
2543ae08c6df91ed8d308c34f6159ab022d3a965e00edb29a58ecdef8e0a5c61	96	progress/R9C/seg2/raw/armv7l_archive_buildconf.stderr.txt
e3b0c44298fc1c149afbf4c8996fb92427ae41e4649b934ca495991b7852b855	0	progress/R9C/seg2/raw/armv7l_archive_buildconf.stdout.txt
2543ae08c6df91ed8d308c34f6159ab022d3a965e00edb29a58ecdef8e0a5c61	96	progress/R9C/seg2/raw/armv7l_archive_gbs_conf.stderr.txt
e3b0c44298fc1c149afbf4c8996fb92427ae41e4649b934ca495991b7852b855	0	progress/R9C/seg2/raw/armv7l_archive_gbs_conf.stdout.txt
2543ae08c6df91ed8d308c34f6159ab022d3a965e00edb29a58ecdef8e0a5c61	96	progress/R9C/seg2/raw/armv7l_archive_source_rpm.stderr.txt
e3b0c44298fc1c149afbf4c8996fb92427ae41e4649b934ca495991b7852b855	0	progress/R9C/seg2/raw/armv7l_archive_source_rpm.stdout.txt
e3b0c44298fc1c149afbf4c8996fb92427ae41e4649b934ca495991b7852b855	0	progress/R9C/seg2/raw/armv7l_artifact_sha256.stderr.txt
e3b0c44298fc1c149afbf4c8996fb92427ae41e4649b934ca495991b7852b855	0	progress/R9C/seg2/raw/armv7l_assert_authoritative_source_postbuild.stderr.txt
e3b0c44298fc1c149afbf4c8996fb92427ae41e4649b934ca495991b7852b855	0	progress/R9C/seg2/raw/armv7l_assert_authoritative_source_postbuild.stdout.txt
e3b0c44298fc1c149afbf4c8996fb92427ae41e4649b934ca495991b7852b855	0	progress/R9C/seg2/raw/armv7l_assert_build_success.stderr.txt
e3b0c44298fc1c149afbf4c8996fb92427ae41e4649b934ca495991b7852b855	0	progress/R9C/seg2/raw/armv7l_assert_build_success.stdout.txt
e3b0c44298fc1c149afbf4c8996fb92427ae41e4649b934ca495991b7852b855	0	progress/R9C/seg2/raw/armv7l_assert_common_export_preflight.stderr.txt
e3b0c44298fc1c149afbf4c8996fb92427ae41e4649b934ca495991b7852b855	0	progress/R9C/seg2/raw/armv7l_assert_common_export_preflight.stdout.txt
e3b0c44298fc1c149afbf4c8996fb92427ae41e4649b934ca495991b7852b855	0	progress/R9C/seg2/raw/armv7l_assert_cxa_error_absent.stderr.txt
e3b0c44298fc1c149afbf4c8996fb92427ae41e4649b934ca495991b7852b855	0	progress/R9C/seg2/raw/armv7l_assert_cxa_error_absent.stdout.txt
e3b0c44298fc1c149afbf4c8996fb92427ae41e4649b934ca495991b7852b855	0	progress/R9C/seg2/raw/armv7l_assert_fresh_arch_root_and_artifact.stderr.txt
e3b0c44298fc1c149afbf4c8996fb92427ae41e4649b934ca495991b7852b855	0	progress/R9C/seg2/raw/armv7l_assert_fresh_root_and_artifact.stdout.txt
e3b0c44298fc1c149afbf4c8996fb92427ae41e4649b934ca495991b7852b855	0	progress/R9C/seg2/raw/armv7l_assert_frozen_source_and_configs.stderr.txt
e3b0c44298fc1c149afbf4c8996fb92427ae41e4649b934ca495991b7852b855	0	progress/R9C/seg2/raw/armv7l_assert_frozen_source_and_configs.stdout.txt
e3b0c44298fc1c149afbf4c8996fb92427ae41e4649b934ca495991b7852b855	0	progress/R9C/seg2/raw/armv7l_assert_patch_identity.stderr.txt
e3b0c44298fc1c149afbf4c8996fb92427ae41e4649b934ca495991b7852b855	0	progress/R9C/seg2/raw/armv7l_assert_patch_identity.stdout.txt
e3b0c44298fc1c149afbf4c8996fb92427ae41e4649b934ca495991b7852b855	0	progress/R9C/seg2/raw/armv7l_assert_rpm_counts.stderr.txt
e3b0c44298fc1c149afbf4c8996fb92427ae41e4649b934ca495991b7852b855	0	progress/R9C/seg2/raw/armv7l_assert_rpm_counts.stdout.txt
e3b0c44298fc1c149afbf4c8996fb92427ae41e4649b934ca495991b7852b855	0	progress/R9C/seg2/raw/armv7l_assert_single_package_context.stderr.txt
e3b0c44298fc1c149afbf4c8996fb92427ae41e4649b934ca495991b7852b855	0	progress/R9C/seg2/raw/armv7l_assert_single_package_context.stdout.txt
e3b0c44298fc1c149afbf4c8996fb92427ae41e4649b934ca495991b7852b855	0	progress/R9C/seg2/raw/armv7l_assert_single_target_success.stderr.txt
e3b0c44298fc1c149afbf4c8996fb92427ae41e4649b934ca495991b7852b855	0	progress/R9C/seg2/raw/armv7l_assert_single_target_success.stdout.txt
e3b0c44298fc1c149afbf4c8996fb92427ae41e4649b934ca495991b7852b855	0	progress/R9C/seg2/raw/armv7l_assert_source0_anchor.stderr.txt
e3b0c44298fc1c149afbf4c8996fb92427ae41e4649b934ca495991b7852b855	0	progress/R9C/seg2/raw/armv7l_assert_source0_anchor.stdout.txt
e3b0c44298fc1c149afbf4c8996fb92427ae41e4649b934ca495991b7852b855	0	progress/R9C/seg2/raw/armv7l_assert_source_provenance_identity.stderr.txt
e3b0c44298fc1c149afbf4c8996fb92427ae41e4649b934ca495991b7852b855	0	progress/R9C/seg2/raw/armv7l_assert_source_provenance_identity.stdout.txt
e3b0c44298fc1c149afbf4c8996fb92427ae41e4649b934ca495991b7852b855	0	progress/R9C/seg2/raw/armv7l_create_artifact_directory.stderr.txt
e3b0c44298fc1c149afbf4c8996fb92427ae41e4649b934ca495991b7852b855	0	progress/R9C/seg2/raw/armv7l_create_artifact_directory.stdout.txt
e3b0c44298fc1c149afbf4c8996fb92427ae41e4649b934ca495991b7852b855	0	progress/R9C/seg2/raw/armv7l_cxa_personality_object_success.stderr.txt
e3b0c44298fc1c149afbf4c8996fb92427ae41e4649b934ca495991b7852b855	0	progress/R9C/seg2/raw/armv7l_exported_patch_inventory.stderr.txt
e3b0c44298fc1c149afbf4c8996fb92427ae41e4649b934ca495991b7852b855	0	progress/R9C/seg2/raw/armv7l_exported_source0_sha256.stderr.txt
30f988c50bc0c9b9c219acc9b67bbda9509835c8883463237163029ec90c9253	95	progress/R9C/seg2/raw/armv7l_installed_all_nevra.stderr.txt
e3b0c44298fc1c149afbf4c8996fb92427ae41e4649b934ca495991b7852b855	0	progress/R9C/seg2/raw/armv7l_repository_set.stderr.txt
e3b0c44298fc1c149afbf4c8996fb92427ae41e4649b934ca495991b7852b855	0	progress/R9C/seg2/raw/armv7l_retire_success_root.stderr.txt
e3b0c44298fc1c149afbf4c8996fb92427ae41e4649b934ca495991b7852b855	0	progress/R9C/seg2/raw/armv7l_rpm_identities.stderr.txt
e3b0c44298fc1c149afbf4c8996fb92427ae41e4649b934ca495991b7852b855	0	progress/R9C/seg2/raw/armv7l_target_resolution_evidence.stderr.txt
e3b0c44298fc1c149afbf4c8996fb92427ae41e4649b934ca495991b7852b855	0	progress/R9C/seg2/raw/armv7l_toolchain_nevra.stderr.txt
e3b0c44298fc1c149afbf4c8996fb92427ae41e4649b934ca495991b7852b855	0	progress/R9C/seg2/raw/assert_authoritative_source_postpreflight.stderr.txt
e3b0c44298fc1c149afbf4c8996fb92427ae41e4649b934ca495991b7852b855	0	progress/R9C/seg2/raw/assert_authoritative_source_postpreflight.stdout.txt
e3b0c44298fc1c149afbf4c8996fb92427ae41e4649b934ca495991b7852b855	0	progress/R9C/seg2/raw/assert_authoritative_source_preworktree.stderr.txt
e3b0c44298fc1c149afbf4c8996fb92427ae41e4649b934ca495991b7852b855	0	progress/R9C/seg2/raw/assert_authoritative_source_preworktree.stdout.txt
e3b0c44298fc1c149afbf4c8996fb92427ae41e4649b934ca495991b7852b855	0	progress/R9C/seg2/raw/assert_delta_and_no_build_impact.stderr.txt
e3b0c44298fc1c149afbf4c8996fb92427ae41e4649b934ca495991b7852b855	0	progress/R9C/seg2/raw/assert_delta_and_no_build_impact.stdout.txt
e3b0c44298fc1c149afbf4c8996fb92427ae41e4649b934ca495991b7852b855	0	progress/R9C/seg2/raw/assert_ehabi_mapping_exact.stderr.txt
e3b0c44298fc1c149afbf4c8996fb92427ae41e4649b934ca495991b7852b855	0	progress/R9C/seg2/raw/assert_ehabi_mapping_exact.stdout.txt
e3b0c44298fc1c149afbf4c8996fb92427ae41e4649b934ca495991b7852b855	0	progress/R9C/seg2/raw/assert_exported_provenance_identity.stderr.txt
e3b0c44298fc1c149afbf4c8996fb92427ae41e4649b934ca495991b7852b855	0	progress/R9C/seg2/raw/assert_exported_provenance_identity.stdout.txt
e3b0c44298fc1c149afbf4c8996fb92427ae41e4649b934ca495991b7852b855	0	progress/R9C/seg2/raw/assert_exported_source0_anchor.stderr.txt
e3b0c44298fc1c149afbf4c8996fb92427ae41e4649b934ca495991b7852b855	0	progress/R9C/seg2/raw/assert_exported_source0_anchor.stdout.txt
e3b0c44298fc1c149afbf4c8996fb92427ae41e4649b934ca495991b7852b855	0	progress/R9C/seg2/raw/assert_llvm_frozen_clean.stderr.txt
e3b0c44298fc1c149afbf4c8996fb92427ae41e4649b934ca495991b7852b855	0	progress/R9C/seg2/raw/assert_llvm_frozen_clean.stdout.txt
e3b0c44298fc1c149afbf4c8996fb92427ae41e4649b934ca495991b7852b855	0	progress/R9C/seg2/raw/assert_llvm_still_clean.stderr.txt
e3b0c44298fc1c149afbf4c8996fb92427ae41e4649b934ca495991b7852b855	0	progress/R9C/seg2/raw/assert_llvm_still_clean_after_provenance.stdout.txt
e3b0c44298fc1c149afbf4c8996fb92427ae41e4649b934ca495991b7852b855	0	progress/R9C/seg2/raw/assert_new_paths_fresh.stderr.txt
e3b0c44298fc1c149afbf4c8996fb92427ae41e4649b934ca495991b7852b855	0	progress/R9C/seg2/raw/assert_new_paths_fresh.stdout.txt
e3b0c44298fc1c149afbf4c8996fb92427ae41e4649b934ca495991b7852b855	0	progress/R9C/seg2/raw/assert_no_build_started.stderr.txt
e3b0c44298fc1c149afbf4c8996fb92427ae41e4649b934ca495991b7852b855	0	progress/R9C/seg2/raw/assert_no_build_started_in_preflight.stdout.txt
e3b0c44298fc1c149afbf4c8996fb92427ae41e4649b934ca495991b7852b855	0	progress/R9C/seg2/raw/assert_nonprovenance_packaging_unchanged.stderr.txt
2dd6c28ced6ce910a9a78290ce1d0f731b7a2ecf6cddc131f0a0d219246eb8c4	1076	progress/R9C/seg2/raw/assert_nonprovenance_packaging_unchanged.stdout.txt
e3b0c44298fc1c149afbf4c8996fb92427ae41e4649b934ca495991b7852b855	0	progress/R9C/seg2/raw/assert_only_known_untracked_project_file.stderr.txt
e3b0c44298fc1c149afbf4c8996fb92427ae41e4649b934ca495991b7852b855	0	progress/R9C/seg2/raw/assert_only_known_untracked_project_file.stdout.txt
4b9d89a944a60b9804c78c8a56381d1bee06cb6f937701d519f35a1e193f836a	68	progress/R9C/seg2/raw/assert_patch_anchors_match_freeze.stderr.txt
e3b0c44298fc1c149afbf4c8996fb92427ae41e4649b934ca495991b7852b855	0	progress/R9C/seg2/raw/assert_patch_anchors_match_freeze.stdout.txt
e3b0c44298fc1c149afbf4c8996fb92427ae41e4649b934ca495991b7852b855	0	progress/R9C/seg2/raw/assert_preflight_archival_matches_segment1.stderr.txt
e3b0c44298fc1c149afbf4c8996fb92427ae41e4649b934ca495991b7852b855	0	progress/R9C/seg2/raw/assert_preflight_archival_matches_segment1.stdout.txt
e3b0c44298fc1c149afbf4c8996fb92427ae41e4649b934ca495991b7852b855	0	progress/R9C/seg2/raw/assert_preflight_patch_identity.stderr.txt
e3b0c44298fc1c149afbf4c8996fb92427ae41e4649b934ca495991b7852b855	0	progress/R9C/seg2/raw/assert_preflight_patch_identity.stdout.txt
e3b0c44298fc1c149afbf4c8996fb92427ae41e4649b934ca495991b7852b855	0	progress/R9C/seg2/raw/assert_preflight_paths_fresh.stderr.txt
e3b0c44298fc1c149afbf4c8996fb92427ae41e4649b934ca495991b7852b855	0	progress/R9C/seg2/raw/assert_preflight_paths_fresh.stdout.txt
e3b0c44298fc1c149afbf4c8996fb92427ae41e4649b934ca495991b7852b855	0	progress/R9C/seg2/raw/assert_primary_anchors.stderr.txt
e3b0c44298fc1c149afbf4c8996fb92427ae41e4649b934ca495991b7852b855	0	progress/R9C/seg2/raw/assert_primary_anchors.stdout.txt
e3b0c44298fc1c149afbf4c8996fb92427ae41e4649b934ca495991b7852b855	0	progress/R9C/seg2/raw/assert_project_diff_scope.stderr.txt
e3b0c44298fc1c149afbf4c8996fb92427ae41e4649b934ca495991b7852b855	0	progress/R9C/seg2/raw/assert_project_diff_scope.stdout.txt
e3b0c44298fc1c149afbf4c8996fb92427ae41e4649b934ca495991b7852b855	0	progress/R9C/seg2/raw/assert_six_frozen_patches.stderr.txt
e3b0c44298fc1c149afbf4c8996fb92427ae41e4649b934ca495991b7852b855	0	progress/R9C/seg2/raw/assert_six_frozen_patches.stdout.txt
e3b0c44298fc1c149afbf4c8996fb92427ae41e4649b934ca495991b7852b855	0	progress/R9C/seg2/raw/assert_source0_anchor.stderr.txt
e3b0c44298fc1c149afbf4c8996fb92427ae41e4649b934ca495991b7852b855	0	progress/R9C/seg2/raw/assert_source0_anchor.stdout.txt
e3b0c44298fc1c149afbf4c8996fb92427ae41e4649b934ca495991b7852b855	0	progress/R9C/seg2/raw/assert_standard_export_mode.stderr.txt
e3b0c44298fc1c149afbf4c8996fb92427ae41e4649b934ca495991b7852b855	0	progress/R9C/seg2/raw/assert_standard_export_mode.stdout.txt
e3b0c44298fc1c149afbf4c8996fb92427ae41e4649b934ca495991b7852b855	0	progress/R9C/seg2/raw/assert_standard_patch_export_from_actual_log.stderr.txt
c530489985bab8e871a56244d37dceccd888caa57ba0ee547e70a8d099a006cd	117	progress/R9C/seg2/raw/assert_standard_patch_export_from_actual_log.stdout.txt
e3b0c44298fc1c149afbf4c8996fb92427ae41e4649b934ca495991b7852b855	0	progress/R9C/seg2/raw/assert_strict_provenance_validation_stderr_empty.stdout.txt
e3b0c44298fc1c149afbf4c8996fb92427ae41e4649b934ca495991b7852b855	0	progress/R9C/seg2/raw/assert_successful_export_identity.stderr.txt
e3b0c44298fc1c149afbf4c8996fb92427ae41e4649b934ca495991b7852b855	0	progress/R9C/seg2/raw/assert_successful_export_identity.stdout.txt
e3b0c44298fc1c149afbf4c8996fb92427ae41e4649b934ca495991b7852b855	0	progress/R9C/seg2/raw/assert_superseded_anchors.stderr.txt
e3b0c44298fc1c149afbf4c8996fb92427ae41e4649b934ca495991b7852b855	0	progress/R9C/seg2/raw/assert_superseded_anchors.stdout.txt
e3b0c44298fc1c149afbf4c8996fb92427ae41e4649b934ca495991b7852b855	0	progress/R9C/seg2/raw/assert_upstream_peeled.stderr.txt
e3b0c44298fc1c149afbf4c8996fb92427ae41e4649b934ca495991b7852b855	0	progress/R9C/seg2/raw/assert_upstream_peeled.stdout.txt
e3b0c44298fc1c149afbf4c8996fb92427ae41e4649b934ca495991b7852b855	0	progress/R9C/seg2/raw/assert_validation_stderr_empty.stderr.txt
e3b0c44298fc1c149afbf4c8996fb92427ae41e4649b934ca495991b7852b855	0	progress/R9C/seg2/raw/assert_worktree_shape.stderr.txt
e3b0c44298fc1c149afbf4c8996fb92427ae41e4649b934ca495991b7852b855	0	progress/R9C/seg2/raw/assert_worktree_shape.stdout.txt
e3b0c44298fc1c149afbf4c8996fb92427ae41e4649b934ca495991b7852b855	0	progress/R9C/seg2/raw/authoritative_source_clean_after_preflight.stderr.txt
e3b0c44298fc1c149afbf4c8996fb92427ae41e4649b934ca495991b7852b855	0	progress/R9C/seg2/raw/authoritative_source_clean_after_preflight.stdout.txt
e3b0c44298fc1c149afbf4c8996fb92427ae41e4649b934ca495991b7852b855	0	progress/R9C/seg2/raw/classify_original_preflight_exit.stderr.txt
7c2f3b3cca715d0275784ae31d80c2caab7970d968e24c2f5e2df9ff80272f2f	93	progress/R9C/seg2/raw/classify_original_preflight_exit.stdout.txt
e3b0c44298fc1c149afbf4c8996fb92427ae41e4649b934ca495991b7852b855	0	progress/R9C/seg2/raw/compare_provenance_to_frozen_inventory.stderr.txt
e3b0c44298fc1c149afbf4c8996fb92427ae41e4649b934ca495991b7852b855	0	progress/R9C/seg2/raw/config_contents.stderr.txt
e3b0c44298fc1c149afbf4c8996fb92427ae41e4649b934ca495991b7852b855	0	progress/R9C/seg2/raw/config_sha256.stderr.txt
e3b0c44298fc1c149afbf4c8996fb92427ae41e4649b934ca495991b7852b855	0	progress/R9C/seg2/raw/create_retired_packaging_dir.stderr.txt
e3b0c44298fc1c149afbf4c8996fb92427ae41e4649b934ca495991b7852b855	0	progress/R9C/seg2/raw/create_retired_packaging_dir.stdout.txt
e3b0c44298fc1c149afbf4c8996fb92427ae41e4649b934ca495991b7852b855	0	progress/R9C/seg2/raw/create_worktree_parent.stderr.txt
e3b0c44298fc1c149afbf4c8996fb92427ae41e4649b934ca495991b7852b855	0	progress/R9C/seg2/raw/create_worktree_parent.stdout.txt
e3b0c44298fc1c149afbf4c8996fb92427ae41e4649b934ca495991b7852b855	0	progress/R9C/seg2/raw/disk_capacity.stderr.txt
e3b0c44298fc1c149afbf4c8996fb92427ae41e4649b934ca495991b7852b855	0	progress/R9C/seg2/raw/exported_source0_sha256.stderr.txt
e3b0c44298fc1c149afbf4c8996fb92427ae41e4649b934ca495991b7852b855	0	progress/R9C/seg2/raw/exported_spec_patch_lines.stderr.txt
e3b0c44298fc1c149afbf4c8996fb92427ae41e4649b934ca495991b7852b855	0	progress/R9C/seg2/raw/final_worktree_status.stderr.txt
e3b0c44298fc1c149afbf4c8996fb92427ae41e4649b934ca495991b7852b855	0	progress/R9C/seg2/raw/first_segment_verdict.stderr.txt
e3b0c44298fc1c149afbf4c8996fb92427ae41e4649b934ca495991b7852b855	0	progress/R9C/seg2/raw/frozen_patch_inventory.stderr.txt
e3b0c44298fc1c149afbf4c8996fb92427ae41e4649b934ca495991b7852b855	0	progress/R9C/seg2/raw/inode_capacity.stderr.txt
e3b0c44298fc1c149afbf4c8996fb92427ae41e4649b934ca495991b7852b855	0	progress/R9C/seg2/raw/llvm_identity.stderr.txt
e3b0c44298fc1c149afbf4c8996fb92427ae41e4649b934ca495991b7852b855	0	progress/R9C/seg2/raw/old_artifact_file_inventory.stderr.txt
e3b0c44298fc1c149afbf4c8996fb92427ae41e4649b934ca495991b7852b855	0	progress/R9C/seg2/raw/old_rpm_sha256.stderr.txt
e3b0c44298fc1c149afbf4c8996fb92427ae41e4649b934ca495991b7852b855	0	progress/R9C/seg2/raw/overlay_copy_manifest.stderr.txt
e3b0c44298fc1c149afbf4c8996fb92427ae41e4649b934ca495991b7852b855	0	progress/R9C/seg2/raw/overlay_copy_manifest.stdout.txt
e3b0c44298fc1c149afbf4c8996fb92427ae41e4649b934ca495991b7852b855	0	progress/R9C/seg2/raw/overlay_copy_map.stderr.txt
e3b0c44298fc1c149afbf4c8996fb92427ae41e4649b934ca495991b7852b855	0	progress/R9C/seg2/raw/overlay_copy_map.stdout.txt
e3b0c44298fc1c149afbf4c8996fb92427ae41e4649b934ca495991b7852b855	0	progress/R9C/seg2/raw/overlay_copy_provenance.stderr.txt
e3b0c44298fc1c149afbf4c8996fb92427ae41e4649b934ca495991b7852b855	0	progress/R9C/seg2/raw/overlay_copy_provenance.stdout.txt
e3b0c44298fc1c149afbf4c8996fb92427ae41e4649b934ca495991b7852b855	0	progress/R9C/seg2/raw/overlay_copy_source0_seed.stderr.txt
e3b0c44298fc1c149afbf4c8996fb92427ae41e4649b934ca495991b7852b855	0	progress/R9C/seg2/raw/overlay_copy_source0_seed.stdout.txt
e3b0c44298fc1c149afbf4c8996fb92427ae41e4649b934ca495991b7852b855	0	progress/R9C/seg2/raw/overlay_copy_spec.stderr.txt
e3b0c44298fc1c149afbf4c8996fb92427ae41e4649b934ca495991b7852b855	0	progress/R9C/seg2/raw/overlay_copy_spec.stdout.txt
e3b0c44298fc1c149afbf4c8996fb92427ae41e4649b934ca495991b7852b855	0	progress/R9C/seg2/raw/packaging_before_sha256.stderr.txt
e3b0c44298fc1c149afbf4c8996fb92427ae41e4649b934ca495991b7852b855	0	progress/R9C/seg2/raw/platform_vs_local_archival_diff.stderr.txt
e3b0c44298fc1c149afbf4c8996fb92427ae41e4649b934ca495991b7852b855	0	progress/R9C/seg2/raw/prebuild_single_target_assertion.stderr.txt
e3b0c44298fc1c149afbf4c8996fb92427ae41e4649b934ca495991b7852b855	0	progress/R9C/seg2/raw/preflight_local_archival_content.stderr.txt
e3b0c44298fc1c149afbf4c8996fb92427ae41e4649b934ca495991b7852b855	0	progress/R9C/seg2/raw/preflight_patch_inventory.stderr.txt
e3b0c44298fc1c149afbf4c8996fb92427ae41e4649b934ca495991b7852b855	0	progress/R9C/seg2/raw/preflight_retirement.stderr.txt
052ed0231ef321d4aa36569f2f66c13eefc7c312a53a56d3d3b1b83c2e6dc68f	186	progress/R9C/seg2/raw/preflight_retirement.stdout.txt
e3b0c44298fc1c149afbf4c8996fb92427ae41e4649b934ca495991b7852b855	0	progress/R9C/seg2/raw/preserve_original_platform_packaging.stderr.txt
e3b0c44298fc1c149afbf4c8996fb92427ae41e4649b934ca495991b7852b855	0	progress/R9C/seg2/raw/preserve_original_platform_packaging.stdout.txt
e3b0c44298fc1c149afbf4c8996fb92427ae41e4649b934ca495991b7852b855	0	progress/R9C/seg2/raw/project_identity.stderr.txt
e3b0c44298fc1c149afbf4c8996fb92427ae41e4649b934ca495991b7852b855	0	progress/R9C/seg2/raw/provenance_diff.stderr.txt
e3b0c44298fc1c149afbf4c8996fb92427ae41e4649b934ca495991b7852b855	0	progress/R9C/seg2/raw/provenance_numbered.stderr.txt
e3b0c44298fc1c149afbf4c8996fb92427ae41e4649b934ca495991b7852b855	0	progress/R9C/seg2/raw/provenance_patch_inventory.stderr.txt
e3b0c44298fc1c149afbf4c8996fb92427ae41e4649b934ca495991b7852b855	0	progress/R9C/seg2/raw/provenance_sha256.stderr.txt
e3b0c44298fc1c149afbf4c8996fb92427ae41e4649b934ca495991b7852b855	0	progress/R9C/seg2/raw/retire_preflight_root.stderr.txt
052ed0231ef321d4aa36569f2f66c13eefc7c312a53a56d3d3b1b83c2e6dc68f	186	progress/R9C/seg2/raw/retire_preflight_root.stdout.txt
e3b0c44298fc1c149afbf4c8996fb92427ae41e4649b934ca495991b7852b855	0	progress/R9C/seg2/raw/source0_anchor_recheck.stderr.txt
e3b0c44298fc1c149afbf4c8996fb92427ae41e4649b934ca495991b7852b855	0	progress/R9C/seg2/raw/t4_gate_inventory.stderr.txt
e3b0c44298fc1c149afbf4c8996fb92427ae41e4649b934ca495991b7852b855	0	progress/R9C/seg2/raw/t4_tool_sha256.stderr.txt
e3b0c44298fc1c149afbf4c8996fb92427ae41e4649b934ca495991b7852b855	0	progress/R9C/seg2/raw/upstream_tag_identity.stderr.txt
e3b0c44298fc1c149afbf4c8996fb92427ae41e4649b934ca495991b7852b855	0	progress/R9C/seg2/raw/worktree_packaging_sha256.stderr.txt
e3b0c44298fc1c149afbf4c8996fb92427ae41e4649b934ca495991b7852b855	0	progress/R9C/seg2/raw/worktree_status.stderr.txt
2543ae08c6df91ed8d308c34f6159ab022d3a965e00edb29a58ecdef8e0a5c61	96	progress/R9C/seg2/raw/x86_64_archive_binary_rpms.stderr.txt
e3b0c44298fc1c149afbf4c8996fb92427ae41e4649b934ca495991b7852b855	0	progress/R9C/seg2/raw/x86_64_archive_binary_rpms.stdout.txt
2543ae08c6df91ed8d308c34f6159ab022d3a965e00edb29a58ecdef8e0a5c61	96	progress/R9C/seg2/raw/x86_64_archive_buildconf.stderr.txt
e3b0c44298fc1c149afbf4c8996fb92427ae41e4649b934ca495991b7852b855	0	progress/R9C/seg2/raw/x86_64_archive_buildconf.stdout.txt
2543ae08c6df91ed8d308c34f6159ab022d3a965e00edb29a58ecdef8e0a5c61	96	progress/R9C/seg2/raw/x86_64_archive_gbs_conf.stderr.txt
e3b0c44298fc1c149afbf4c8996fb92427ae41e4649b934ca495991b7852b855	0	progress/R9C/seg2/raw/x86_64_archive_gbs_conf.stdout.txt
2543ae08c6df91ed8d308c34f6159ab022d3a965e00edb29a58ecdef8e0a5c61	96	progress/R9C/seg2/raw/x86_64_archive_source_rpm.stderr.txt
e3b0c44298fc1c149afbf4c8996fb92427ae41e4649b934ca495991b7852b855	0	progress/R9C/seg2/raw/x86_64_archive_source_rpm.stdout.txt
e3b0c44298fc1c149afbf4c8996fb92427ae41e4649b934ca495991b7852b855	0	progress/R9C/seg2/raw/x86_64_artifact_sha256.stderr.txt
e3b0c44298fc1c149afbf4c8996fb92427ae41e4649b934ca495991b7852b855	0	progress/R9C/seg2/raw/x86_64_assert_authoritative_source_postbuild.stderr.txt
e3b0c44298fc1c149afbf4c8996fb92427ae41e4649b934ca495991b7852b855	0	progress/R9C/seg2/raw/x86_64_assert_authoritative_source_postbuild.stdout.txt
e3b0c44298fc1c149afbf4c8996fb92427ae41e4649b934ca495991b7852b855	0	progress/R9C/seg2/raw/x86_64_assert_build_success.stderr.txt
e3b0c44298fc1c149afbf4c8996fb92427ae41e4649b934ca495991b7852b855	0	progress/R9C/seg2/raw/x86_64_assert_build_success.stdout.txt
e3b0c44298fc1c149afbf4c8996fb92427ae41e4649b934ca495991b7852b855	0	progress/R9C/seg2/raw/x86_64_assert_common_export_preflight.stderr.txt
e3b0c44298fc1c149afbf4c8996fb92427ae41e4649b934ca495991b7852b855	0	progress/R9C/seg2/raw/x86_64_assert_common_export_preflight.stdout.txt
e3b0c44298fc1c149afbf4c8996fb92427ae41e4649b934ca495991b7852b855	0	progress/R9C/seg2/raw/x86_64_assert_fresh_arch_root_and_artifact.stderr.txt
e3b0c44298fc1c149afbf4c8996fb92427ae41e4649b934ca495991b7852b855	0	progress/R9C/seg2/raw/x86_64_assert_fresh_root_and_artifact.stdout.txt
e3b0c44298fc1c149afbf4c8996fb92427ae41e4649b934ca495991b7852b855	0	progress/R9C/seg2/raw/x86_64_assert_frozen_source_and_configs.stderr.txt
e3b0c44298fc1c149afbf4c8996fb92427ae41e4649b934ca495991b7852b855	0	progress/R9C/seg2/raw/x86_64_assert_frozen_source_and_configs.stdout.txt
e3b0c44298fc1c149afbf4c8996fb92427ae41e4649b934ca495991b7852b855	0	progress/R9C/seg2/raw/x86_64_assert_patch_identity.stderr.txt
e3b0c44298fc1c149afbf4c8996fb92427ae41e4649b934ca495991b7852b855	0	progress/R9C/seg2/raw/x86_64_assert_patch_identity.stdout.txt
e3b0c44298fc1c149afbf4c8996fb92427ae41e4649b934ca495991b7852b855	0	progress/R9C/seg2/raw/x86_64_assert_rpm_counts.stderr.txt
e3b0c44298fc1c149afbf4c8996fb92427ae41e4649b934ca495991b7852b855	0	progress/R9C/seg2/raw/x86_64_assert_rpm_counts.stdout.txt
e3b0c44298fc1c149afbf4c8996fb92427ae41e4649b934ca495991b7852b855	0	progress/R9C/seg2/raw/x86_64_assert_single_package_context.stderr.txt
e3b0c44298fc1c149afbf4c8996fb92427ae41e4649b934ca495991b7852b855	0	progress/R9C/seg2/raw/x86_64_assert_single_package_context.stdout.txt
e3b0c44298fc1c149afbf4c8996fb92427ae41e4649b934ca495991b7852b855	0	progress/R9C/seg2/raw/x86_64_assert_single_target_success.stderr.txt
e3b0c44298fc1c149afbf4c8996fb92427ae41e4649b934ca495991b7852b855	0	progress/R9C/seg2/raw/x86_64_assert_single_target_success.stdout.txt
e3b0c44298fc1c149afbf4c8996fb92427ae41e4649b934ca495991b7852b855	0	progress/R9C/seg2/raw/x86_64_assert_source0_anchor.stderr.txt
e3b0c44298fc1c149afbf4c8996fb92427ae41e4649b934ca495991b7852b855	0	progress/R9C/seg2/raw/x86_64_assert_source0_anchor.stdout.txt
e3b0c44298fc1c149afbf4c8996fb92427ae41e4649b934ca495991b7852b855	0	progress/R9C/seg2/raw/x86_64_assert_source_provenance_identity.stderr.txt
e3b0c44298fc1c149afbf4c8996fb92427ae41e4649b934ca495991b7852b855	0	progress/R9C/seg2/raw/x86_64_assert_source_provenance_identity.stdout.txt
e3b0c44298fc1c149afbf4c8996fb92427ae41e4649b934ca495991b7852b855	0	progress/R9C/seg2/raw/x86_64_create_artifact_directory.stderr.txt
e3b0c44298fc1c149afbf4c8996fb92427ae41e4649b934ca495991b7852b855	0	progress/R9C/seg2/raw/x86_64_create_artifact_directory.stdout.txt
e3b0c44298fc1c149afbf4c8996fb92427ae41e4649b934ca495991b7852b855	0	progress/R9C/seg2/raw/x86_64_exported_patch_inventory.stderr.txt
e3b0c44298fc1c149afbf4c8996fb92427ae41e4649b934ca495991b7852b855	0	progress/R9C/seg2/raw/x86_64_exported_source0_sha256.stderr.txt
30f988c50bc0c9b9c219acc9b67bbda9509835c8883463237163029ec90c9253	95	progress/R9C/seg2/raw/x86_64_installed_all_nevra.stderr.txt
e3b0c44298fc1c149afbf4c8996fb92427ae41e4649b934ca495991b7852b855	0	progress/R9C/seg2/raw/x86_64_repository_set.stderr.txt
e3b0c44298fc1c149afbf4c8996fb92427ae41e4649b934ca495991b7852b855	0	progress/R9C/seg2/raw/x86_64_retire_success_root.stderr.txt
e3b0c44298fc1c149afbf4c8996fb92427ae41e4649b934ca495991b7852b855	0	progress/R9C/seg2/raw/x86_64_rpm_identities.stderr.txt
e3b0c44298fc1c149afbf4c8996fb92427ae41e4649b934ca495991b7852b855	0	progress/R9C/seg2/raw/x86_64_target_resolution_evidence.stderr.txt
e3b0c44298fc1c149afbf4c8996fb92427ae41e4649b934ca495991b7852b855	0	progress/R9C/seg2/raw/x86_64_toolchain_nevra.stderr.txt
