repo	package	arch	rpm_sha256	elf_path	symbol_table	raw_symbol	demangled_symbol
CONTROL	wbuffer-positive	x86_64	92dd1918f2d050711ebcb3070b8513b2d21d22951f998759d1cc8674ad504735	/usr/lib/libwbuffer-positive.so	DYNSYM	_ZNSt15wbuffer_convertISt12codecvt_utf8IwLm1114111ELSt12codecvt_mode0EEwSt11char_traitsIwEE11_M_conv_getEv	std::wbuffer_convert<std::codecvt_utf8<wchar_t, 1114111ul, (std::codecvt_mode)0>, wchar_t, std::char_traits<wchar_t> >::_M_conv_get()
CONTROL	wbuffer-positive	x86_64	92dd1918f2d050711ebcb3070b8513b2d21d22951f998759d1cc8674ad504735	/usr/lib/libwbuffer-positive.so	DYNSYM	_ZNSt15wbuffer_convertISt12codecvt_utf8IwLm1114111ELSt12codecvt_mode0EEwSt11char_traitsIwEE11_M_conv_putEv	std::wbuffer_convert<std::codecvt_utf8<wchar_t, 1114111ul, (std::codecvt_mode)0>, wchar_t, std::char_traits<wchar_t> >::_M_conv_put()
CONTROL	wbuffer-positive	x86_64	92dd1918f2d050711ebcb3070b8513b2d21d22951f998759d1cc8674ad504735	/usr/lib/libwbuffer-positive.so	DYNSYM	_ZNSt15wbuffer_convertISt12codecvt_utf8IwLm1114111ELSt12codecvt_mode0EEwSt11char_traitsIwEE4syncEv	std::wbuffer_convert<std::codecvt_utf8<wchar_t, 1114111ul, (std::codecvt_mode)0>, wchar_t, std::char_traits<wchar_t> >::sync()
CONTROL	wbuffer-positive	x86_64	92dd1918f2d050711ebcb3070b8513b2d21d22951f998759d1cc8674ad504735	/usr/lib/libwbuffer-positive.so	DYNSYM	_ZNSt15wbuffer_convertISt12codecvt_utf8IwLm1114111ELSt12codecvt_mode0EEwSt11char_traitsIwEE6_M_putEPKcl	std::wbuffer_convert<std::codecvt_utf8<wchar_t, 1114111ul, (std::codecvt_mode)0>, wchar_t, std::char_traits<wchar_t> >::_M_put(char const*, long)
CONTROL	wbuffer-positive	x86_64	92dd1918f2d050711ebcb3070b8513b2d21d22951f998759d1cc8674ad504735	/usr/lib/libwbuffer-positive.so	DYNSYM	_ZNSt15wbuffer_convertISt12codecvt_utf8IwLm1114111ELSt12codecvt_mode0EEwSt11char_traitsIwEE6_M_putEz	std::wbuffer_convert<std::codecvt_utf8<wchar_t, 1114111ul, (std::codecvt_mode)0>, wchar_t, std::char_traits<wchar_t> >::_M_put(...)
CONTROL	wbuffer-positive	x86_64	92dd1918f2d050711ebcb3070b8513b2d21d22951f998759d1cc8674ad504735	/usr/lib/libwbuffer-positive.so	DYNSYM	_ZNSt15wbuffer_convertISt12codecvt_utf8IwLm1114111ELSt12codecvt_mode0EEwSt11char_traitsIwEE6xsputnEPKwl	std::wbuffer_convert<std::codecvt_utf8<wchar_t, 1114111ul, (std::codecvt_mode)0>, wchar_t, std::char_traits<wchar_t> >::xsputn(wchar_t const*, long)
CONTROL	wbuffer-positive	x86_64	92dd1918f2d050711ebcb3070b8513b2d21d22951f998759d1cc8674ad504735	/usr/lib/libwbuffer-positive.so	DYNSYM	_ZNSt15wbuffer_convertISt12codecvt_utf8IwLm1114111ELSt12codecvt_mode0EEwSt11char_traitsIwEE8overflowEj	std::wbuffer_convert<std::codecvt_utf8<wchar_t, 1114111ul, (std::codecvt_mode)0>, wchar_t, std::char_traits<wchar_t> >::overflow(unsigned int)
CONTROL	wbuffer-positive	x86_64	92dd1918f2d050711ebcb3070b8513b2d21d22951f998759d1cc8674ad504735	/usr/lib/libwbuffer-positive.so	DYNSYM	_ZNSt15wbuffer_convertISt12codecvt_utf8IwLm1114111ELSt12codecvt_mode0EEwSt11char_traitsIwEE9underflowEv	std::wbuffer_convert<std::codecvt_utf8<wchar_t, 1114111ul, (std::codecvt_mode)0>, wchar_t, std::char_traits<wchar_t> >::underflow()
CONTROL	wbuffer-positive	x86_64	92dd1918f2d050711ebcb3070b8513b2d21d22951f998759d1cc8674ad504735	/usr/lib/libwbuffer-positive.so	DYNSYM	_ZNSt15wbuffer_convertISt12codecvt_utf8IwLm1114111ELSt12codecvt_mode0EEwSt11char_traitsIwEEC1EPSt15basic_streambufIcS3_IcEEPS2_11__mbstate_t	std::wbuffer_convert<std::codecvt_utf8<wchar_t, 1114111ul, (std::codecvt_mode)0>, wchar_t, std::char_traits<wchar_t> >::wbuffer_convert(std::basic_streambuf<char, std::char_traits<char> >*, std::codecvt_utf8<wchar_t, 1114111ul, (std::codecvt_mode)0>*, __mbstate_t)
CONTROL	wbuffer-positive	x86_64	92dd1918f2d050711ebcb3070b8513b2d21d22951f998759d1cc8674ad504735	/usr/lib/libwbuffer-positive.so	DYNSYM	_ZNSt15wbuffer_convertISt12codecvt_utf8IwLm1114111ELSt12codecvt_mode0EEwSt11char_traitsIwEEC2EPSt15basic_streambufIcS3_IcEEPS2_11__mbstate_t	std::wbuffer_convert<std::codecvt_utf8<wchar_t, 1114111ul, (std::codecvt_mode)0>, wchar_t, std::char_traits<wchar_t> >::wbuffer_convert(std::basic_streambuf<char, std::char_traits<char> >*, std::codecvt_utf8<wchar_t, 1114111ul, (std::codecvt_mode)0>*, __mbstate_t)
CONTROL	wbuffer-positive	x86_64	92dd1918f2d050711ebcb3070b8513b2d21d22951f998759d1cc8674ad504735	/usr/lib/libwbuffer-positive.so	DYNSYM	_ZNSt15wbuffer_convertISt12codecvt_utf8IwLm1114111ELSt12codecvt_mode0EEwSt11char_traitsIwEED0Ev	std::wbuffer_convert<std::codecvt_utf8<wchar_t, 1114111ul, (std::codecvt_mode)0>, wchar_t, std::char_traits<wchar_t> >::~wbuffer_convert()
CONTROL	wbuffer-positive	x86_64	92dd1918f2d050711ebcb3070b8513b2d21d22951f998759d1cc8674ad504735	/usr/lib/libwbuffer-positive.so	DYNSYM	_ZNSt15wbuffer_convertISt12codecvt_utf8IwLm1114111ELSt12codecvt_mode0EEwSt11char_traitsIwEED1Ev	std::wbuffer_convert<std::codecvt_utf8<wchar_t, 1114111ul, (std::codecvt_mode)0>, wchar_t, std::char_traits<wchar_t> >::~wbuffer_convert()
CONTROL	wbuffer-positive	x86_64	92dd1918f2d050711ebcb3070b8513b2d21d22951f998759d1cc8674ad504735	/usr/lib/libwbuffer-positive.so	DYNSYM	_ZNSt15wbuffer_convertISt12codecvt_utf8IwLm1114111ELSt12codecvt_mode0EEwSt11char_traitsIwEED2Ev	std::wbuffer_convert<std::codecvt_utf8<wchar_t, 1114111ul, (std::codecvt_mode)0>, wchar_t, std::char_traits<wchar_t> >::~wbuffer_convert()
CONTROL	wbuffer-positive	x86_64	92dd1918f2d050711ebcb3070b8513b2d21d22951f998759d1cc8674ad504735	/usr/lib/libwbuffer-positive.so	DYNSYM	_ZTISt15wbuffer_convertISt12codecvt_utf8IwLm1114111ELSt12codecvt_mode0EEwSt11char_traitsIwEE	typeinfo for std::wbuffer_convert<std::codecvt_utf8<wchar_t, 1114111ul, (std::codecvt_mode)0>, wchar_t, std::char_traits<wchar_t> >
CONTROL	wbuffer-positive	x86_64	92dd1918f2d050711ebcb3070b8513b2d21d22951f998759d1cc8674ad504735	/usr/lib/libwbuffer-positive.so	DYNSYM	_ZTSSt15wbuffer_convertISt12codecvt_utf8IwLm1114111ELSt12codecvt_mode0EEwSt11char_traitsIwEE	typeinfo name for std::wbuffer_convert<std::codecvt_utf8<wchar_t, 1114111ul, (std::codecvt_mode)0>, wchar_t, std::char_traits<wchar_t> >
CONTROL	wbuffer-positive	x86_64	92dd1918f2d050711ebcb3070b8513b2d21d22951f998759d1cc8674ad504735	/usr/lib/libwbuffer-positive.so	DYNSYM	_ZTVSt15wbuffer_convertISt12codecvt_utf8IwLm1114111ELSt12codecvt_mode0EEwSt11char_traitsIwEE	vtable for std::wbuffer_convert<std::codecvt_utf8<wchar_t, 1114111ul, (std::codecvt_mode)0>, wchar_t, std::char_traits<wchar_t> >
CONTROL	wbuffer-positive	x86_64	92dd1918f2d050711ebcb3070b8513b2d21d22951f998759d1cc8674ad504735	/usr/lib/libwbuffer-positive.so	DYNSYM	use_wbuffer_convert	use_wbuffer_convert
CONTROL	wbuffer-positive	x86_64	92dd1918f2d050711ebcb3070b8513b2d21d22951f998759d1cc8674ad504735	/usr/lib/libwbuffer-positive.so	SYMTAB	_ZNSt15wbuffer_convertISt12codecvt_utf8IwLm1114111ELSt12codecvt_mode0EEwSt11char_traitsIwEE11_M_conv_getEv	std::wbuffer_convert<std::codecvt_utf8<wchar_t, 1114111ul, (std::codecvt_mode)0>, wchar_t, std::char_traits<wchar_t> >::_M_conv_get()
CONTROL	wbuffer-positive	x86_64	92dd1918f2d050711ebcb3070b8513b2d21d22951f998759d1cc8674ad504735	/usr/lib/libwbuffer-positive.so	SYMTAB	_ZNSt15wbuffer_convertISt12codecvt_utf8IwLm1114111ELSt12codecvt_mode0EEwSt11char_traitsIwEE11_M_conv_putEv	std::wbuffer_convert<std::codecvt_utf8<wchar_t, 1114111ul, (std::codecvt_mode)0>, wchar_t, std::char_traits<wchar_t> >::_M_conv_put()
CONTROL	wbuffer-positive	x86_64	92dd1918f2d050711ebcb3070b8513b2d21d22951f998759d1cc8674ad504735	/usr/lib/libwbuffer-positive.so	SYMTAB	_ZNSt15wbuffer_convertISt12codecvt_utf8IwLm1114111ELSt12codecvt_mode0EEwSt11char_traitsIwEE4syncEv	std::wbuffer_convert<std::codecvt_utf8<wchar_t, 1114111ul, (std::codecvt_mode)0>, wchar_t, std::char_traits<wchar_t> >::sync()
CONTROL	wbuffer-positive	x86_64	92dd1918f2d050711ebcb3070b8513b2d21d22951f998759d1cc8674ad504735	/usr/lib/libwbuffer-positive.so	SYMTAB	_ZNSt15wbuffer_convertISt12codecvt_utf8IwLm1114111ELSt12codecvt_mode0EEwSt11char_traitsIwEE6_M_putEPKcl	std::wbuffer_convert<std::codecvt_utf8<wchar_t, 1114111ul, (std::codecvt_mode)0>, wchar_t, std::char_traits<wchar_t> >::_M_put(char const*, long)
CONTROL	wbuffer-positive	x86_64	92dd1918f2d050711ebcb3070b8513b2d21d22951f998759d1cc8674ad504735	/usr/lib/libwbuffer-positive.so	SYMTAB	_ZNSt15wbuffer_convertISt12codecvt_utf8IwLm1114111ELSt12codecvt_mode0EEwSt11char_traitsIwEE6_M_putEz	std::wbuffer_convert<std::codecvt_utf8<wchar_t, 1114111ul, (std::codecvt_mode)0>, wchar_t, std::char_traits<wchar_t> >::_M_put(...)
CONTROL	wbuffer-positive	x86_64	92dd1918f2d050711ebcb3070b8513b2d21d22951f998759d1cc8674ad504735	/usr/lib/libwbuffer-positive.so	SYMTAB	_ZNSt15wbuffer_convertISt12codecvt_utf8IwLm1114111ELSt12codecvt_mode0EEwSt11char_traitsIwEE6xsputnEPKwl	std::wbuffer_convert<std::codecvt_utf8<wchar_t, 1114111ul, (std::codecvt_mode)0>, wchar_t, std::char_traits<wchar_t> >::xsputn(wchar_t const*, long)
CONTROL	wbuffer-positive	x86_64	92dd1918f2d050711ebcb3070b8513b2d21d22951f998759d1cc8674ad504735	/usr/lib/libwbuffer-positive.so	SYMTAB	_ZNSt15wbuffer_convertISt12codecvt_utf8IwLm1114111ELSt12codecvt_mode0EEwSt11char_traitsIwEE8overflowEj	std::wbuffer_convert<std::codecvt_utf8<wchar_t, 1114111ul, (std::codecvt_mode)0>, wchar_t, std::char_traits<wchar_t> >::overflow(unsigned int)
CONTROL	wbuffer-positive	x86_64	92dd1918f2d050711ebcb3070b8513b2d21d22951f998759d1cc8674ad504735	/usr/lib/libwbuffer-positive.so	SYMTAB	_ZNSt15wbuffer_convertISt12codecvt_utf8IwLm1114111ELSt12codecvt_mode0EEwSt11char_traitsIwEE9underflowEv	std::wbuffer_convert<std::codecvt_utf8<wchar_t, 1114111ul, (std::codecvt_mode)0>, wchar_t, std::char_traits<wchar_t> >::underflow()
CONTROL	wbuffer-positive	x86_64	92dd1918f2d050711ebcb3070b8513b2d21d22951f998759d1cc8674ad504735	/usr/lib/libwbuffer-positive.so	SYMTAB	_ZNSt15wbuffer_convertISt12codecvt_utf8IwLm1114111ELSt12codecvt_mode0EEwSt11char_traitsIwEEC1EPSt15basic_streambufIcS3_IcEEPS2_11__mbstate_t	std::wbuffer_convert<std::codecvt_utf8<wchar_t, 1114111ul, (std::codecvt_mode)0>, wchar_t, std::char_traits<wchar_t> >::wbuffer_convert(std::basic_streambuf<char, std::char_traits<char> >*, std::codecvt_utf8<wchar_t, 1114111ul, (std::codecvt_mode)0>*, __mbstate_t)
CONTROL	wbuffer-positive	x86_64	92dd1918f2d050711ebcb3070b8513b2d21d22951f998759d1cc8674ad504735	/usr/lib/libwbuffer-positive.so	SYMTAB	_ZNSt15wbuffer_convertISt12codecvt_utf8IwLm1114111ELSt12codecvt_mode0EEwSt11char_traitsIwEEC2EPSt15basic_streambufIcS3_IcEEPS2_11__mbstate_t	std::wbuffer_convert<std::codecvt_utf8<wchar_t, 1114111ul, (std::codecvt_mode)0>, wchar_t, std::char_traits<wchar_t> >::wbuffer_convert(std::basic_streambuf<char, std::char_traits<char> >*, std::codecvt_utf8<wchar_t, 1114111ul, (std::codecvt_mode)0>*, __mbstate_t)
CONTROL	wbuffer-positive	x86_64	92dd1918f2d050711ebcb3070b8513b2d21d22951f998759d1cc8674ad504735	/usr/lib/libwbuffer-positive.so	SYMTAB	_ZNSt15wbuffer_convertISt12codecvt_utf8IwLm1114111ELSt12codecvt_mode0EEwSt11char_traitsIwEED0Ev	std::wbuffer_convert<std::codecvt_utf8<wchar_t, 1114111ul, (std::codecvt_mode)0>, wchar_t, std::char_traits<wchar_t> >::~wbuffer_convert()
CONTROL	wbuffer-positive	x86_64	92dd1918f2d050711ebcb3070b8513b2d21d22951f998759d1cc8674ad504735	/usr/lib/libwbuffer-positive.so	SYMTAB	_ZNSt15wbuffer_convertISt12codecvt_utf8IwLm1114111ELSt12codecvt_mode0EEwSt11char_traitsIwEED1Ev	std::wbuffer_convert<std::codecvt_utf8<wchar_t, 1114111ul, (std::codecvt_mode)0>, wchar_t, std::char_traits<wchar_t> >::~wbuffer_convert()
CONTROL	wbuffer-positive	x86_64	92dd1918f2d050711ebcb3070b8513b2d21d22951f998759d1cc8674ad504735	/usr/lib/libwbuffer-positive.so	SYMTAB	_ZNSt15wbuffer_convertISt12codecvt_utf8IwLm1114111ELSt12codecvt_mode0EEwSt11char_traitsIwEED2Ev	std::wbuffer_convert<std::codecvt_utf8<wchar_t, 1114111ul, (std::codecvt_mode)0>, wchar_t, std::char_traits<wchar_t> >::~wbuffer_convert()
CONTROL	wbuffer-positive	x86_64	92dd1918f2d050711ebcb3070b8513b2d21d22951f998759d1cc8674ad504735	/usr/lib/libwbuffer-positive.so	SYMTAB	_ZTISt15wbuffer_convertISt12codecvt_utf8IwLm1114111ELSt12codecvt_mode0EEwSt11char_traitsIwEE	typeinfo for std::wbuffer_convert<std::codecvt_utf8<wchar_t, 1114111ul, (std::codecvt_mode)0>, wchar_t, std::char_traits<wchar_t> >
CONTROL	wbuffer-positive	x86_64	92dd1918f2d050711ebcb3070b8513b2d21d22951f998759d1cc8674ad504735	/usr/lib/libwbuffer-positive.so	SYMTAB	_ZTSSt15wbuffer_convertISt12codecvt_utf8IwLm1114111ELSt12codecvt_mode0EEwSt11char_traitsIwEE	typeinfo name for std::wbuffer_convert<std::codecvt_utf8<wchar_t, 1114111ul, (std::codecvt_mode)0>, wchar_t, std::char_traits<wchar_t> >
CONTROL	wbuffer-positive	x86_64	92dd1918f2d050711ebcb3070b8513b2d21d22951f998759d1cc8674ad504735	/usr/lib/libwbuffer-positive.so	SYMTAB	_ZTVSt15wbuffer_convertISt12codecvt_utf8IwLm1114111ELSt12codecvt_mode0EEwSt11char_traitsIwEE	vtable for std::wbuffer_convert<std::codecvt_utf8<wchar_t, 1114111ul, (std::codecvt_mode)0>, wchar_t, std::char_traits<wchar_t> >
CONTROL	wbuffer-positive	x86_64	92dd1918f2d050711ebcb3070b8513b2d21d22951f998759d1cc8674ad504735	/usr/lib/libwbuffer-positive.so	SYMTAB	use_wbuffer_convert	use_wbuffer_convert
