BASELINE.tsv	5e291b26c9a0a578afb00a47ed5cc0264b9b581d4e8ad5a0ef99223ad998ea41	688
commands/001_preflight.command.txt	1b870a851e2efd6faf6baa9bf61357b3b064df1089fdf3c26194c72128d60955	115
commands/001_preflight.exit.txt	9a271f2a916b0b6ee6cecb2426f0b3206ef074578be55d9bc94f6f3fe3ab86aa	2
commands/002_inventory.command.txt	2962cb560c80a430ae6ef458296edac98e824461687906cad44ec27855d0a333	482
commands/002_inventory.exit.txt	9a271f2a916b0b6ee6cecb2426f0b3206ef074578be55d9bc94f6f3fe3ab86aa	2
commands/003_future_context.command.txt	446fb90101c5cbaeef58ba028008113046a347ab0f6321de2349d946d3d30685	309
commands/003_future_context.exit.txt	9a271f2a916b0b6ee6cecb2426f0b3206ef074578be55d9bc94f6f3fe3ab86aa	2
commands/004_gdb_hang_stack.command.txt	ca8e8b9d8d248e0dc9d84722f09f7745b19ea1b676a443765e30b6ff9082f67c	596
commands/004_gdb_hang_stack.exit.txt	9a271f2a916b0b6ee6cecb2426f0b3206ef074578be55d9bc94f6f3fe3ab86aa	2
commands/005_copy_probe.command.txt	b21fbcdd66ad173eb7835070396c45d7db031e655871c098555c0588b0f12135	74
commands/005_copy_probe.exit.txt	9a271f2a916b0b6ee6cecb2426f0b3206ef074578be55d9bc94f6f3fe3ab86aa	2
commands/005_probe_fix.exit.txt	9a271f2a916b0b6ee6cecb2426f0b3206ef074578be55d9bc94f6f3fe3ab86aa	2
commands/006_build_corrected_probe.command.txt	912d42f4ef7a00c26e0ac8606aeeba7a8ff7573dec9d8d5517443a865cd50ea1	976
commands/006_build_corrected_probe.exit.txt	9a271f2a916b0b6ee6cecb2426f0b3206ef074578be55d9bc94f6f3fe3ab86aa	2
commands/007_run_corrected_noop.command.txt	99c7a219bd48e4ace687af373f396180f004a541bfdc96d23d04c61d8ab4a759	367
commands/007_run_corrected_noop.exit.txt	9a271f2a916b0b6ee6cecb2426f0b3206ef074578be55d9bc94f6f3fe3ab86aa	2
commands/008_prepare_experiment.command.txt	bf1fe2bc8666d2ad7aba2ec3c3d226fd650f7e99063a46c48d0ae2afd874e537	344
commands/008_prepare_experiment.exit.txt	9a271f2a916b0b6ee6cecb2426f0b3206ef074578be55d9bc94f6f3fe3ab86aa	2
commands/009_header_syntax.command.txt	cf0b727359dc27eb52ad7236c4eaa556c97133f060fab4ac6e6fb88943f4688a	508
commands/009_header_syntax.exit.txt	4355a46b19d348dc2f57c046f8ef63d4538ebb936000f3c9ee954a27460dd865	2
commands/010_commit_experiment.command.txt	05b6f532d1b167faed1de801b5ba0b3255b9999c45819bb0a30c21d61adbbc98	360
commands/010_commit_experiment.exit.txt	9a271f2a916b0b6ee6cecb2426f0b3206ef074578be55d9bc94f6f3fe3ab86aa	2
commands/011_configure_x86_64.command.txt	e4f426a0af084867e340a1a811208434c7138f895b3827fbf168374f55b5bf88	232
commands/011_configure_x86_64.exit.txt	9a271f2a916b0b6ee6cecb2426f0b3206ef074578be55d9bc94f6f3fe3ab86aa	2
commands/012_build_x86_64.command.txt	74a591c4b44b577b0e8d0f8ea205f11e1848f3084593d97d3e2c0f4da88dc63f	277
commands/012_build_x86_64.exit.txt	9a271f2a916b0b6ee6cecb2426f0b3206ef074578be55d9bc94f6f3fe3ab86aa	2
commands/013_build_fixed_probe.command.txt	b04d1beae2354d7df35d1b25a95aa8fff9ece88f028854d5eab81fec1261d138	966
commands/013_build_fixed_probe.exit.txt	9a271f2a916b0b6ee6cecb2426f0b3206ef074578be55d9bc94f6f3fe3ab86aa	2
commands/014_run_fixed_m2_once.command.txt	af88a0c5a34bf7e97a2368ed62338d1ecf7edfecb5cc587e4f44772e9c691a44	359
commands/014_run_fixed_m2_once.exit.txt	816c83d0ac08a94e91547a30df27dbbe88c7643cfa3c99d33120fd361173759a	3
commands/015_rebuild_and_run_fixed_probe.command.txt	5da7ea0cbca7254eafbf41b430f5b7f18546ff3cbead1c7469ce926d3ad269a2	1325
commands/015_rebuild_and_run_fixed_probe.exit.txt	9a271f2a916b0b6ee6cecb2426f0b3206ef074578be55d9bc94f6f3fe3ab86aa	2
commands/016_build_m2_matrix.command.txt	ac55a9c05ed544c9dfa87543dfaf3eb7a9f9223cfd67f95ddd804b918b5d1b1e	2013
commands/016_build_m2_matrix.exit.txt	9a271f2a916b0b6ee6cecb2426f0b3206ef074578be55d9bc94f6f3fe3ab86aa	2
commands/017_run_m2_matrix.command.txt	600e8a420b6b1de22f7c09ac22f83f4a0d802e7f3724f76ac4e0a0479a6479a2	177
commands/017_run_m2_matrix.exit.txt	9a271f2a916b0b6ee6cecb2426f0b3206ef074578be55d9bc94f6f3fe3ab86aa	2
commands/018_summarize_m2_matrix.command.txt	bb189ea0c35df19883e261fd2593d2cf43a38cd6177383ac9be4720cf97a8e3e	606
commands/018_summarize_m2_matrix.exit.txt	9a271f2a916b0b6ee6cecb2426f0b3206ef074578be55d9bc94f6f3fe3ab86aa	2
commands/019_build_regression_reference.command.txt	555dba14a6c6be463b423ad92cc56d6597c8b0df2888b8282e8a911e24c8165f	316
commands/019_build_regression_reference.exit.txt	9a271f2a916b0b6ee6cecb2426f0b3206ef074578be55d9bc94f6f3fe3ab86aa	2
commands/020_run_regressions.command.txt	eec32a2c6a441fe1bb57668611bde673e343a9360a3b1cfa46a0c1dd67f85715	181
commands/020_run_regressions.exit.txt	4355a46b19d348dc2f57c046f8ef63d4538ebb936000f3c9ee954a27460dd865	2
commands/021_run_regressions_corrected.command.txt	eec32a2c6a441fe1bb57668611bde673e343a9360a3b1cfa46a0c1dd67f85715	181
commands/021_run_regressions_corrected.exit.txt	9a271f2a916b0b6ee6cecb2426f0b3206ef074578be55d9bc94f6f3fe3ab86aa	2
commands/022_summarize_regressions.command.txt	60abfdf3a7e4ecd8588382c65a77486d8a910c6c60a59ad4417f62af5e22316c	450
commands/022_summarize_regressions.exit.txt	9a271f2a916b0b6ee6cecb2426f0b3206ef074578be55d9bc94f6f3fe3ab86aa	2
commands/023_existing_regression_inventory.command.txt	b919b8abd4cd83edb8b696e6b9630700ed9b43d3648198adcfe4d01c90e1d0d2	119
commands/023_existing_regression_inventory.exit.txt	9a271f2a916b0b6ee6cecb2426f0b3206ef074578be55d9bc94f6f3fe3ab86aa	2
commands/024_build_facility_probe.command.txt	e632149f9bcc2da2d6397daf111fd0c88871be7f39d4ce98b55d3e22c60163c2	977
commands/024_build_facility_probe.exit.txt	9a271f2a916b0b6ee6cecb2426f0b3206ef074578be55d9bc94f6f3fe3ab86aa	2
commands/025_run_existing_matrices.command.txt	b4d9aa381a7276ff24822f3c2f981a87849679d54b0a0d89d57f79439156da57	193
commands/025_run_existing_matrices.exit.txt	9a271f2a916b0b6ee6cecb2426f0b3206ef074578be55d9bc94f6f3fe3ab86aa	2
commands/026_summarize_existing_matrices.command.txt	8ede934b19ab59b0355e4066b3ad5d281e292fb9a80eae2b4a715b8e8c93c49c	345
commands/026_summarize_existing_matrices.exit.txt	9a271f2a916b0b6ee6cecb2426f0b3206ef074578be55d9bc94f6f3fe3ab86aa	2
commands/027_generate_updated_header_patch.command.txt	1fdfb0b1f8d59203aabf205afc95f16299306149057917ae1c9f9758009105f3	750
commands/027_generate_updated_header_patch.exit.txt	9a271f2a916b0b6ee6cecb2426f0b3206ef074578be55d9bc94f6f3fe3ab86aa	2
commands/028_identity.command.txt	462b9cc107b0f775a2e0fac28d0758780109b10e4853143a7b92de0a43b68a9e	627
commands/028_identity.exit.txt	9a271f2a916b0b6ee6cecb2426f0b3206ef074578be55d9bc94f6f3fe3ab86aa	2
commands/029_assemble_delivery.command.txt	294a84b44fcffe42c59c53834efddb94a199458f35e0d35461677fdd8b4c6fe0	1145
commands/029_assemble_delivery.exit.txt	9a271f2a916b0b6ee6cecb2426f0b3206ef074578be55d9bc94f6f3fe3ab86aa	2
commands/030_baseline_and_delivery_audit.command.txt	63e0a99db8936ad4393ec0bd3840fca4f7d29d99dc9f78aa311e5f11897bf84c	726
commands/030_baseline_and_delivery_audit.exit.txt	9a271f2a916b0b6ee6cecb2426f0b3206ef074578be55d9bc94f6f3fe3ab86aa	2
commands/031_end_time.command.txt	4fbf238de9ad71d216dd13c95c3a5259d696c493a77f787c13a43ac1df1923d3	24
commands/031_end_time.exit.txt	9a271f2a916b0b6ee6cecb2426f0b3206ef074578be55d9bc94f6f3fe3ab86aa	2
commands/032_finalize_delivery.command.txt	a3f495c64ea68a18449349cf4a514134a2849d5dc4845513fd8798708b48d6ad	719
commands/032_finalize_delivery.exit.txt	9a271f2a916b0b6ee6cecb2426f0b3206ef074578be55d9bc94f6f3fe3ab86aa	2
commands/033_self_contained_final_sync.command.txt	6dd341fe6310bfe23481adf614643d95644d04646f3c722439113386f3726ac8	429
commands/033_self_contained_final_sync.exit.txt	9a271f2a916b0b6ee6cecb2426f0b3206ef074578be55d9bc94f6f3fe3ab86aa	2
commands/034_commit_project.command.txt	b3277aa40042a5f16ba6d95914b8f2828c16dbe5582cadb8b1f99bbae0c3be49	238
commands/034_commit_project.exit.txt	53c234e5e8472b6ac51c1ae1cab3fe06fad053beb8ebfd8977b010655bfdd3c3	2
commands/035_commit_project_preserve_raw.command.txt	dddb7fd10cc2f468989c69933bb713183a414f34296d8a8631cf3a9701713914	983
commands/035_commit_project_preserve_raw.exit.txt	9a271f2a916b0b6ee6cecb2426f0b3206ef074578be55d9bc94f6f3fe3ab86aa	2
config/CMakeCache.x86_64.txt	2a5b3e794f29cc0e5b43d1438f6470951dbcc471a97cdf175423ebd51c544743	47274
current/libcxx/include/future	f70f0d1dce5467866f2d9ff7c48df3575cf97da76e453a0e58f2f6886c729f45	70177
current/libcxx/include/istream	0a2db1722f84b9ce453152131dcfc7db608d7d64b22dea84a64da19fb8caa9a1	48850
current/libcxx/include/string	a9d0adfef9ba6f86cb168b64b1500ad8fc4a6b97e4c54aef5e51175733bb6935	187843
current/libcxx/src/future.cpp	004ecd2f870bea2d54441ae94443a774f77467676909345473dbc40aa455c7f3	5988
m2_implementation.diff	0799c23378c87319633829946e21fc8804e7c7ecc13085bf9b5c73280ea3bf88	2558
patches/0001-Layer-C-header-preserve-forced-unwind-and-async-publication.patch	9f43c61ed2b2b21a3c8660d313e24b9e2d6b38a1c7e8fd44ad624586161e39ab	13789
probe_correction.diff	a52cfae383dd9c5263a9d0d789bbbd6fba474c487d4ff72849fa28b46507fb61	2407
raw/000_resource_gate.command.txt	81638dee6f68a428af72687ce19dae71b69416b376c9a8f7a87d0a8ea6284dbb	38
raw/000_resource_gate.exit_code.txt	9a271f2a916b0b6ee6cecb2426f0b3206ef074578be55d9bc94f6f3fe3ab86aa	2
raw/000_resource_gate.stderr.txt	e3b0c44298fc1c149afbf4c8996fb92427ae41e4649b934ca495991b7852b855	0
raw/000_resource_gate.stdout.txt	8d34be6659bdd8cabc694ad0505f87da437123dcc6d3624e5c636a03e0908939	179
raw/001_preflight.log	dec3487c404afe89b5fdbbf4549a9e4f20357ead30ecc1f5f41f5ee93f2b2542	1642
raw/002_inventory.log	addf835e793244dd50c6f985caf369f88be9a5a7cf5198051e2d0e20d3d1e835	14286
raw/003_future_context.log	104112c1a048f7989979f88e7f8beaa6c3005494bb0fad47d7aa2a5a0a23d097	23805
raw/004_gdb_hang_stack.log	1ada0037d8c34742ab24fb2c31abd060995ccee66f3cbe358963c5a35e2f5ff2	3807
raw/005_probe_fix.diff	709b2e126cd7f709c008b3ec5a533a96cc2ea7b692bab35d72be243a289e0228	2442
raw/006_build_corrected_probe.log	e3b0c44298fc1c149afbf4c8996fb92427ae41e4649b934ca495991b7852b855	0
raw/007_run_corrected_noop.log	b6c9915a7e602c25875697502f14ed583e23050f2db0fe4312ad7d4236e91015	118
raw/008_prepare_experiment.log	f55274d316234198807c08941c903a86bfa3e7d74047bfcacd61b13b6cada408	5222
raw/009_header_syntax.log	430baeda67ed04dbfb8d2ca4283768941fd8dbb811e12da7c0dc27d79ec704c5	9975
raw/010_commit_experiment.log	2a97c3eecb78b6dcb82753fcd76e407568c4f0c18e67f8535d25d29573d57004	387
raw/011_configure_x86_64.log	0942cf1e2b18aa355550f41ad404d3cc601e9a17bf3bf0a2e63a466c5206f300	11073
raw/012_build_x86_64.log	f19d66147b294f7c8e2130fbd5da0a1df5a6c2049a1aa1fb040945ab50124a9a	111399
raw/013_build_fixed_probe.log	e3b0c44298fc1c149afbf4c8996fb92427ae41e4649b934ca495991b7852b855	0
raw/014_run_fixed_m2_once.log	4d8de9a9eac63b43bacb6c38d3951c749df6e363dce398b0890c3064c97384dd	83
raw/015_rebuild_and_run_fixed_probe.log	450277edff8b64d66859f61e6cc6536c6a2da5fe8463171f4fb7f64d11deb396	220
raw/016_build_m2_matrix.log	e3b0c44298fc1c149afbf4c8996fb92427ae41e4649b934ca495991b7852b855	0
raw/017_run_m2_matrix.log	e3b0c44298fc1c149afbf4c8996fb92427ae41e4649b934ca495991b7852b855	0
raw/018_summarize_m2_matrix.log	c7fd10e5ea7a158cc9f1ac2ca2f78710cdf63a0a69fd6051d6dae22bf9c0253d	4366
raw/019_build_regression_reference.log	e3b0c44298fc1c149afbf4c8996fb92427ae41e4649b934ca495991b7852b855	0
raw/020_run_regressions.log	12e40c1562c4514fd4a8b7834fd1ae68cddd390989e4ffe00a7ad3ebe5b078d5	117
raw/021_run_regressions_corrected.log	e3b0c44298fc1c149afbf4c8996fb92427ae41e4649b934ca495991b7852b855	0
raw/022_summarize_regressions.log	00b5f44262b51b45da2f3c2db832a3afbb0305073306b8056466e79b212eef21	2488
raw/023_existing_regression_inventory.log	b2d9643df28d9ab0307c9f0e717be201b8d00b0d40ebcb96851e83ed1d0dda1a	32210
raw/024_build_facility_probe.log	e3b0c44298fc1c149afbf4c8996fb92427ae41e4649b934ca495991b7852b855	0
raw/025_run_existing_matrices.log	4da50560039aa380c6850f7e877b74a47dc3fd8df9cf70784d9f0b6f304ac697	1160
raw/026_summarize_existing_matrices.log	b953c8ac287f5778cb6e0974b7e28871dabc4dc580f2b1eb2798373f5c1b5323	2439
raw/027_generate_updated_header_patch.log	093facd346a5426ef048a79948c2556e27444bcd95aed20d1cb63fa86b8d8a83	386
raw/028_identity.log	a811c4fe4fd49d81d7db86cb3150f784060da4028e2846f20ae6ea713b5cef65	10516
raw/029_assemble_delivery.log	1ca4a13146b2891c0e462123ac0cb848f92e6221f18b870a1b78c232d1956c35	12
raw/030_baseline_and_delivery_audit.log	5aee7cf791efadb99cfdcbd7fd619b03d07e1ebeb0e04260105318915b662e12	1200
raw/031_end_time.log	35908b190bbeed8a701755b691e15655b1bd00df569e77ffdffc48a224730ef4	26
raw/032_finalize_delivery.log	079b755f1e6261acd885d1366700385f487d8efa21c3bc2eeec408979f4f18ba	299
raw/033_self_contained_final_sync.log	159772f8d10033b8028cb8709fe2b75ced6dd1e03486dad7b5c46da6769a9e20	202
raw/034_commit_project.log	5b82c58a44d2e118517d0cc9b74faeed6ebf6fc6c61b9758106a68f755223dd1	18344
raw/035_commit_project_preserve_raw.log	d91330e02dee91fcc83b1996cad51c2b5983cc2b49edbc92afeb25bec9cfea62	72252
raw/build_monitor_x86_64/resource_samples.log	ecb8e2a308b6172402a37c738151dd691e883ee5dd6682ad594b994c8c3334a2	632
raw/existing_matrices/facility_baseline_arithmetic.log	20afd96ac8321507be480e21559d31d56084fe1e403584d1c9d6984548c45538	440
raw/existing_matrices/facility_baseline_async.log	7299256373e80950cc04727403d5b7401bbaba5fac6374a4a69ba61e27a2bd8a	430
raw/existing_matrices/facility_baseline_cout.log	4a386a2a90617946baf995e23a1858d4dfc5a1b5af43ced611f7ccf4926aa8a8	416
raw/existing_matrices/facility_baseline_getline_free.log	9983553881b04beb122723beaa9b64ac33a04d2a616437d6b0d309aea3f509ad	432
raw/existing_matrices/facility_baseline_getline_member.log	d1dbefc5eebf684cb7f5bcbb5bc9bcf153c4d8f1bceb7c4fedec418dd26ba909	436
raw/existing_matrices/facility_baseline_packaged_task.log	74f720db985d96537c08643ec6b4f5ca329561bef77c594195148c68208e89ed	434
raw/existing_matrices/facility_baseline_read.log	1aed71947ade8a9fb788e97b49b68dab972157dc0bce0e04b7f94cc22d12a3c6	416
raw/existing_matrices/facility_fixed_arithmetic.log	201cac8d4f1a39dbb03d4c76da619e699105a66ae0735d7b391ebb89b604e8ce	507
raw/existing_matrices/facility_fixed_async.log	f0b3e1e63e6264adbbe7b0d69dc570cfb6e668093b47d9e76b9647849b7286f2	467
raw/existing_matrices/facility_fixed_cout.log	fcaba897ce657b3d05869d8e685f354313693730d4d53b6ee71e84c57817c2d5	491
raw/existing_matrices/facility_fixed_getline_free.log	c49a909a0920ac1a3e045c933303451c527b3ff2fa9fcdbe508fd7d9adfc6539	513
raw/existing_matrices/facility_fixed_getline_member.log	245558204833facc3c581f65d65de92de0062b60d00a8868f6a7f3f071c22a5b	519
raw/existing_matrices/facility_fixed_packaged_task.log	c68643d18f5b8e3ae89906c56996187263e62fa2fa019c20fba2bbafd31029a6	516
raw/existing_matrices/facility_fixed_read.log	7d06e1437cd3eed80b732674819dd406eb14b5a5fd962d46c5525860b0e9fe89	489
raw/existing_matrices/facility_reference_arithmetic.log	fc9739b602496137217e3b72bd63971d42e99a9f1936947779b063644c424aa9	246
raw/existing_matrices/facility_reference_async.log	fa0a5eb97b0ea89b9d7ed20337312f9422f2388d17bf528caa38989ac99f3b2c	206
raw/existing_matrices/facility_reference_cout.log	f4ab67f77cdd9ec960508104eb5e0b84d87f89a25a6919842b6f31f69d8d6a93	230
raw/existing_matrices/facility_reference_getline_free.log	1ba94bc313cb54c639a6bf408ecbffa42832749fb09a4a6fc4b71fc41e51c492	252
raw/existing_matrices/facility_reference_getline_member.log	4089ecacc2a31838bcc61dd5486799ed058b6e49e0b7852cdc9b0060f49eac9a	258
raw/existing_matrices/facility_reference_packaged_task.log	a643dbd33a1c1ceda5e4c21f5b23f5788c2eb1a770e9ec109959626b2878bc7e	255
raw/existing_matrices/facility_reference_read.log	551782c3cbb47a9da5849d6aaab075ff3dd9c4d7d8a8ef25ef085b667fe09473	228
raw/existing_matrices/regression_fixed_cancel-catchall-rethrow.log	5b4639057e00218400ace7b4649853cad91863c1e7b8f9b1a79559e604d06b22	1129
raw/existing_matrices/regression_fixed_cancel-nested.log	a1fb5192e9d1f4ab285160880cfb68310d7adfd1fb8827244ea5386b778844ee	1180
raw/existing_matrices/regression_fixed_cancel-no-catch.log	84783e78225cc8114d15cd8e5caec6d4595a43d75aa082ed073c87a3e8fe3575	1065
raw/existing_matrices/regression_fixed_cancel.log	0738d08e16d40c9281d21ed37f215562ae3e3f34ac3aa672b861a5216220a6f2	1051
raw/existing_matrices/regression_fixed_exit-catchall-rethrow.log	34d4a5e238a7aa0ed0ddc0eb0049c2b66087597770a866529b28f0a2ba541b6a	1121
raw/existing_matrices/regression_fixed_exit-no-catch.log	af0ae816e1e0342db9e72a9e8f988f47c90fec9b94c8053c6516b3c022c3728b	1059
raw/existing_matrices/regression_fixed_exit.log	831f9b5ff9ed7442d207b21865307fb3c2e7204cc27abc8b3d9805959e2088ac	1043
raw/existing_matrices/regression_fixed_foreign.log	c4b2d10136b663103d83ad508edba6c5d5856fa426ff5f33aa46364c2674cf96	1138
raw/existing_matrices/regression_fixed_real.log	8b1c7dfb16f96f11eae6fae044dd0fe7aef5b838e12fa8cc9cedfc498bbda5d1	1030
raw/existing_matrices/regression_reference_cancel-catchall-rethrow.log	4657cb6da75160a9d4c88b7688b8ab442f8eb41aacffb7220ca3b3388a0fd2f1	279
raw/existing_matrices/regression_reference_cancel-nested.log	d2cdfd19b873553f87e0100b1cff69a01910b3d1f5cf40ea9b5079d7c581c504	330
raw/existing_matrices/regression_reference_cancel-no-catch.log	acf697e6044ac1006a7994cf43114c94d2f3704b720c91f6165839b07bc3b50d	215
raw/existing_matrices/regression_reference_cancel.log	a53e120214093e2c543768c857eef4ba94b37ac86e38f15a2ed201674125cc80	201
raw/existing_matrices/regression_reference_exit-catchall-rethrow.log	1d1657fe2aa85f9b1ef0674134b0b9cc89a60d86252bb9498b13c1bb8c723904	271
raw/existing_matrices/regression_reference_exit-no-catch.log	5ff3677cb295a9f11154cc3adc98a9f0dcd0c2827850e003c7b7a8015faca260	209
raw/existing_matrices/regression_reference_exit.log	62e5d4acf71b5330b5487fb3667cacc261ad734cae5fb34c754e58d0202964ef	193
raw/existing_matrices/regression_reference_foreign.log	fd5e70fd932aa188f9d0b5d4fc453267110a743002f316f4c890e291cc9e52b1	288
raw/existing_matrices/regression_reference_real.log	253acd8a58f984317a76faa2eb9049de9962684bcd72bbe25c35c7f4cb2958f2	180
raw/existing_matrices/results.tsv	69f890a16b92a0f839b711de5e0e0ddb326c9c37bb7a601e3fef64c3d48d3eeb	1886
raw/existing_matrices/upstream_libcxx_forced_unwind1.log	01e4168203a96134dfdd67c23fb28317b8d427aeb013720a132bd011a33c9b5f	706
raw/existing_matrices/upstream_libcxx_forced_unwind2.log	51094cb0ce9068fc5c423344a2615a4eeaa94a7cb33b065bc43a73ce9b2538ed	706
raw/existing_matrices/upstream_libcxx_forced_unwind3.log	ee2bf52d7da6fb7c5480f0568cf452f17c37f5234cfc4ea279cdf241a176cd5b	1018
raw/existing_matrices/upstream_libcxx_forced_unwind4.log	637b0da96c2953a2fe888ed3c79e3502ebe7a848ce43a0cb3d208ee75290e3fe	1018
raw/existing_matrices/upstream_libcxx_unwind_01.log	ea1b57b5b738376e436d6aefaa12253b21d0bbfbdc5625c23f0de592ab905da4	691
raw/existing_matrices/upstream_libcxx_unwind_02.log	f5b02769a7fb7afde8020b0446b2c777df83bcb52db9153fe44aef22d2235869	691
raw/existing_matrices/upstream_libcxx_unwind_03.log	dcb3dc2184f1d3fa7ca446b1ddfd845cecf7522e4c7bce52f1638500f6475d92	691
raw/existing_matrices/upstream_libcxx_unwind_04.log	4ff3e27d588ffa26d502a2e1d9f539b6e73c894a720a44c1b1f922808daf406d	691
raw/existing_matrices/upstream_libcxx_unwind_05.log	e3e6a1839e0b21b3359f48a3548ea4de5c8b7b4d367e549a883fd1f8ac9e5957	691
raw/existing_matrices/upstream_libcxx_unwind_06.log	c1f3507102ab55bdb0793bdccc178b0759773d913b0483a7fb79716362638152	691
raw/existing_matrices/upstream_libstdcxx_forced_unwind1.log	a45f9f2e3906a7675252636bfea0243fb1f7b8f503887e55831a73973058ec6b	128
raw/existing_matrices/upstream_libstdcxx_forced_unwind2.log	32a355151c2b73b9bc32fa84dbcd737bbfc75938652cca73db333504816a631f	128
raw/existing_matrices/upstream_libstdcxx_forced_unwind3.log	7d5c4c9a4ea9ba535efef3994ea73c04c36d2d28265a8bc4d2d31de6667a5290	128
raw/existing_matrices/upstream_libstdcxx_forced_unwind4.log	9e85c1c9f9a4b0b5a6d43efdce07100a9901de2a97019a48b819ae4935be4172	128
raw/existing_matrices/upstream_libstdcxx_unwind_01.log	0f013d6eefcecd961240b3a32b6fad770c57e63577539fd55973ce099de1d57b	123
raw/existing_matrices/upstream_libstdcxx_unwind_02.log	3fac92af040d82c2d94f3f1f7f99d76b4f88021f09c5ab4baa4137ab53c194fb	123
raw/existing_matrices/upstream_libstdcxx_unwind_03.log	db69954081037c6669824add9d4f00ca596fff71af0bab84acb14664fe49f091	123
raw/existing_matrices/upstream_libstdcxx_unwind_04.log	4d97db4bb5734189d8e5628d23afbac54a2c48e3e9fa8e0231d9b377790c8bad	123
raw/existing_matrices/upstream_libstdcxx_unwind_05.log	c6cb93c538053c57af6cb3a1e03378d8a4e1e7f2ecdf2b59da05fdfb441aa07a	123
raw/existing_matrices/upstream_libstdcxx_unwind_06.log	a99ef299b2a785fcd91585c9e7ef4f094c4663e68ff533d41d2533907817b41f	123
raw/m2_matrix/baseline_m2.log	d1c533aea0f66f0c032b6de99f03b8943e42cef22c9ddc9d6de94180e8e81c65	338
raw/m2_matrix/fixed_exception_1.log	d9a3bc24fa9358930926640f03b20c94edabee9e9a7b89d14bb45df990bee3a1	434
raw/m2_matrix/fixed_exception_10.log	d9a3bc24fa9358930926640f03b20c94edabee9e9a7b89d14bb45df990bee3a1	434
raw/m2_matrix/fixed_exception_11.log	d9a3bc24fa9358930926640f03b20c94edabee9e9a7b89d14bb45df990bee3a1	434
raw/m2_matrix/fixed_exception_12.log	d9a3bc24fa9358930926640f03b20c94edabee9e9a7b89d14bb45df990bee3a1	434
raw/m2_matrix/fixed_exception_13.log	d9a3bc24fa9358930926640f03b20c94edabee9e9a7b89d14bb45df990bee3a1	434
raw/m2_matrix/fixed_exception_14.log	d9a3bc24fa9358930926640f03b20c94edabee9e9a7b89d14bb45df990bee3a1	434
raw/m2_matrix/fixed_exception_15.log	d9a3bc24fa9358930926640f03b20c94edabee9e9a7b89d14bb45df990bee3a1	434
raw/m2_matrix/fixed_exception_16.log	d9a3bc24fa9358930926640f03b20c94edabee9e9a7b89d14bb45df990bee3a1	434
raw/m2_matrix/fixed_exception_17.log	d9a3bc24fa9358930926640f03b20c94edabee9e9a7b89d14bb45df990bee3a1	434
raw/m2_matrix/fixed_exception_18.log	d9a3bc24fa9358930926640f03b20c94edabee9e9a7b89d14bb45df990bee3a1	434
raw/m2_matrix/fixed_exception_19.log	d9a3bc24fa9358930926640f03b20c94edabee9e9a7b89d14bb45df990bee3a1	434
raw/m2_matrix/fixed_exception_2.log	d9a3bc24fa9358930926640f03b20c94edabee9e9a7b89d14bb45df990bee3a1	434
raw/m2_matrix/fixed_exception_20.log	d9a3bc24fa9358930926640f03b20c94edabee9e9a7b89d14bb45df990bee3a1	434
raw/m2_matrix/fixed_exception_3.log	d9a3bc24fa9358930926640f03b20c94edabee9e9a7b89d14bb45df990bee3a1	434
raw/m2_matrix/fixed_exception_4.log	d9a3bc24fa9358930926640f03b20c94edabee9e9a7b89d14bb45df990bee3a1	434
raw/m2_matrix/fixed_exception_5.log	d9a3bc24fa9358930926640f03b20c94edabee9e9a7b89d14bb45df990bee3a1	434
raw/m2_matrix/fixed_exception_6.log	d9a3bc24fa9358930926640f03b20c94edabee9e9a7b89d14bb45df990bee3a1	434
raw/m2_matrix/fixed_exception_7.log	d9a3bc24fa9358930926640f03b20c94edabee9e9a7b89d14bb45df990bee3a1	434
raw/m2_matrix/fixed_exception_8.log	d9a3bc24fa9358930926640f03b20c94edabee9e9a7b89d14bb45df990bee3a1	434
raw/m2_matrix/fixed_exception_9.log	d9a3bc24fa9358930926640f03b20c94edabee9e9a7b89d14bb45df990bee3a1	434
raw/m2_matrix/fixed_m2_1.log	17a35b7d4bc448a6fe388c3de3d17b99821bc8a60ed59c3c938cdf4c0db5cdbb	524
raw/m2_matrix/fixed_m2_10.log	17a35b7d4bc448a6fe388c3de3d17b99821bc8a60ed59c3c938cdf4c0db5cdbb	524
raw/m2_matrix/fixed_m2_11.log	17a35b7d4bc448a6fe388c3de3d17b99821bc8a60ed59c3c938cdf4c0db5cdbb	524
raw/m2_matrix/fixed_m2_12.log	17a35b7d4bc448a6fe388c3de3d17b99821bc8a60ed59c3c938cdf4c0db5cdbb	524
raw/m2_matrix/fixed_m2_13.log	17a35b7d4bc448a6fe388c3de3d17b99821bc8a60ed59c3c938cdf4c0db5cdbb	524
raw/m2_matrix/fixed_m2_14.log	17a35b7d4bc448a6fe388c3de3d17b99821bc8a60ed59c3c938cdf4c0db5cdbb	524
raw/m2_matrix/fixed_m2_15.log	17a35b7d4bc448a6fe388c3de3d17b99821bc8a60ed59c3c938cdf4c0db5cdbb	524
raw/m2_matrix/fixed_m2_16.log	17a35b7d4bc448a6fe388c3de3d17b99821bc8a60ed59c3c938cdf4c0db5cdbb	524
raw/m2_matrix/fixed_m2_17.log	17a35b7d4bc448a6fe388c3de3d17b99821bc8a60ed59c3c938cdf4c0db5cdbb	524
raw/m2_matrix/fixed_m2_18.log	17a35b7d4bc448a6fe388c3de3d17b99821bc8a60ed59c3c938cdf4c0db5cdbb	524
raw/m2_matrix/fixed_m2_19.log	17a35b7d4bc448a6fe388c3de3d17b99821bc8a60ed59c3c938cdf4c0db5cdbb	524
raw/m2_matrix/fixed_m2_2.log	17a35b7d4bc448a6fe388c3de3d17b99821bc8a60ed59c3c938cdf4c0db5cdbb	524
raw/m2_matrix/fixed_m2_20.log	17a35b7d4bc448a6fe388c3de3d17b99821bc8a60ed59c3c938cdf4c0db5cdbb	524
raw/m2_matrix/fixed_m2_3.log	17a35b7d4bc448a6fe388c3de3d17b99821bc8a60ed59c3c938cdf4c0db5cdbb	524
raw/m2_matrix/fixed_m2_4.log	17a35b7d4bc448a6fe388c3de3d17b99821bc8a60ed59c3c938cdf4c0db5cdbb	524
raw/m2_matrix/fixed_m2_5.log	17a35b7d4bc448a6fe388c3de3d17b99821bc8a60ed59c3c938cdf4c0db5cdbb	524
raw/m2_matrix/fixed_m2_6.log	17a35b7d4bc448a6fe388c3de3d17b99821bc8a60ed59c3c938cdf4c0db5cdbb	524
raw/m2_matrix/fixed_m2_7.log	17a35b7d4bc448a6fe388c3de3d17b99821bc8a60ed59c3c938cdf4c0db5cdbb	524
raw/m2_matrix/fixed_m2_8.log	17a35b7d4bc448a6fe388c3de3d17b99821bc8a60ed59c3c938cdf4c0db5cdbb	524
raw/m2_matrix/fixed_m2_9.log	17a35b7d4bc448a6fe388c3de3d17b99821bc8a60ed59c3c938cdf4c0db5cdbb	524
raw/m2_matrix/fixed_multi_waiters_1.log	a6ca32e312e92163e1a59dc725e65997c3e9e7e9e6cde17f8c6ff319342e8354	437
raw/m2_matrix/fixed_multi_waiters_10.log	a6ca32e312e92163e1a59dc725e65997c3e9e7e9e6cde17f8c6ff319342e8354	437
raw/m2_matrix/fixed_multi_waiters_11.log	a6ca32e312e92163e1a59dc725e65997c3e9e7e9e6cde17f8c6ff319342e8354	437
raw/m2_matrix/fixed_multi_waiters_12.log	a6ca32e312e92163e1a59dc725e65997c3e9e7e9e6cde17f8c6ff319342e8354	437
raw/m2_matrix/fixed_multi_waiters_13.log	a6ca32e312e92163e1a59dc725e65997c3e9e7e9e6cde17f8c6ff319342e8354	437
raw/m2_matrix/fixed_multi_waiters_14.log	a6ca32e312e92163e1a59dc725e65997c3e9e7e9e6cde17f8c6ff319342e8354	437
raw/m2_matrix/fixed_multi_waiters_15.log	a6ca32e312e92163e1a59dc725e65997c3e9e7e9e6cde17f8c6ff319342e8354	437
raw/m2_matrix/fixed_multi_waiters_16.log	a6ca32e312e92163e1a59dc725e65997c3e9e7e9e6cde17f8c6ff319342e8354	437
raw/m2_matrix/fixed_multi_waiters_17.log	a6ca32e312e92163e1a59dc725e65997c3e9e7e9e6cde17f8c6ff319342e8354	437
raw/m2_matrix/fixed_multi_waiters_18.log	a6ca32e312e92163e1a59dc725e65997c3e9e7e9e6cde17f8c6ff319342e8354	437
raw/m2_matrix/fixed_multi_waiters_19.log	a6ca32e312e92163e1a59dc725e65997c3e9e7e9e6cde17f8c6ff319342e8354	437
raw/m2_matrix/fixed_multi_waiters_2.log	a6ca32e312e92163e1a59dc725e65997c3e9e7e9e6cde17f8c6ff319342e8354	437
raw/m2_matrix/fixed_multi_waiters_20.log	a6ca32e312e92163e1a59dc725e65997c3e9e7e9e6cde17f8c6ff319342e8354	437
raw/m2_matrix/fixed_multi_waiters_3.log	a6ca32e312e92163e1a59dc725e65997c3e9e7e9e6cde17f8c6ff319342e8354	437
raw/m2_matrix/fixed_multi_waiters_4.log	a6ca32e312e92163e1a59dc725e65997c3e9e7e9e6cde17f8c6ff319342e8354	437
raw/m2_matrix/fixed_multi_waiters_5.log	a6ca32e312e92163e1a59dc725e65997c3e9e7e9e6cde17f8c6ff319342e8354	437
raw/m2_matrix/fixed_multi_waiters_6.log	a6ca32e312e92163e1a59dc725e65997c3e9e7e9e6cde17f8c6ff319342e8354	437
raw/m2_matrix/fixed_multi_waiters_7.log	a6ca32e312e92163e1a59dc725e65997c3e9e7e9e6cde17f8c6ff319342e8354	437
raw/m2_matrix/fixed_multi_waiters_8.log	a6ca32e312e92163e1a59dc725e65997c3e9e7e9e6cde17f8c6ff319342e8354	437
raw/m2_matrix/fixed_multi_waiters_9.log	a6ca32e312e92163e1a59dc725e65997c3e9e7e9e6cde17f8c6ff319342e8354	437
raw/m2_matrix/fixed_void_1.log	6adfcbcae9d82593915dbf7b52626ac63c3792c3418445f96f5f90ab215a57ea	406
raw/m2_matrix/fixed_void_10.log	6adfcbcae9d82593915dbf7b52626ac63c3792c3418445f96f5f90ab215a57ea	406
raw/m2_matrix/fixed_void_11.log	6adfcbcae9d82593915dbf7b52626ac63c3792c3418445f96f5f90ab215a57ea	406
raw/m2_matrix/fixed_void_12.log	6adfcbcae9d82593915dbf7b52626ac63c3792c3418445f96f5f90ab215a57ea	406
raw/m2_matrix/fixed_void_13.log	6adfcbcae9d82593915dbf7b52626ac63c3792c3418445f96f5f90ab215a57ea	406
raw/m2_matrix/fixed_void_14.log	6adfcbcae9d82593915dbf7b52626ac63c3792c3418445f96f5f90ab215a57ea	406
raw/m2_matrix/fixed_void_15.log	6adfcbcae9d82593915dbf7b52626ac63c3792c3418445f96f5f90ab215a57ea	406
raw/m2_matrix/fixed_void_16.log	6adfcbcae9d82593915dbf7b52626ac63c3792c3418445f96f5f90ab215a57ea	406
raw/m2_matrix/fixed_void_17.log	6adfcbcae9d82593915dbf7b52626ac63c3792c3418445f96f5f90ab215a57ea	406
raw/m2_matrix/fixed_void_18.log	6adfcbcae9d82593915dbf7b52626ac63c3792c3418445f96f5f90ab215a57ea	406
raw/m2_matrix/fixed_void_19.log	6adfcbcae9d82593915dbf7b52626ac63c3792c3418445f96f5f90ab215a57ea	406
raw/m2_matrix/fixed_void_2.log	6adfcbcae9d82593915dbf7b52626ac63c3792c3418445f96f5f90ab215a57ea	406
raw/m2_matrix/fixed_void_20.log	6adfcbcae9d82593915dbf7b52626ac63c3792c3418445f96f5f90ab215a57ea	406
raw/m2_matrix/fixed_void_3.log	6adfcbcae9d82593915dbf7b52626ac63c3792c3418445f96f5f90ab215a57ea	406
raw/m2_matrix/fixed_void_4.log	6adfcbcae9d82593915dbf7b52626ac63c3792c3418445f96f5f90ab215a57ea	406
raw/m2_matrix/fixed_void_5.log	6adfcbcae9d82593915dbf7b52626ac63c3792c3418445f96f5f90ab215a57ea	406
raw/m2_matrix/fixed_void_6.log	6adfcbcae9d82593915dbf7b52626ac63c3792c3418445f96f5f90ab215a57ea	406
raw/m2_matrix/fixed_void_7.log	6adfcbcae9d82593915dbf7b52626ac63c3792c3418445f96f5f90ab215a57ea	406
raw/m2_matrix/fixed_void_8.log	6adfcbcae9d82593915dbf7b52626ac63c3792c3418445f96f5f90ab215a57ea	406
raw/m2_matrix/fixed_void_9.log	6adfcbcae9d82593915dbf7b52626ac63c3792c3418445f96f5f90ab215a57ea	406
raw/m2_matrix/fixed_wait_for_1.log	e45d3ce315f0cbcd237df4a97b125a830465d5b8a0e00e88487d4324b3b26ecb	445
raw/m2_matrix/fixed_wait_for_10.log	e45d3ce315f0cbcd237df4a97b125a830465d5b8a0e00e88487d4324b3b26ecb	445
raw/m2_matrix/fixed_wait_for_11.log	e45d3ce315f0cbcd237df4a97b125a830465d5b8a0e00e88487d4324b3b26ecb	445
raw/m2_matrix/fixed_wait_for_12.log	e45d3ce315f0cbcd237df4a97b125a830465d5b8a0e00e88487d4324b3b26ecb	445
raw/m2_matrix/fixed_wait_for_13.log	e45d3ce315f0cbcd237df4a97b125a830465d5b8a0e00e88487d4324b3b26ecb	445
raw/m2_matrix/fixed_wait_for_14.log	e45d3ce315f0cbcd237df4a97b125a830465d5b8a0e00e88487d4324b3b26ecb	445
raw/m2_matrix/fixed_wait_for_15.log	e45d3ce315f0cbcd237df4a97b125a830465d5b8a0e00e88487d4324b3b26ecb	445
raw/m2_matrix/fixed_wait_for_16.log	e45d3ce315f0cbcd237df4a97b125a830465d5b8a0e00e88487d4324b3b26ecb	445
raw/m2_matrix/fixed_wait_for_17.log	e45d3ce315f0cbcd237df4a97b125a830465d5b8a0e00e88487d4324b3b26ecb	445
raw/m2_matrix/fixed_wait_for_18.log	e45d3ce315f0cbcd237df4a97b125a830465d5b8a0e00e88487d4324b3b26ecb	445
raw/m2_matrix/fixed_wait_for_19.log	e45d3ce315f0cbcd237df4a97b125a830465d5b8a0e00e88487d4324b3b26ecb	445
raw/m2_matrix/fixed_wait_for_2.log	e45d3ce315f0cbcd237df4a97b125a830465d5b8a0e00e88487d4324b3b26ecb	445
raw/m2_matrix/fixed_wait_for_20.log	e45d3ce315f0cbcd237df4a97b125a830465d5b8a0e00e88487d4324b3b26ecb	445
raw/m2_matrix/fixed_wait_for_3.log	e45d3ce315f0cbcd237df4a97b125a830465d5b8a0e00e88487d4324b3b26ecb	445
raw/m2_matrix/fixed_wait_for_4.log	e45d3ce315f0cbcd237df4a97b125a830465d5b8a0e00e88487d4324b3b26ecb	445
raw/m2_matrix/fixed_wait_for_5.log	e45d3ce315f0cbcd237df4a97b125a830465d5b8a0e00e88487d4324b3b26ecb	445
raw/m2_matrix/fixed_wait_for_6.log	e45d3ce315f0cbcd237df4a97b125a830465d5b8a0e00e88487d4324b3b26ecb	445
raw/m2_matrix/fixed_wait_for_7.log	e45d3ce315f0cbcd237df4a97b125a830465d5b8a0e00e88487d4324b3b26ecb	445
raw/m2_matrix/fixed_wait_for_8.log	e45d3ce315f0cbcd237df4a97b125a830465d5b8a0e00e88487d4324b3b26ecb	445
raw/m2_matrix/fixed_wait_for_9.log	e45d3ce315f0cbcd237df4a97b125a830465d5b8a0e00e88487d4324b3b26ecb	445
raw/m2_matrix/reference_exception_1.log	5f7d6373dc3b15d56e56f02add078c13e24019143a7d7e58e5b9a4a0dbab108c	172
raw/m2_matrix/reference_exception_10.log	5f7d6373dc3b15d56e56f02add078c13e24019143a7d7e58e5b9a4a0dbab108c	172
raw/m2_matrix/reference_exception_11.log	5f7d6373dc3b15d56e56f02add078c13e24019143a7d7e58e5b9a4a0dbab108c	172
raw/m2_matrix/reference_exception_12.log	5f7d6373dc3b15d56e56f02add078c13e24019143a7d7e58e5b9a4a0dbab108c	172
raw/m2_matrix/reference_exception_13.log	5f7d6373dc3b15d56e56f02add078c13e24019143a7d7e58e5b9a4a0dbab108c	172
raw/m2_matrix/reference_exception_14.log	5f7d6373dc3b15d56e56f02add078c13e24019143a7d7e58e5b9a4a0dbab108c	172
raw/m2_matrix/reference_exception_15.log	5f7d6373dc3b15d56e56f02add078c13e24019143a7d7e58e5b9a4a0dbab108c	172
raw/m2_matrix/reference_exception_16.log	5f7d6373dc3b15d56e56f02add078c13e24019143a7d7e58e5b9a4a0dbab108c	172
raw/m2_matrix/reference_exception_17.log	5f7d6373dc3b15d56e56f02add078c13e24019143a7d7e58e5b9a4a0dbab108c	172
raw/m2_matrix/reference_exception_18.log	5f7d6373dc3b15d56e56f02add078c13e24019143a7d7e58e5b9a4a0dbab108c	172
raw/m2_matrix/reference_exception_19.log	5f7d6373dc3b15d56e56f02add078c13e24019143a7d7e58e5b9a4a0dbab108c	172
raw/m2_matrix/reference_exception_2.log	5f7d6373dc3b15d56e56f02add078c13e24019143a7d7e58e5b9a4a0dbab108c	172
raw/m2_matrix/reference_exception_20.log	5f7d6373dc3b15d56e56f02add078c13e24019143a7d7e58e5b9a4a0dbab108c	172
raw/m2_matrix/reference_exception_3.log	5f7d6373dc3b15d56e56f02add078c13e24019143a7d7e58e5b9a4a0dbab108c	172
raw/m2_matrix/reference_exception_4.log	5f7d6373dc3b15d56e56f02add078c13e24019143a7d7e58e5b9a4a0dbab108c	172
raw/m2_matrix/reference_exception_5.log	5f7d6373dc3b15d56e56f02add078c13e24019143a7d7e58e5b9a4a0dbab108c	172
raw/m2_matrix/reference_exception_6.log	5f7d6373dc3b15d56e56f02add078c13e24019143a7d7e58e5b9a4a0dbab108c	172
raw/m2_matrix/reference_exception_7.log	5f7d6373dc3b15d56e56f02add078c13e24019143a7d7e58e5b9a4a0dbab108c	172
raw/m2_matrix/reference_exception_8.log	5f7d6373dc3b15d56e56f02add078c13e24019143a7d7e58e5b9a4a0dbab108c	172
raw/m2_matrix/reference_exception_9.log	5f7d6373dc3b15d56e56f02add078c13e24019143a7d7e58e5b9a4a0dbab108c	172
raw/m2_matrix/reference_m2_1.log	f779233ba9dcf5783295672cdb938235d3d0f1ff439824d9456ba68b8a1895f6	207
raw/m2_matrix/reference_m2_10.log	f779233ba9dcf5783295672cdb938235d3d0f1ff439824d9456ba68b8a1895f6	207
raw/m2_matrix/reference_m2_11.log	f779233ba9dcf5783295672cdb938235d3d0f1ff439824d9456ba68b8a1895f6	207
raw/m2_matrix/reference_m2_12.log	f779233ba9dcf5783295672cdb938235d3d0f1ff439824d9456ba68b8a1895f6	207
raw/m2_matrix/reference_m2_13.log	f779233ba9dcf5783295672cdb938235d3d0f1ff439824d9456ba68b8a1895f6	207
raw/m2_matrix/reference_m2_14.log	f779233ba9dcf5783295672cdb938235d3d0f1ff439824d9456ba68b8a1895f6	207
raw/m2_matrix/reference_m2_15.log	f779233ba9dcf5783295672cdb938235d3d0f1ff439824d9456ba68b8a1895f6	207
raw/m2_matrix/reference_m2_16.log	f779233ba9dcf5783295672cdb938235d3d0f1ff439824d9456ba68b8a1895f6	207
raw/m2_matrix/reference_m2_17.log	f779233ba9dcf5783295672cdb938235d3d0f1ff439824d9456ba68b8a1895f6	207
raw/m2_matrix/reference_m2_18.log	f779233ba9dcf5783295672cdb938235d3d0f1ff439824d9456ba68b8a1895f6	207
raw/m2_matrix/reference_m2_19.log	f779233ba9dcf5783295672cdb938235d3d0f1ff439824d9456ba68b8a1895f6	207
raw/m2_matrix/reference_m2_2.log	f779233ba9dcf5783295672cdb938235d3d0f1ff439824d9456ba68b8a1895f6	207
raw/m2_matrix/reference_m2_20.log	f779233ba9dcf5783295672cdb938235d3d0f1ff439824d9456ba68b8a1895f6	207
raw/m2_matrix/reference_m2_3.log	f779233ba9dcf5783295672cdb938235d3d0f1ff439824d9456ba68b8a1895f6	207
raw/m2_matrix/reference_m2_4.log	f779233ba9dcf5783295672cdb938235d3d0f1ff439824d9456ba68b8a1895f6	207
raw/m2_matrix/reference_m2_5.log	f779233ba9dcf5783295672cdb938235d3d0f1ff439824d9456ba68b8a1895f6	207
raw/m2_matrix/reference_m2_6.log	f779233ba9dcf5783295672cdb938235d3d0f1ff439824d9456ba68b8a1895f6	207
raw/m2_matrix/reference_m2_7.log	f779233ba9dcf5783295672cdb938235d3d0f1ff439824d9456ba68b8a1895f6	207
raw/m2_matrix/reference_m2_8.log	f779233ba9dcf5783295672cdb938235d3d0f1ff439824d9456ba68b8a1895f6	207
raw/m2_matrix/reference_m2_9.log	f779233ba9dcf5783295672cdb938235d3d0f1ff439824d9456ba68b8a1895f6	207
raw/m2_matrix/reference_multi_waiters_1.log	e187bd334d68966305e509aee2fd29d73ebb66919c370ba8a432b77efd846b1e	175
raw/m2_matrix/reference_multi_waiters_10.log	e187bd334d68966305e509aee2fd29d73ebb66919c370ba8a432b77efd846b1e	175
raw/m2_matrix/reference_multi_waiters_11.log	e187bd334d68966305e509aee2fd29d73ebb66919c370ba8a432b77efd846b1e	175
raw/m2_matrix/reference_multi_waiters_12.log	e187bd334d68966305e509aee2fd29d73ebb66919c370ba8a432b77efd846b1e	175
raw/m2_matrix/reference_multi_waiters_13.log	e187bd334d68966305e509aee2fd29d73ebb66919c370ba8a432b77efd846b1e	175
raw/m2_matrix/reference_multi_waiters_14.log	e187bd334d68966305e509aee2fd29d73ebb66919c370ba8a432b77efd846b1e	175
raw/m2_matrix/reference_multi_waiters_15.log	e187bd334d68966305e509aee2fd29d73ebb66919c370ba8a432b77efd846b1e	175
raw/m2_matrix/reference_multi_waiters_16.log	e187bd334d68966305e509aee2fd29d73ebb66919c370ba8a432b77efd846b1e	175
raw/m2_matrix/reference_multi_waiters_17.log	e187bd334d68966305e509aee2fd29d73ebb66919c370ba8a432b77efd846b1e	175
raw/m2_matrix/reference_multi_waiters_18.log	e187bd334d68966305e509aee2fd29d73ebb66919c370ba8a432b77efd846b1e	175
raw/m2_matrix/reference_multi_waiters_19.log	e187bd334d68966305e509aee2fd29d73ebb66919c370ba8a432b77efd846b1e	175
raw/m2_matrix/reference_multi_waiters_2.log	e187bd334d68966305e509aee2fd29d73ebb66919c370ba8a432b77efd846b1e	175
raw/m2_matrix/reference_multi_waiters_20.log	e187bd334d68966305e509aee2fd29d73ebb66919c370ba8a432b77efd846b1e	175
raw/m2_matrix/reference_multi_waiters_3.log	e187bd334d68966305e509aee2fd29d73ebb66919c370ba8a432b77efd846b1e	175
raw/m2_matrix/reference_multi_waiters_4.log	e187bd334d68966305e509aee2fd29d73ebb66919c370ba8a432b77efd846b1e	175
raw/m2_matrix/reference_multi_waiters_5.log	e187bd334d68966305e509aee2fd29d73ebb66919c370ba8a432b77efd846b1e	175
raw/m2_matrix/reference_multi_waiters_6.log	e187bd334d68966305e509aee2fd29d73ebb66919c370ba8a432b77efd846b1e	175
raw/m2_matrix/reference_multi_waiters_7.log	e187bd334d68966305e509aee2fd29d73ebb66919c370ba8a432b77efd846b1e	175
raw/m2_matrix/reference_multi_waiters_8.log	e187bd334d68966305e509aee2fd29d73ebb66919c370ba8a432b77efd846b1e	175
raw/m2_matrix/reference_multi_waiters_9.log	e187bd334d68966305e509aee2fd29d73ebb66919c370ba8a432b77efd846b1e	175
raw/m2_matrix/reference_void_1.log	69e7c8da0e5f7f0d2ef3f33e4aeca93a6aa6c95c5f275e06f16b6a7c78a4de39	144
raw/m2_matrix/reference_void_10.log	69e7c8da0e5f7f0d2ef3f33e4aeca93a6aa6c95c5f275e06f16b6a7c78a4de39	144
raw/m2_matrix/reference_void_11.log	69e7c8da0e5f7f0d2ef3f33e4aeca93a6aa6c95c5f275e06f16b6a7c78a4de39	144
raw/m2_matrix/reference_void_12.log	69e7c8da0e5f7f0d2ef3f33e4aeca93a6aa6c95c5f275e06f16b6a7c78a4de39	144
raw/m2_matrix/reference_void_13.log	69e7c8da0e5f7f0d2ef3f33e4aeca93a6aa6c95c5f275e06f16b6a7c78a4de39	144
raw/m2_matrix/reference_void_14.log	69e7c8da0e5f7f0d2ef3f33e4aeca93a6aa6c95c5f275e06f16b6a7c78a4de39	144
raw/m2_matrix/reference_void_15.log	69e7c8da0e5f7f0d2ef3f33e4aeca93a6aa6c95c5f275e06f16b6a7c78a4de39	144
raw/m2_matrix/reference_void_16.log	69e7c8da0e5f7f0d2ef3f33e4aeca93a6aa6c95c5f275e06f16b6a7c78a4de39	144
raw/m2_matrix/reference_void_17.log	69e7c8da0e5f7f0d2ef3f33e4aeca93a6aa6c95c5f275e06f16b6a7c78a4de39	144
raw/m2_matrix/reference_void_18.log	69e7c8da0e5f7f0d2ef3f33e4aeca93a6aa6c95c5f275e06f16b6a7c78a4de39	144
raw/m2_matrix/reference_void_19.log	69e7c8da0e5f7f0d2ef3f33e4aeca93a6aa6c95c5f275e06f16b6a7c78a4de39	144
raw/m2_matrix/reference_void_2.log	69e7c8da0e5f7f0d2ef3f33e4aeca93a6aa6c95c5f275e06f16b6a7c78a4de39	144
raw/m2_matrix/reference_void_20.log	69e7c8da0e5f7f0d2ef3f33e4aeca93a6aa6c95c5f275e06f16b6a7c78a4de39	144
raw/m2_matrix/reference_void_3.log	69e7c8da0e5f7f0d2ef3f33e4aeca93a6aa6c95c5f275e06f16b6a7c78a4de39	144
raw/m2_matrix/reference_void_4.log	69e7c8da0e5f7f0d2ef3f33e4aeca93a6aa6c95c5f275e06f16b6a7c78a4de39	144
raw/m2_matrix/reference_void_5.log	69e7c8da0e5f7f0d2ef3f33e4aeca93a6aa6c95c5f275e06f16b6a7c78a4de39	144
raw/m2_matrix/reference_void_6.log	69e7c8da0e5f7f0d2ef3f33e4aeca93a6aa6c95c5f275e06f16b6a7c78a4de39	144
raw/m2_matrix/reference_void_7.log	69e7c8da0e5f7f0d2ef3f33e4aeca93a6aa6c95c5f275e06f16b6a7c78a4de39	144
raw/m2_matrix/reference_void_8.log	69e7c8da0e5f7f0d2ef3f33e4aeca93a6aa6c95c5f275e06f16b6a7c78a4de39	144
raw/m2_matrix/reference_void_9.log	69e7c8da0e5f7f0d2ef3f33e4aeca93a6aa6c95c5f275e06f16b6a7c78a4de39	144
raw/m2_matrix/reference_wait_for_1.log	225172ef10497db507383ed443fb08261d1995330d82af0658912db3d48e5728	183
raw/m2_matrix/reference_wait_for_10.log	225172ef10497db507383ed443fb08261d1995330d82af0658912db3d48e5728	183
raw/m2_matrix/reference_wait_for_11.log	225172ef10497db507383ed443fb08261d1995330d82af0658912db3d48e5728	183
raw/m2_matrix/reference_wait_for_12.log	225172ef10497db507383ed443fb08261d1995330d82af0658912db3d48e5728	183
raw/m2_matrix/reference_wait_for_13.log	225172ef10497db507383ed443fb08261d1995330d82af0658912db3d48e5728	183
raw/m2_matrix/reference_wait_for_14.log	225172ef10497db507383ed443fb08261d1995330d82af0658912db3d48e5728	183
raw/m2_matrix/reference_wait_for_15.log	225172ef10497db507383ed443fb08261d1995330d82af0658912db3d48e5728	183
raw/m2_matrix/reference_wait_for_16.log	225172ef10497db507383ed443fb08261d1995330d82af0658912db3d48e5728	183
raw/m2_matrix/reference_wait_for_17.log	225172ef10497db507383ed443fb08261d1995330d82af0658912db3d48e5728	183
raw/m2_matrix/reference_wait_for_18.log	225172ef10497db507383ed443fb08261d1995330d82af0658912db3d48e5728	183
raw/m2_matrix/reference_wait_for_19.log	225172ef10497db507383ed443fb08261d1995330d82af0658912db3d48e5728	183
raw/m2_matrix/reference_wait_for_2.log	225172ef10497db507383ed443fb08261d1995330d82af0658912db3d48e5728	183
raw/m2_matrix/reference_wait_for_20.log	225172ef10497db507383ed443fb08261d1995330d82af0658912db3d48e5728	183
raw/m2_matrix/reference_wait_for_3.log	225172ef10497db507383ed443fb08261d1995330d82af0658912db3d48e5728	183
raw/m2_matrix/reference_wait_for_4.log	225172ef10497db507383ed443fb08261d1995330d82af0658912db3d48e5728	183
raw/m2_matrix/reference_wait_for_5.log	225172ef10497db507383ed443fb08261d1995330d82af0658912db3d48e5728	183
raw/m2_matrix/reference_wait_for_6.log	225172ef10497db507383ed443fb08261d1995330d82af0658912db3d48e5728	183
raw/m2_matrix/reference_wait_for_7.log	225172ef10497db507383ed443fb08261d1995330d82af0658912db3d48e5728	183
raw/m2_matrix/reference_wait_for_8.log	225172ef10497db507383ed443fb08261d1995330d82af0658912db3d48e5728	183
raw/m2_matrix/reference_wait_for_9.log	225172ef10497db507383ed443fb08261d1995330d82af0658912db3d48e5728	183
raw/m2_matrix/results.tsv	6f60d1b433e34cc334d9f6b4744fc0a854bbdbb143fc3c604359b66445b42269	21714
raw/regressions/fixed_f1_1.log	38c3087311ceec4c5ec498b1b8cbe1cef8661b1fb07ad03a226c3707700df681	437
raw/regressions/fixed_f1_10.log	38c3087311ceec4c5ec498b1b8cbe1cef8661b1fb07ad03a226c3707700df681	437
raw/regressions/fixed_f1_11.log	38c3087311ceec4c5ec498b1b8cbe1cef8661b1fb07ad03a226c3707700df681	437
raw/regressions/fixed_f1_12.log	38c3087311ceec4c5ec498b1b8cbe1cef8661b1fb07ad03a226c3707700df681	437
raw/regressions/fixed_f1_13.log	38c3087311ceec4c5ec498b1b8cbe1cef8661b1fb07ad03a226c3707700df681	437
raw/regressions/fixed_f1_14.log	38c3087311ceec4c5ec498b1b8cbe1cef8661b1fb07ad03a226c3707700df681	437
raw/regressions/fixed_f1_15.log	38c3087311ceec4c5ec498b1b8cbe1cef8661b1fb07ad03a226c3707700df681	437
raw/regressions/fixed_f1_16.log	38c3087311ceec4c5ec498b1b8cbe1cef8661b1fb07ad03a226c3707700df681	437
raw/regressions/fixed_f1_17.log	38c3087311ceec4c5ec498b1b8cbe1cef8661b1fb07ad03a226c3707700df681	437
raw/regressions/fixed_f1_18.log	38c3087311ceec4c5ec498b1b8cbe1cef8661b1fb07ad03a226c3707700df681	437
raw/regressions/fixed_f1_19.log	38c3087311ceec4c5ec498b1b8cbe1cef8661b1fb07ad03a226c3707700df681	437
raw/regressions/fixed_f1_2.log	38c3087311ceec4c5ec498b1b8cbe1cef8661b1fb07ad03a226c3707700df681	437
raw/regressions/fixed_f1_20.log	38c3087311ceec4c5ec498b1b8cbe1cef8661b1fb07ad03a226c3707700df681	437
raw/regressions/fixed_f1_3.log	38c3087311ceec4c5ec498b1b8cbe1cef8661b1fb07ad03a226c3707700df681	437
raw/regressions/fixed_f1_4.log	38c3087311ceec4c5ec498b1b8cbe1cef8661b1fb07ad03a226c3707700df681	437
raw/regressions/fixed_f1_5.log	38c3087311ceec4c5ec498b1b8cbe1cef8661b1fb07ad03a226c3707700df681	437
raw/regressions/fixed_f1_6.log	38c3087311ceec4c5ec498b1b8cbe1cef8661b1fb07ad03a226c3707700df681	437
raw/regressions/fixed_f1_7.log	38c3087311ceec4c5ec498b1b8cbe1cef8661b1fb07ad03a226c3707700df681	437
raw/regressions/fixed_f1_8.log	38c3087311ceec4c5ec498b1b8cbe1cef8661b1fb07ad03a226c3707700df681	437
raw/regressions/fixed_f1_9.log	38c3087311ceec4c5ec498b1b8cbe1cef8661b1fb07ad03a226c3707700df681	437
raw/regressions/fixed_f2_1.log	b4b23718770d8d18e129dc68f251943e3245c7ae00b2443210a823a55c41a5e3	455
raw/regressions/fixed_f2_10.log	b4b23718770d8d18e129dc68f251943e3245c7ae00b2443210a823a55c41a5e3	455
raw/regressions/fixed_f2_11.log	b4b23718770d8d18e129dc68f251943e3245c7ae00b2443210a823a55c41a5e3	455
raw/regressions/fixed_f2_12.log	b4b23718770d8d18e129dc68f251943e3245c7ae00b2443210a823a55c41a5e3	455
raw/regressions/fixed_f2_13.log	b4b23718770d8d18e129dc68f251943e3245c7ae00b2443210a823a55c41a5e3	455
raw/regressions/fixed_f2_14.log	b4b23718770d8d18e129dc68f251943e3245c7ae00b2443210a823a55c41a5e3	455
raw/regressions/fixed_f2_15.log	b4b23718770d8d18e129dc68f251943e3245c7ae00b2443210a823a55c41a5e3	455
raw/regressions/fixed_f2_16.log	b4b23718770d8d18e129dc68f251943e3245c7ae00b2443210a823a55c41a5e3	455
raw/regressions/fixed_f2_17.log	b4b23718770d8d18e129dc68f251943e3245c7ae00b2443210a823a55c41a5e3	455
raw/regressions/fixed_f2_18.log	b4b23718770d8d18e129dc68f251943e3245c7ae00b2443210a823a55c41a5e3	455
raw/regressions/fixed_f2_19.log	b4b23718770d8d18e129dc68f251943e3245c7ae00b2443210a823a55c41a5e3	455
raw/regressions/fixed_f2_2.log	b4b23718770d8d18e129dc68f251943e3245c7ae00b2443210a823a55c41a5e3	455
raw/regressions/fixed_f2_20.log	b4b23718770d8d18e129dc68f251943e3245c7ae00b2443210a823a55c41a5e3	455
raw/regressions/fixed_f2_3.log	b4b23718770d8d18e129dc68f251943e3245c7ae00b2443210a823a55c41a5e3	455
raw/regressions/fixed_f2_4.log	b4b23718770d8d18e129dc68f251943e3245c7ae00b2443210a823a55c41a5e3	455
raw/regressions/fixed_f2_5.log	b4b23718770d8d18e129dc68f251943e3245c7ae00b2443210a823a55c41a5e3	455
raw/regressions/fixed_f2_6.log	b4b23718770d8d18e129dc68f251943e3245c7ae00b2443210a823a55c41a5e3	455
raw/regressions/fixed_f2_7.log	b4b23718770d8d18e129dc68f251943e3245c7ae00b2443210a823a55c41a5e3	455
raw/regressions/fixed_f2_8.log	b4b23718770d8d18e129dc68f251943e3245c7ae00b2443210a823a55c41a5e3	455
raw/regressions/fixed_f2_9.log	b4b23718770d8d18e129dc68f251943e3245c7ae00b2443210a823a55c41a5e3	455
raw/regressions/fixed_m1_1.log	c8f97b039b9d39fdd5adb45ac4e964ef52ab54fc64ab2fd6384bd1f730b3fcea	530
raw/regressions/fixed_m1_10.log	c8f97b039b9d39fdd5adb45ac4e964ef52ab54fc64ab2fd6384bd1f730b3fcea	530
raw/regressions/fixed_m1_11.log	c8f97b039b9d39fdd5adb45ac4e964ef52ab54fc64ab2fd6384bd1f730b3fcea	530
raw/regressions/fixed_m1_12.log	c8f97b039b9d39fdd5adb45ac4e964ef52ab54fc64ab2fd6384bd1f730b3fcea	530
raw/regressions/fixed_m1_13.log	c8f97b039b9d39fdd5adb45ac4e964ef52ab54fc64ab2fd6384bd1f730b3fcea	530
raw/regressions/fixed_m1_14.log	c8f97b039b9d39fdd5adb45ac4e964ef52ab54fc64ab2fd6384bd1f730b3fcea	530
raw/regressions/fixed_m1_15.log	c8f97b039b9d39fdd5adb45ac4e964ef52ab54fc64ab2fd6384bd1f730b3fcea	530
raw/regressions/fixed_m1_16.log	c8f97b039b9d39fdd5adb45ac4e964ef52ab54fc64ab2fd6384bd1f730b3fcea	530
raw/regressions/fixed_m1_17.log	c8f97b039b9d39fdd5adb45ac4e964ef52ab54fc64ab2fd6384bd1f730b3fcea	530
raw/regressions/fixed_m1_18.log	c8f97b039b9d39fdd5adb45ac4e964ef52ab54fc64ab2fd6384bd1f730b3fcea	530
raw/regressions/fixed_m1_19.log	c8f97b039b9d39fdd5adb45ac4e964ef52ab54fc64ab2fd6384bd1f730b3fcea	530
raw/regressions/fixed_m1_2.log	c8f97b039b9d39fdd5adb45ac4e964ef52ab54fc64ab2fd6384bd1f730b3fcea	530
raw/regressions/fixed_m1_20.log	c8f97b039b9d39fdd5adb45ac4e964ef52ab54fc64ab2fd6384bd1f730b3fcea	530
raw/regressions/fixed_m1_3.log	c8f97b039b9d39fdd5adb45ac4e964ef52ab54fc64ab2fd6384bd1f730b3fcea	530
raw/regressions/fixed_m1_4.log	c8f97b039b9d39fdd5adb45ac4e964ef52ab54fc64ab2fd6384bd1f730b3fcea	530
raw/regressions/fixed_m1_5.log	c8f97b039b9d39fdd5adb45ac4e964ef52ab54fc64ab2fd6384bd1f730b3fcea	530
raw/regressions/fixed_m1_6.log	c8f97b039b9d39fdd5adb45ac4e964ef52ab54fc64ab2fd6384bd1f730b3fcea	530
raw/regressions/fixed_m1_7.log	c8f97b039b9d39fdd5adb45ac4e964ef52ab54fc64ab2fd6384bd1f730b3fcea	530
raw/regressions/fixed_m1_8.log	c8f97b039b9d39fdd5adb45ac4e964ef52ab54fc64ab2fd6384bd1f730b3fcea	530
raw/regressions/fixed_m1_9.log	c8f97b039b9d39fdd5adb45ac4e964ef52ab54fc64ab2fd6384bd1f730b3fcea	530
raw/regressions/reference_f1_1.log	8694aad70de2e3e31378ddbb99c967844c17edc31ea401e9ffcaa26408a7bbaf	175
raw/regressions/reference_f1_10.log	8694aad70de2e3e31378ddbb99c967844c17edc31ea401e9ffcaa26408a7bbaf	175
raw/regressions/reference_f1_11.log	8694aad70de2e3e31378ddbb99c967844c17edc31ea401e9ffcaa26408a7bbaf	175
raw/regressions/reference_f1_12.log	8694aad70de2e3e31378ddbb99c967844c17edc31ea401e9ffcaa26408a7bbaf	175
raw/regressions/reference_f1_13.log	8694aad70de2e3e31378ddbb99c967844c17edc31ea401e9ffcaa26408a7bbaf	175
raw/regressions/reference_f1_14.log	8694aad70de2e3e31378ddbb99c967844c17edc31ea401e9ffcaa26408a7bbaf	175
raw/regressions/reference_f1_15.log	8694aad70de2e3e31378ddbb99c967844c17edc31ea401e9ffcaa26408a7bbaf	175
raw/regressions/reference_f1_16.log	8694aad70de2e3e31378ddbb99c967844c17edc31ea401e9ffcaa26408a7bbaf	175
raw/regressions/reference_f1_17.log	8694aad70de2e3e31378ddbb99c967844c17edc31ea401e9ffcaa26408a7bbaf	175
raw/regressions/reference_f1_18.log	8694aad70de2e3e31378ddbb99c967844c17edc31ea401e9ffcaa26408a7bbaf	175
raw/regressions/reference_f1_19.log	8694aad70de2e3e31378ddbb99c967844c17edc31ea401e9ffcaa26408a7bbaf	175
raw/regressions/reference_f1_2.log	8694aad70de2e3e31378ddbb99c967844c17edc31ea401e9ffcaa26408a7bbaf	175
raw/regressions/reference_f1_20.log	8694aad70de2e3e31378ddbb99c967844c17edc31ea401e9ffcaa26408a7bbaf	175
raw/regressions/reference_f1_3.log	8694aad70de2e3e31378ddbb99c967844c17edc31ea401e9ffcaa26408a7bbaf	175
raw/regressions/reference_f1_4.log	8694aad70de2e3e31378ddbb99c967844c17edc31ea401e9ffcaa26408a7bbaf	175
raw/regressions/reference_f1_5.log	8694aad70de2e3e31378ddbb99c967844c17edc31ea401e9ffcaa26408a7bbaf	175
raw/regressions/reference_f1_6.log	8694aad70de2e3e31378ddbb99c967844c17edc31ea401e9ffcaa26408a7bbaf	175
raw/regressions/reference_f1_7.log	8694aad70de2e3e31378ddbb99c967844c17edc31ea401e9ffcaa26408a7bbaf	175
raw/regressions/reference_f1_8.log	8694aad70de2e3e31378ddbb99c967844c17edc31ea401e9ffcaa26408a7bbaf	175
raw/regressions/reference_f1_9.log	8694aad70de2e3e31378ddbb99c967844c17edc31ea401e9ffcaa26408a7bbaf	175
raw/regressions/reference_f2_1.log	da5cc730e3417cc8bb78a72760e2aacb6c4fe3171b9291146111564c03c19aab	193
raw/regressions/reference_f2_10.log	da5cc730e3417cc8bb78a72760e2aacb6c4fe3171b9291146111564c03c19aab	193
raw/regressions/reference_f2_11.log	da5cc730e3417cc8bb78a72760e2aacb6c4fe3171b9291146111564c03c19aab	193
raw/regressions/reference_f2_12.log	da5cc730e3417cc8bb78a72760e2aacb6c4fe3171b9291146111564c03c19aab	193
raw/regressions/reference_f2_13.log	da5cc730e3417cc8bb78a72760e2aacb6c4fe3171b9291146111564c03c19aab	193
raw/regressions/reference_f2_14.log	da5cc730e3417cc8bb78a72760e2aacb6c4fe3171b9291146111564c03c19aab	193
raw/regressions/reference_f2_15.log	da5cc730e3417cc8bb78a72760e2aacb6c4fe3171b9291146111564c03c19aab	193
raw/regressions/reference_f2_16.log	da5cc730e3417cc8bb78a72760e2aacb6c4fe3171b9291146111564c03c19aab	193
raw/regressions/reference_f2_17.log	da5cc730e3417cc8bb78a72760e2aacb6c4fe3171b9291146111564c03c19aab	193
raw/regressions/reference_f2_18.log	da5cc730e3417cc8bb78a72760e2aacb6c4fe3171b9291146111564c03c19aab	193
raw/regressions/reference_f2_19.log	da5cc730e3417cc8bb78a72760e2aacb6c4fe3171b9291146111564c03c19aab	193
raw/regressions/reference_f2_2.log	da5cc730e3417cc8bb78a72760e2aacb6c4fe3171b9291146111564c03c19aab	193
raw/regressions/reference_f2_20.log	da5cc730e3417cc8bb78a72760e2aacb6c4fe3171b9291146111564c03c19aab	193
raw/regressions/reference_f2_3.log	da5cc730e3417cc8bb78a72760e2aacb6c4fe3171b9291146111564c03c19aab	193
raw/regressions/reference_f2_4.log	da5cc730e3417cc8bb78a72760e2aacb6c4fe3171b9291146111564c03c19aab	193
raw/regressions/reference_f2_5.log	da5cc730e3417cc8bb78a72760e2aacb6c4fe3171b9291146111564c03c19aab	193
raw/regressions/reference_f2_6.log	da5cc730e3417cc8bb78a72760e2aacb6c4fe3171b9291146111564c03c19aab	193
raw/regressions/reference_f2_7.log	da5cc730e3417cc8bb78a72760e2aacb6c4fe3171b9291146111564c03c19aab	193
raw/regressions/reference_f2_8.log	da5cc730e3417cc8bb78a72760e2aacb6c4fe3171b9291146111564c03c19aab	193
raw/regressions/reference_f2_9.log	da5cc730e3417cc8bb78a72760e2aacb6c4fe3171b9291146111564c03c19aab	193
raw/regressions/reference_m1_1.log	b6d710267335b85cffe813f7bc4dac4a6e437cfe40d8db6c94cc5fc23ba101bb	268
raw/regressions/reference_m1_10.log	b6d710267335b85cffe813f7bc4dac4a6e437cfe40d8db6c94cc5fc23ba101bb	268
raw/regressions/reference_m1_11.log	b6d710267335b85cffe813f7bc4dac4a6e437cfe40d8db6c94cc5fc23ba101bb	268
raw/regressions/reference_m1_12.log	b6d710267335b85cffe813f7bc4dac4a6e437cfe40d8db6c94cc5fc23ba101bb	268
raw/regressions/reference_m1_13.log	b6d710267335b85cffe813f7bc4dac4a6e437cfe40d8db6c94cc5fc23ba101bb	268
raw/regressions/reference_m1_14.log	b6d710267335b85cffe813f7bc4dac4a6e437cfe40d8db6c94cc5fc23ba101bb	268
raw/regressions/reference_m1_15.log	b6d710267335b85cffe813f7bc4dac4a6e437cfe40d8db6c94cc5fc23ba101bb	268
raw/regressions/reference_m1_16.log	b6d710267335b85cffe813f7bc4dac4a6e437cfe40d8db6c94cc5fc23ba101bb	268
raw/regressions/reference_m1_17.log	b6d710267335b85cffe813f7bc4dac4a6e437cfe40d8db6c94cc5fc23ba101bb	268
raw/regressions/reference_m1_18.log	b6d710267335b85cffe813f7bc4dac4a6e437cfe40d8db6c94cc5fc23ba101bb	268
raw/regressions/reference_m1_19.log	b6d710267335b85cffe813f7bc4dac4a6e437cfe40d8db6c94cc5fc23ba101bb	268
raw/regressions/reference_m1_2.log	b6d710267335b85cffe813f7bc4dac4a6e437cfe40d8db6c94cc5fc23ba101bb	268
raw/regressions/reference_m1_20.log	b6d710267335b85cffe813f7bc4dac4a6e437cfe40d8db6c94cc5fc23ba101bb	268
raw/regressions/reference_m1_3.log	b6d710267335b85cffe813f7bc4dac4a6e437cfe40d8db6c94cc5fc23ba101bb	268
raw/regressions/reference_m1_4.log	b6d710267335b85cffe813f7bc4dac4a6e437cfe40d8db6c94cc5fc23ba101bb	268
raw/regressions/reference_m1_5.log	b6d710267335b85cffe813f7bc4dac4a6e437cfe40d8db6c94cc5fc23ba101bb	268
raw/regressions/reference_m1_6.log	b6d710267335b85cffe813f7bc4dac4a6e437cfe40d8db6c94cc5fc23ba101bb	268
raw/regressions/reference_m1_7.log	b6d710267335b85cffe813f7bc4dac4a6e437cfe40d8db6c94cc5fc23ba101bb	268
raw/regressions/reference_m1_8.log	b6d710267335b85cffe813f7bc4dac4a6e437cfe40d8db6c94cc5fc23ba101bb	268
raw/regressions/reference_m1_9.log	b6d710267335b85cffe813f7bc4dac4a6e437cfe40d8db6c94cc5fc23ba101bb	268
raw/regressions/results.tsv	f13a430f9f3bb42ad7bad6438e07ee443d69eeca3abc8931b512accf4f6dbdd0	2246
src/r61_m2_matrix.cpp	b3521c4435acd23c61d3497727446a6c1a7d809e07d49523adf697b8e8c2c820	6148
src/r61_probe.cpp	b0baeceddad74bc7be0b3d596de5772051958da08201f5608d115f66e967b120	6471
tools/run_existing_matrices.sh	a73b417a6dc5284d1333d595d3b86a8d4db3deae1b02686a66b316859a797149	2341
tools/run_m2_matrix.sh	eea252392247d7c8d27a9d1ddc47e79e2c358617e3d3475d59845bbd1c841a0b	1483
tools/run_regressions.sh	622b060d59aee1afa2ab17a0730e25d4f904b48b2503966711fc55072c8b9481	1314
