group	case	variant	exit_code
progress/R54/tools/run_x86_core.sh: line 12: 773562 Aborted                 env LD_LIBRARY_PATH="$runtime/$variant:$baseline_lib" timeout 12s "$binary" "$mode" >> "$log" 2>&1
layer	baseline_catchall	baseline	134
layer	a_catchall	a	0
layer	ab_typed	ab	0
layer	abc_typed	abc	0
progress/R54/tools/run_x86_core.sh: line 12: 773599 Aborted                 env LD_LIBRARY_PATH="$runtime/$variant:$baseline_lib" timeout 12s "$binary" "$mode" >> "$log" 2>&1
layer	bc_typed	bc	134
progress/R54/tools/run_x86_core.sh: line 12: 773610 Aborted                 env LD_LIBRARY_PATH="$runtime/$variant:$baseline_lib" timeout 12s "$binary" "$mode" >> "$log" 2>&1
layer	baseline_cout	baseline	134
progress/R54/tools/run_x86_core.sh: line 12: 773619 Aborted                 env LD_LIBRARY_PATH="$runtime/$variant:$baseline_lib" timeout 12s "$binary" "$mode" >> "$log" 2>&1
layer	a_cout	a	134
progress/R54/tools/run_x86_core.sh: line 12: 773628 Aborted                 env LD_LIBRARY_PATH="$runtime/$variant:$baseline_lib" timeout 12s "$binary" "$mode" >> "$log" 2>&1
layer	ab_cout	ab	134
progress/R54/tools/run_x86_core.sh: line 12: 773637 Aborted                 env LD_LIBRARY_PATH="$runtime/$variant:$baseline_lib" timeout 12s "$binary" "$mode" >> "$log" 2>&1
layer	abc_cout	abc	134
progress/R54/tools/run_x86_core.sh: line 12: 773646 Aborted                 env LD_LIBRARY_PATH="$runtime/$variant:$baseline_lib" timeout 12s "$binary" "$mode" >> "$log" 2>&1
layer	bc_cout	bc	134
progress/R54/tools/run_x86_core.sh: line 12: 773655 Aborted                 env LD_LIBRARY_PATH="$runtime/$variant:$baseline_lib" timeout 12s "$binary" "$mode" >> "$log" 2>&1
facility	baseline_cout	baseline	134
progress/R54/tools/run_x86_core.sh: line 12: 773664 Aborted                 env LD_LIBRARY_PATH="$runtime/$variant:$baseline_lib" timeout 12s "$binary" "$mode" >> "$log" 2>&1
facility	full_cout	abc	134
facility	libstdcxx_cout	abc	0
progress/R54/tools/run_x86_core.sh: line 12: 773676 Aborted                 env LD_LIBRARY_PATH="$runtime/$variant:$baseline_lib" timeout 12s "$binary" "$mode" >> "$log" 2>&1
facility	baseline_getline_free	baseline	134
progress/R54/tools/run_x86_core.sh: line 12: 773687 Aborted                 env LD_LIBRARY_PATH="$runtime/$variant:$baseline_lib" timeout 12s "$binary" "$mode" >> "$log" 2>&1
facility	full_getline_free	abc	134
facility	libstdcxx_getline_free	abc	0
progress/R54/tools/run_x86_core.sh: line 12: 773699 Aborted                 env LD_LIBRARY_PATH="$runtime/$variant:$baseline_lib" timeout 12s "$binary" "$mode" >> "$log" 2>&1
facility	baseline_getline_member	baseline	134
progress/R54/tools/run_x86_core.sh: line 12: 773708 Aborted                 env LD_LIBRARY_PATH="$runtime/$variant:$baseline_lib" timeout 12s "$binary" "$mode" >> "$log" 2>&1
facility	full_getline_member	abc	134
facility	libstdcxx_getline_member	abc	0
progress/R54/tools/run_x86_core.sh: line 12: 773720 Aborted                 env LD_LIBRARY_PATH="$runtime/$variant:$baseline_lib" timeout 12s "$binary" "$mode" >> "$log" 2>&1
facility	baseline_read	baseline	134
progress/R54/tools/run_x86_core.sh: line 12: 773729 Aborted                 env LD_LIBRARY_PATH="$runtime/$variant:$baseline_lib" timeout 12s "$binary" "$mode" >> "$log" 2>&1
facility	full_read	abc	134
facility	libstdcxx_read	abc	0
facility	baseline_arithmetic	baseline	0
facility	full_arithmetic	abc	0
facility	libstdcxx_arithmetic	abc	0
progress/R54/tools/run_x86_core.sh: line 12: 773750 Aborted                 env LD_LIBRARY_PATH="$runtime/$variant:$baseline_lib" timeout 12s "$binary" "$mode" >> "$log" 2>&1
facility	baseline_packaged_task	baseline	134
progress/R54/tools/run_x86_core.sh: line 12: 773759 Aborted                 env LD_LIBRARY_PATH="$runtime/$variant:$baseline_lib" timeout 12s "$binary" "$mode" >> "$log" 2>&1
facility	full_packaged_task	abc	134
facility	libstdcxx_packaged_task	abc	0
progress/R54/tools/run_x86_core.sh: line 12: 773771 Aborted                 env LD_LIBRARY_PATH="$runtime/$variant:$baseline_lib" timeout 12s "$binary" "$mode" >> "$log" 2>&1
facility	baseline_async	baseline	134
progress/R54/tools/run_x86_core.sh: line 12: 773790 Aborted                 env LD_LIBRARY_PATH="$runtime/$variant:$baseline_lib" timeout 12s "$binary" "$mode" >> "$log" 2>&1
facility	full_async	abc	134
facility	libstdcxx_async	abc	0
concurrency	full_multi_cancel_1	abc	0
concurrency	full_multi_cancel_2	abc	0
concurrency	full_multi_cancel_3	abc	0
concurrency	full_multi_cancel_4	abc	0
concurrency	full_multi_cancel_5	abc	0
concurrency	full_multi_cancel_6	abc	0
concurrency	full_multi_cancel_7	abc	0
concurrency	full_multi_cancel_8	abc	0
concurrency	full_multi_cancel_9	abc	0
concurrency	full_multi_cancel_10	abc	0
concurrency	full_multi_cancel_11	abc	0
concurrency	full_multi_cancel_12	abc	0
concurrency	full_multi_cancel_13	abc	0
concurrency	full_multi_cancel_14	abc	0
concurrency	full_multi_cancel_15	abc	0
concurrency	full_multi_cancel_16	abc	0
concurrency	full_multi_cancel_17	abc	0
concurrency	full_multi_cancel_18	abc	0
concurrency	full_multi_cancel_19	abc	0
concurrency	full_multi_cancel_20	abc	0
concurrency	libstdcxx_multi_cancel_1	abc	0
concurrency	libstdcxx_multi_cancel_2	abc	0
concurrency	libstdcxx_multi_cancel_3	abc	0
concurrency	libstdcxx_multi_cancel_4	abc	0
concurrency	libstdcxx_multi_cancel_5	abc	0
concurrency	libstdcxx_multi_cancel_6	abc	0
concurrency	libstdcxx_multi_cancel_7	abc	0
concurrency	libstdcxx_multi_cancel_8	abc	0
concurrency	libstdcxx_multi_cancel_9	abc	0
concurrency	libstdcxx_multi_cancel_10	abc	0
concurrency	libstdcxx_multi_cancel_11	abc	0
concurrency	libstdcxx_multi_cancel_12	abc	0
concurrency	libstdcxx_multi_cancel_13	abc	0
concurrency	libstdcxx_multi_cancel_14	abc	0
concurrency	libstdcxx_multi_cancel_15	abc	0
concurrency	libstdcxx_multi_cancel_16	abc	0
concurrency	libstdcxx_multi_cancel_17	abc	0
concurrency	libstdcxx_multi_cancel_18	abc	0
concurrency	libstdcxx_multi_cancel_19	abc	0
concurrency	libstdcxx_multi_cancel_20	abc	0
concurrency	full_cancel_and_exception_1	abc	0
concurrency	full_cancel_and_exception_2	abc	0
concurrency	full_cancel_and_exception_3	abc	0
concurrency	full_cancel_and_exception_4	abc	0
concurrency	full_cancel_and_exception_5	abc	0
concurrency	full_cancel_and_exception_6	abc	0
concurrency	full_cancel_and_exception_7	abc	0
concurrency	full_cancel_and_exception_8	abc	0
concurrency	full_cancel_and_exception_9	abc	0
concurrency	full_cancel_and_exception_10	abc	0
concurrency	full_cancel_and_exception_11	abc	0
concurrency	full_cancel_and_exception_12	abc	0
concurrency	full_cancel_and_exception_13	abc	0
concurrency	full_cancel_and_exception_14	abc	0
concurrency	full_cancel_and_exception_15	abc	0
concurrency	full_cancel_and_exception_16	abc	0
concurrency	full_cancel_and_exception_17	abc	0
concurrency	full_cancel_and_exception_18	abc	0
concurrency	full_cancel_and_exception_19	abc	0
concurrency	full_cancel_and_exception_20	abc	0
concurrency	libstdcxx_cancel_and_exception_1	abc	0
concurrency	libstdcxx_cancel_and_exception_2	abc	0
concurrency	libstdcxx_cancel_and_exception_3	abc	0
concurrency	libstdcxx_cancel_and_exception_4	abc	0
concurrency	libstdcxx_cancel_and_exception_5	abc	0
concurrency	libstdcxx_cancel_and_exception_6	abc	0
concurrency	libstdcxx_cancel_and_exception_7	abc	0
concurrency	libstdcxx_cancel_and_exception_8	abc	0
concurrency	libstdcxx_cancel_and_exception_9	abc	0
concurrency	libstdcxx_cancel_and_exception_10	abc	0
concurrency	libstdcxx_cancel_and_exception_11	abc	0
concurrency	libstdcxx_cancel_and_exception_12	abc	0
concurrency	libstdcxx_cancel_and_exception_13	abc	0
concurrency	libstdcxx_cancel_and_exception_14	abc	0
concurrency	libstdcxx_cancel_and_exception_15	abc	0
concurrency	libstdcxx_cancel_and_exception_16	abc	0
concurrency	libstdcxx_cancel_and_exception_17	abc	0
concurrency	libstdcxx_cancel_and_exception_18	abc	0
concurrency	libstdcxx_cancel_and_exception_19	abc	0
concurrency	libstdcxx_cancel_and_exception_20	abc	0
progress/R54/tools/run_x86_core.sh: line 12: 774447 Aborted                 env LD_LIBRARY_PATH="$runtime/$variant:$baseline_lib" timeout 12s "$binary" "$mode" >> "$log" 2>&1
concurrency	full_stdlib_concurrent_1	abc	134
progress/R54/tools/run_x86_core.sh: line 12: 774459 Aborted                 env LD_LIBRARY_PATH="$runtime/$variant:$baseline_lib" timeout 12s "$binary" "$mode" >> "$log" 2>&1
concurrency	full_stdlib_concurrent_2	abc	134
progress/R54/tools/run_x86_core.sh: line 12: 774471 Aborted                 env LD_LIBRARY_PATH="$runtime/$variant:$baseline_lib" timeout 12s "$binary" "$mode" >> "$log" 2>&1
concurrency	full_stdlib_concurrent_3	abc	134
progress/R54/tools/run_x86_core.sh: line 12: 774483 Aborted                 env LD_LIBRARY_PATH="$runtime/$variant:$baseline_lib" timeout 12s "$binary" "$mode" >> "$log" 2>&1
concurrency	full_stdlib_concurrent_4	abc	134
progress/R54/tools/run_x86_core.sh: line 12: 774498 Aborted                 env LD_LIBRARY_PATH="$runtime/$variant:$baseline_lib" timeout 12s "$binary" "$mode" >> "$log" 2>&1
concurrency	full_stdlib_concurrent_5	abc	134
progress/R54/tools/run_x86_core.sh: line 12: 774510 Aborted                 env LD_LIBRARY_PATH="$runtime/$variant:$baseline_lib" timeout 12s "$binary" "$mode" >> "$log" 2>&1
concurrency	full_stdlib_concurrent_6	abc	134
progress/R54/tools/run_x86_core.sh: line 12: 774522 Aborted                 env LD_LIBRARY_PATH="$runtime/$variant:$baseline_lib" timeout 12s "$binary" "$mode" >> "$log" 2>&1
concurrency	full_stdlib_concurrent_7	abc	134
progress/R54/tools/run_x86_core.sh: line 12: 774534 Aborted                 env LD_LIBRARY_PATH="$runtime/$variant:$baseline_lib" timeout 12s "$binary" "$mode" >> "$log" 2>&1
concurrency	full_stdlib_concurrent_8	abc	134
progress/R54/tools/run_x86_core.sh: line 12: 774546 Aborted                 env LD_LIBRARY_PATH="$runtime/$variant:$baseline_lib" timeout 12s "$binary" "$mode" >> "$log" 2>&1
concurrency	full_stdlib_concurrent_9	abc	134
progress/R54/tools/run_x86_core.sh: line 12: 774558 Aborted                 env LD_LIBRARY_PATH="$runtime/$variant:$baseline_lib" timeout 12s "$binary" "$mode" >> "$log" 2>&1
concurrency	full_stdlib_concurrent_10	abc	134
progress/R54/tools/run_x86_core.sh: line 12: 774572 Aborted                 env LD_LIBRARY_PATH="$runtime/$variant:$baseline_lib" timeout 12s "$binary" "$mode" >> "$log" 2>&1
concurrency	full_stdlib_concurrent_11	abc	134
progress/R54/tools/run_x86_core.sh: line 12: 774584 Aborted                 env LD_LIBRARY_PATH="$runtime/$variant:$baseline_lib" timeout 12s "$binary" "$mode" >> "$log" 2>&1
concurrency	full_stdlib_concurrent_12	abc	134
progress/R54/tools/run_x86_core.sh: line 12: 774596 Aborted                 env LD_LIBRARY_PATH="$runtime/$variant:$baseline_lib" timeout 12s "$binary" "$mode" >> "$log" 2>&1
concurrency	full_stdlib_concurrent_13	abc	134
