uploaded_path	source_task	source_path	sha256
code/libcxxabi/include/cxxabi.h	R36	docs/progress/R36/code/libcxxabi/include/cxxabi.h	2d606e6ec1a2670c5818e571ab446319f86ef260f7e3dc3c685bd579fd5c337a
code/libcxxabi/r34b_s1_complete.diff	R36	docs/progress/R36/code/libcxxabi/r34b_s1_complete.diff	3dac94808f973b0b0310357e45357e73d355a6423b7d009372a69232837d31e5
code/libcxxabi/src/cxa_exception.cpp	R36	docs/progress/R36/code/libcxxabi/src/cxa_exception.cpp	9a6fe9e23c951cbace745362d0886cd5edac7d7ce8701959d89ae39138522b05
code/libcxxabi/src/cxa_personality.cpp	R36	docs/progress/R36/code/libcxxabi/src/cxa_personality.cpp	6d62a6c163be52a6306cd11b9200ec860a1f62ef76d9654a9de08c3a588e42d9
code/r36/build/CMakeCache.patched-armv7l.txt	R36	tmp/R36/build-armv7l/CMakeCache.txt	2a9e0bb2e7a1566e3836c55ef49b7bbd8c8557ee20147caf2158eff25d40f4c4
code/r36/evidence/025_configure_armv7l_libcxxabi.log	R36	progress/R36/commands/025_configure_armv7l_libcxxabi.log	5ccd5cd275ecfc93546f4c99b039bc00b7a3dfb238971ffaacd7072e780139ef
code/r36/evidence/026_build_armv7l_libcxxabi.log	R36	progress/R36/commands/026_build_armv7l_libcxxabi.log	062d324bf72088ce3d901453f33f5f9d397c701dfac009bdbb7efc4553c8b3fc
code/r36/evidence/028_compile_armv7l_probes.log	R36	progress/R36/commands/028_compile_armv7l_probes.log	b2b3b11b710962b9ca7822fe1c1e20aa7ae79ff82e5927db00db94bfe5abc4b1
code/r36/evidence/036_board_runtime_identity.log	R36	progress/R36/commands/036_board_runtime_identity.log	d2b447e1484768d61319e3b920b5a01579b0589e55df165345603abd586e7fe3
code/r36/tests/s1_rethrow_probe.cpp	R36	progress/R36/src/s1_rethrow_probe.cpp	b60932cf15eefc6052971f0c24ce3a99414b69fa053875e1cbe71184d9f9eeb7
code/r36/tests/s1_rethrow_probe_nostdlib.cpp	R36	progress/R36/src/s1_rethrow_probe_nostdlib.cpp	1527b94fe2536793092190062032837abb298edea5b98f07f98b388f1f5efa76
code/r38/build/CMakeCache.unpatched-armv7l.txt	R38	tmp/R38/unpatched-build-armv7l/CMakeCache.txt	59acc4c2a1ac079e1ceab507416ffc99d39f4bd5fd133bbc5b5b23914b3897eb
code/r38/evidence/022_compile_strict_probes_with_ehabi_field_map.log	R38	progress/R38/commands/022_compile_strict_probes_with_ehabi_field_map.log	2cd6569c0518398fcd753e5c4a1e053f9200a9a231499ca60cf22c73169e9b22
code/r38/evidence/037_deploy_board_artifacts_shell_transfer.log	R38	progress/R38/commands/037_deploy_board_artifacts_shell_transfer.log	6d089ae155267a7e54a2c7e17f86df5da404cb3f6dda86b5b6bc9a0a900692bd
code/r38/evidence/038_board_runtime_identity.log	R38	progress/R38/commands/038_board_runtime_identity.log	5efb5affd6dd7ae7fc6e56072eb275c9bc3a30beb8eb0b5f39c0a2455a1aa4ba
code/r38/tests/s1_rethrow_probe.cpp	R38	progress/R38/src/s1_rethrow_probe.cpp	2e04b02c7a2b307d84faa482d6bb594e54b7e55e3cfd04e1f475e13ffb703cf3
code/r39/board_preflight_readonly.sh	R39	progress/R39/tools/board_preflight_readonly.sh	12da04759cacabe387cab37064b5c436b087edab53715379bf35df489207663f
code/r39/board_runtime_identity.sh	R39	progress/R39/tools/board_runtime_identity.sh	2e871742c12745aebd91eda4ae939644e304d8fc1d6c3066ea191b919320696b
code/r39/cleanup_board.sh	R39	progress/R39/tools/cleanup_board.sh	0289a2e2593c11269b3ee09104a14b8aeeffe703c4195670d45a03ca506f1cb1
code/r39/deploy_dynamic_control.sh	R39	progress/R39/tools/deploy_dynamic_control.sh	3c2a0780286a3c2f0f6888f28698ceaba175e4ca2768a8029b75e3283c1e565b
code/r39/deploy_existing_artifacts.sh	R39	progress/R39/tools/deploy_existing_artifacts.sh	97fc21ae4d2b4684f379399d21461479ac79f3485940dbbdc057f72fa2d80b83
code/r39/deploy_export_control.sh	R39	progress/R39/tools/deploy_export_control.sh	51920736f190f7e0ebc08e39b9a6517ab73e933b1b7875e73067fc31f8eb73be
code/r39/generate_code_index.sh	R39	progress/R39/tools/generate_code_index.sh	64d7014dbafe4f72e0a6e716a6bcec1ab4b45abde28e64f22cb00814a0dbd266
code/r39/relink_dynamic_control.sh	R39	progress/R39/tools/relink_dynamic_control.sh	4ed6127818fedd6650b42d31b5d8b6cc552a4df1f6584814ca3a84b8e0555675
code/r39/relink_dynamic_generated.sh	R39	progress/R39/tools/relink_dynamic_generated.sh	ecf4e80dca60170091411378d9c07b9eda0da5151506a24348f079eba15ac22e
code/r39/relink_export_dynamic_control.sh	R39	progress/R39/tools/relink_export_dynamic_control.sh	226d845364cec16e455f98429dc8d5a5fd2390f43ab8e571b91d2c7b7c766fcf
code/r39/resource_gate.sh	R39	progress/R39/tools/resource_gate.sh	0efff4f309733fa455f6e526bcc9769d0d3e418565ddea54ac842a39390064c7
code/r39/run_binding_observations.sh	R39	progress/R39/tools/run_binding_observations.sh	b1eb5b16b21f5c469c1ae08ff2446e5fe6dfc38307234b12733c84e51932f4d5
code/r39/run_dynamic_binding_observation.sh	R39	progress/R39/tools/run_dynamic_binding_observation.sh	f128820114a98161270a70621d2ba523f409ae3421b00a2409a36bf939780053
code/r39/run_export_control_observation.sh	R39	progress/R39/tools/run_export_control_observation.sh	8aaf49477c5e8020ab729a7a443535ec343d297c121feb011294cf8f4bb41682
code/r39/run_logged.sh	R39	progress/R39/tools/run_logged.sh	cb4aef44ad71407280916747c0a8e0e7bcc5c0e17a522d52e683ed61e310e72f
