src_pkg	dst_pkg	edge_type	stl_kind	present_arches	ledger_status	ledger_evidence	non_ledger_method_disposition	gate_result
askuser-notification	aul	CPP_ABI	VAGUE	aarch64,armv7l,x86_64	UNMATCHED	NO_EXACT_PAIR_OR_N2_PACKAGE_MATCH	D2_DROP_BOTH_ARTIFACT:both_occurrences=4;hub_only_occurrences=0	RED
askuser-notification	bundle	CPP_ABI	VAGUE	aarch64,armv7l,x86_64	UNMATCHED	NO_EXACT_PAIR_OR_N2_PACKAGE_MATCH	D2_DROP_BOTH_ARTIFACT:both_occurrences=1;hub_only_occurrences=0	RED
askuser-notification	libsecurity-manager-client	CPP_ABI	VAGUE	aarch64,armv7l,x86_64	UNMATCHED	NO_EXACT_PAIR_OR_N2_PACKAGE_MATCH	D2_DROP_BOTH_ARTIFACT:both_occurrences=5;hub_only_occurrences=0	RED
askuser-notification-test	libaskuser-notification-common	CPP_ABI	INTERFACE	aarch64,armv7l,x86_64	UNMATCHED	NO_EXACT_PAIR_OR_N2_PACKAGE_MATCH	TEST_CONSUMER_EXCLUDED_FROM_PRODUCTION:-test	RED
capi-privacy-privilege-manager	aul	CPP_ABI	VAGUE	aarch64,armv7l,x86_64	UNMATCHED	NO_EXACT_PAIR_OR_N2_PACKAGE_MATCH	D2_DROP_BOTH_ARTIFACT:both_occurrences=2;hub_only_occurrences=0	RED
capi-privacy-privilege-manager	libsecurity-manager-client	CPP_ABI	VAGUE	aarch64,armv7l,x86_64	UNMATCHED	NO_EXACT_PAIR_OR_N2_PACKAGE_MATCH	D2_DROP_BOTH_ARTIFACT:both_occurrences=2;hub_only_occurrences=0	RED
cynara-tests	libcynara-commons	CPP_NOSTL		aarch64,armv7l,x86_64	UNMATCHED	NO_EXACT_PAIR_OR_N2_PACKAGE_MATCH	TEST_CONSUMER_EXCLUDED_FROM_PRODUCTION:-tests	RED
libaskuser-notification-common	aul	CPP_ABI	VAGUE	aarch64,armv7l,x86_64	UNMATCHED	NO_EXACT_PAIR_OR_N2_PACKAGE_MATCH	D2_DROP_BOTH_ARTIFACT:both_occurrences=5;hub_only_occurrences=0	RED
libaskuser-notification-common	libsecurity-manager-client	CPP_ABI	VAGUE	aarch64,armv7l,x86_64	UNMATCHED	NO_EXACT_PAIR_OR_N2_PACKAGE_MATCH	D2_DROP_BOTH_ARTIFACT:both_occurrences=6;hub_only_occurrences=0	RED
