test	patched_owner_code	baseline_owner_code	classification
extensions/clang/clang_modules_include.gen.py/algorithm.compile.pass.cpp	FAIL	FAIL	UPSTREAM_EXISTING
extensions/clang/clang_modules_include.gen.py/any.compile.pass.cpp	FAIL	FAIL	UPSTREAM_EXISTING
extensions/clang/clang_modules_include.gen.py/array.compile.pass.cpp	FAIL	FAIL	UPSTREAM_EXISTING
extensions/clang/clang_modules_include.gen.py/atomic.compile.pass.cpp	FAIL	FAIL	UPSTREAM_EXISTING
extensions/clang/clang_modules_include.gen.py/barrier.compile.pass.cpp	FAIL	FAIL	UPSTREAM_EXISTING
extensions/clang/clang_modules_include.gen.py/bit.compile.pass.cpp	FAIL	FAIL	UPSTREAM_EXISTING
extensions/clang/clang_modules_include.gen.py/bitset.compile.pass.cpp	FAIL	FAIL	UPSTREAM_EXISTING
extensions/clang/clang_modules_include.gen.py/ccomplex.compile.pass.cpp	FAIL	FAIL	UPSTREAM_EXISTING
extensions/clang/clang_modules_include.gen.py/cctype.compile.pass.cpp	FAIL	FAIL	UPSTREAM_EXISTING
extensions/clang/clang_modules_include.gen.py/cerrno.compile.pass.cpp	FAIL	FAIL	UPSTREAM_EXISTING
extensions/clang/clang_modules_include.gen.py/cfenv.compile.pass.cpp	FAIL	FAIL	UPSTREAM_EXISTING
extensions/clang/clang_modules_include.gen.py/cfloat.compile.pass.cpp	FAIL	FAIL	UPSTREAM_EXISTING
extensions/clang/clang_modules_include.gen.py/charconv.compile.pass.cpp	FAIL	FAIL	UPSTREAM_EXISTING
extensions/clang/clang_modules_include.gen.py/chrono.compile.pass.cpp	FAIL	FAIL	UPSTREAM_EXISTING
extensions/clang/clang_modules_include.gen.py/cinttypes.compile.pass.cpp	FAIL	FAIL	UPSTREAM_EXISTING
extensions/clang/clang_modules_include.gen.py/ciso646.compile.pass.cpp	FAIL	FAIL	UPSTREAM_EXISTING
extensions/clang/clang_modules_include.gen.py/climits.compile.pass.cpp	FAIL	FAIL	UPSTREAM_EXISTING
extensions/clang/clang_modules_include.gen.py/clocale.compile.pass.cpp	FAIL	FAIL	UPSTREAM_EXISTING
extensions/clang/clang_modules_include.gen.py/cmath.compile.pass.cpp	FAIL	FAIL	UPSTREAM_EXISTING
extensions/clang/clang_modules_include.gen.py/codecvt.compile.pass.cpp	FAIL	FAIL	UPSTREAM_EXISTING
extensions/clang/clang_modules_include.gen.py/compare.compile.pass.cpp	FAIL	FAIL	UPSTREAM_EXISTING
extensions/clang/clang_modules_include.gen.py/complex.compile.pass.cpp	FAIL	FAIL	UPSTREAM_EXISTING
extensions/clang/clang_modules_include.gen.py/complex.h.compile.pass.cpp	FAIL	FAIL	UPSTREAM_EXISTING
extensions/clang/clang_modules_include.gen.py/concepts.compile.pass.cpp	FAIL	FAIL	UPSTREAM_EXISTING
extensions/clang/clang_modules_include.gen.py/condition_variable.compile.pass.cpp	FAIL	FAIL	UPSTREAM_EXISTING
extensions/clang/clang_modules_include.gen.py/coroutine.compile.pass.cpp	FAIL	FAIL	UPSTREAM_EXISTING
extensions/clang/clang_modules_include.gen.py/csignal.compile.pass.cpp	FAIL	FAIL	UPSTREAM_EXISTING
extensions/clang/clang_modules_include.gen.py/cstdalign.compile.pass.cpp	FAIL	FAIL	UPSTREAM_EXISTING
extensions/clang/clang_modules_include.gen.py/cstdarg.compile.pass.cpp	FAIL	FAIL	UPSTREAM_EXISTING
extensions/clang/clang_modules_include.gen.py/cstdbool.compile.pass.cpp	FAIL	FAIL	UPSTREAM_EXISTING
extensions/clang/clang_modules_include.gen.py/cstddef.compile.pass.cpp	FAIL	FAIL	UPSTREAM_EXISTING
extensions/clang/clang_modules_include.gen.py/cstdint.compile.pass.cpp	FAIL	FAIL	UPSTREAM_EXISTING
extensions/clang/clang_modules_include.gen.py/cstdio.compile.pass.cpp	FAIL	FAIL	UPSTREAM_EXISTING
extensions/clang/clang_modules_include.gen.py/cstdlib.compile.pass.cpp	FAIL	FAIL	UPSTREAM_EXISTING
extensions/clang/clang_modules_include.gen.py/cstring.compile.pass.cpp	FAIL	FAIL	UPSTREAM_EXISTING
extensions/clang/clang_modules_include.gen.py/ctgmath.compile.pass.cpp	FAIL	FAIL	UPSTREAM_EXISTING
extensions/clang/clang_modules_include.gen.py/ctime.compile.pass.cpp	FAIL	FAIL	UPSTREAM_EXISTING
extensions/clang/clang_modules_include.gen.py/ctype.h.compile.pass.cpp	FAIL	FAIL	UPSTREAM_EXISTING
extensions/clang/clang_modules_include.gen.py/cuchar.compile.pass.cpp	FAIL	FAIL	UPSTREAM_EXISTING
extensions/clang/clang_modules_include.gen.py/cwchar.compile.pass.cpp	FAIL	FAIL	UPSTREAM_EXISTING
extensions/clang/clang_modules_include.gen.py/cwctype.compile.pass.cpp	FAIL	FAIL	UPSTREAM_EXISTING
extensions/clang/clang_modules_include.gen.py/deque.compile.pass.cpp	FAIL	FAIL	UPSTREAM_EXISTING
extensions/clang/clang_modules_include.gen.py/errno.h.compile.pass.cpp	FAIL	FAIL	UPSTREAM_EXISTING
extensions/clang/clang_modules_include.gen.py/exception.compile.pass.cpp	FAIL	FAIL	UPSTREAM_EXISTING
extensions/clang/clang_modules_include.gen.py/execution.compile.pass.cpp	FAIL	FAIL	UPSTREAM_EXISTING
extensions/clang/clang_modules_include.gen.py/expected.compile.pass.cpp	FAIL	FAIL	UPSTREAM_EXISTING
extensions/clang/clang_modules_include.gen.py/experimental/iterator.compile.pass.cpp	FAIL	FAIL	UPSTREAM_EXISTING
extensions/clang/clang_modules_include.gen.py/experimental/memory.compile.pass.cpp	FAIL	FAIL	UPSTREAM_EXISTING
extensions/clang/clang_modules_include.gen.py/experimental/propagate_const.compile.pass.cpp	FAIL	FAIL	UPSTREAM_EXISTING
extensions/clang/clang_modules_include.gen.py/experimental/simd.compile.pass.cpp	FAIL	FAIL	UPSTREAM_EXISTING
extensions/clang/clang_modules_include.gen.py/experimental/type_traits.compile.pass.cpp	FAIL	FAIL	UPSTREAM_EXISTING
extensions/clang/clang_modules_include.gen.py/experimental/utility.compile.pass.cpp	FAIL	FAIL	UPSTREAM_EXISTING
extensions/clang/clang_modules_include.gen.py/fenv.h.compile.pass.cpp	FAIL	FAIL	UPSTREAM_EXISTING
extensions/clang/clang_modules_include.gen.py/filesystem.compile.pass.cpp	FAIL	FAIL	UPSTREAM_EXISTING
extensions/clang/clang_modules_include.gen.py/flat_map.compile.pass.cpp	FAIL	FAIL	UPSTREAM_EXISTING
extensions/clang/clang_modules_include.gen.py/flat_set.compile.pass.cpp	FAIL	FAIL	UPSTREAM_EXISTING
extensions/clang/clang_modules_include.gen.py/float.h.compile.pass.cpp	FAIL	FAIL	UPSTREAM_EXISTING
extensions/clang/clang_modules_include.gen.py/format.compile.pass.cpp	FAIL	FAIL	UPSTREAM_EXISTING
extensions/clang/clang_modules_include.gen.py/forward_list.compile.pass.cpp	FAIL	FAIL	UPSTREAM_EXISTING
extensions/clang/clang_modules_include.gen.py/fstream.compile.pass.cpp	FAIL	FAIL	UPSTREAM_EXISTING
extensions/clang/clang_modules_include.gen.py/functional.compile.pass.cpp	FAIL	FAIL	UPSTREAM_EXISTING
extensions/clang/clang_modules_include.gen.py/future.compile.pass.cpp	FAIL	FAIL	UPSTREAM_EXISTING
extensions/clang/clang_modules_include.gen.py/initializer_list.compile.pass.cpp	FAIL	FAIL	UPSTREAM_EXISTING
extensions/clang/clang_modules_include.gen.py/inttypes.h.compile.pass.cpp	FAIL	FAIL	UPSTREAM_EXISTING
extensions/clang/clang_modules_include.gen.py/iomanip.compile.pass.cpp	FAIL	FAIL	UPSTREAM_EXISTING
extensions/clang/clang_modules_include.gen.py/ios.compile.pass.cpp	FAIL	FAIL	UPSTREAM_EXISTING
extensions/clang/clang_modules_include.gen.py/iosfwd.compile.pass.cpp	FAIL	FAIL	UPSTREAM_EXISTING
extensions/clang/clang_modules_include.gen.py/iostream.compile.pass.cpp	FAIL	FAIL	UPSTREAM_EXISTING
extensions/clang/clang_modules_include.gen.py/istream.compile.pass.cpp	FAIL	FAIL	UPSTREAM_EXISTING
extensions/clang/clang_modules_include.gen.py/iterator.compile.pass.cpp	FAIL	FAIL	UPSTREAM_EXISTING
extensions/clang/clang_modules_include.gen.py/latch.compile.pass.cpp	FAIL	FAIL	UPSTREAM_EXISTING
extensions/clang/clang_modules_include.gen.py/limits.compile.pass.cpp	FAIL	FAIL	UPSTREAM_EXISTING
extensions/clang/clang_modules_include.gen.py/list.compile.pass.cpp	FAIL	FAIL	UPSTREAM_EXISTING
extensions/clang/clang_modules_include.gen.py/locale.compile.pass.cpp	FAIL	FAIL	UPSTREAM_EXISTING
extensions/clang/clang_modules_include.gen.py/map.compile.pass.cpp	FAIL	FAIL	UPSTREAM_EXISTING
extensions/clang/clang_modules_include.gen.py/math.h.compile.pass.cpp	FAIL	FAIL	UPSTREAM_EXISTING
extensions/clang/clang_modules_include.gen.py/mdspan.compile.pass.cpp	FAIL	FAIL	UPSTREAM_EXISTING
extensions/clang/clang_modules_include.gen.py/memory.compile.pass.cpp	FAIL	FAIL	UPSTREAM_EXISTING
extensions/clang/clang_modules_include.gen.py/memory_resource.compile.pass.cpp	FAIL	FAIL	UPSTREAM_EXISTING
extensions/clang/clang_modules_include.gen.py/mutex.compile.pass.cpp	FAIL	FAIL	UPSTREAM_EXISTING
extensions/clang/clang_modules_include.gen.py/new.compile.pass.cpp	FAIL	FAIL	UPSTREAM_EXISTING
extensions/clang/clang_modules_include.gen.py/numbers.compile.pass.cpp	FAIL	FAIL	UPSTREAM_EXISTING
extensions/clang/clang_modules_include.gen.py/numeric.compile.pass.cpp	FAIL	FAIL	UPSTREAM_EXISTING
extensions/clang/clang_modules_include.gen.py/optional.compile.pass.cpp	FAIL	FAIL	UPSTREAM_EXISTING
extensions/clang/clang_modules_include.gen.py/ostream.compile.pass.cpp	FAIL	FAIL	UPSTREAM_EXISTING
extensions/clang/clang_modules_include.gen.py/print.compile.pass.cpp	FAIL	FAIL	UPSTREAM_EXISTING
extensions/clang/clang_modules_include.gen.py/queue.compile.pass.cpp	FAIL	FAIL	UPSTREAM_EXISTING
extensions/clang/clang_modules_include.gen.py/random.compile.pass.cpp	FAIL	FAIL	UPSTREAM_EXISTING
extensions/clang/clang_modules_include.gen.py/ranges.compile.pass.cpp	FAIL	FAIL	UPSTREAM_EXISTING
extensions/clang/clang_modules_include.gen.py/ratio.compile.pass.cpp	FAIL	FAIL	UPSTREAM_EXISTING
extensions/clang/clang_modules_include.gen.py/regex.compile.pass.cpp	FAIL	FAIL	UPSTREAM_EXISTING
extensions/clang/clang_modules_include.gen.py/scoped_allocator.compile.pass.cpp	FAIL	FAIL	UPSTREAM_EXISTING
extensions/clang/clang_modules_include.gen.py/semaphore.compile.pass.cpp	FAIL	FAIL	UPSTREAM_EXISTING
extensions/clang/clang_modules_include.gen.py/set.compile.pass.cpp	FAIL	FAIL	UPSTREAM_EXISTING
extensions/clang/clang_modules_include.gen.py/shared_mutex.compile.pass.cpp	FAIL	FAIL	UPSTREAM_EXISTING
extensions/clang/clang_modules_include.gen.py/source_location.compile.pass.cpp	FAIL	FAIL	UPSTREAM_EXISTING
extensions/clang/clang_modules_include.gen.py/span.compile.pass.cpp	FAIL	FAIL	UPSTREAM_EXISTING
extensions/clang/clang_modules_include.gen.py/sstream.compile.pass.cpp	FAIL	FAIL	UPSTREAM_EXISTING
extensions/clang/clang_modules_include.gen.py/stack.compile.pass.cpp	FAIL	FAIL	UPSTREAM_EXISTING
extensions/clang/clang_modules_include.gen.py/stdatomic.h.compile.pass.cpp	FAIL	FAIL	UPSTREAM_EXISTING
extensions/clang/clang_modules_include.gen.py/stddef.h.compile.pass.cpp	FAIL	FAIL	UPSTREAM_EXISTING
extensions/clang/clang_modules_include.gen.py/stdexcept.compile.pass.cpp	FAIL	FAIL	UPSTREAM_EXISTING
extensions/clang/clang_modules_include.gen.py/stdio.h.compile.pass.cpp	FAIL	FAIL	UPSTREAM_EXISTING
extensions/clang/clang_modules_include.gen.py/stdlib.h.compile.pass.cpp	FAIL	FAIL	UPSTREAM_EXISTING
extensions/clang/clang_modules_include.gen.py/stop_token.compile.pass.cpp	FAIL	FAIL	UPSTREAM_EXISTING
extensions/clang/clang_modules_include.gen.py/streambuf.compile.pass.cpp	FAIL	FAIL	UPSTREAM_EXISTING
extensions/clang/clang_modules_include.gen.py/string.compile.pass.cpp	FAIL	FAIL	UPSTREAM_EXISTING
extensions/clang/clang_modules_include.gen.py/string.h.compile.pass.cpp	FAIL	FAIL	UPSTREAM_EXISTING
extensions/clang/clang_modules_include.gen.py/string_view.compile.pass.cpp	FAIL	FAIL	UPSTREAM_EXISTING
extensions/clang/clang_modules_include.gen.py/strstream.compile.pass.cpp	FAIL	FAIL	UPSTREAM_EXISTING
extensions/clang/clang_modules_include.gen.py/syncstream.compile.pass.cpp	FAIL	FAIL	UPSTREAM_EXISTING
extensions/clang/clang_modules_include.gen.py/system_error.compile.pass.cpp	FAIL	FAIL	UPSTREAM_EXISTING
extensions/clang/clang_modules_include.gen.py/tgmath.h.compile.pass.cpp	FAIL	FAIL	UPSTREAM_EXISTING
extensions/clang/clang_modules_include.gen.py/thread.compile.pass.cpp	FAIL	FAIL	UPSTREAM_EXISTING
extensions/clang/clang_modules_include.gen.py/tuple.compile.pass.cpp	FAIL	FAIL	UPSTREAM_EXISTING
extensions/clang/clang_modules_include.gen.py/type_traits.compile.pass.cpp	FAIL	FAIL	UPSTREAM_EXISTING
extensions/clang/clang_modules_include.gen.py/typeindex.compile.pass.cpp	FAIL	FAIL	UPSTREAM_EXISTING
extensions/clang/clang_modules_include.gen.py/typeinfo.compile.pass.cpp	FAIL	FAIL	UPSTREAM_EXISTING
extensions/clang/clang_modules_include.gen.py/uchar.h.compile.pass.cpp	FAIL	FAIL	UPSTREAM_EXISTING
extensions/clang/clang_modules_include.gen.py/unordered_map.compile.pass.cpp	FAIL	FAIL	UPSTREAM_EXISTING
extensions/clang/clang_modules_include.gen.py/unordered_set.compile.pass.cpp	FAIL	FAIL	UPSTREAM_EXISTING
extensions/clang/clang_modules_include.gen.py/utility.compile.pass.cpp	FAIL	FAIL	UPSTREAM_EXISTING
extensions/clang/clang_modules_include.gen.py/valarray.compile.pass.cpp	FAIL	FAIL	UPSTREAM_EXISTING
extensions/clang/clang_modules_include.gen.py/variant.compile.pass.cpp	FAIL	FAIL	UPSTREAM_EXISTING
extensions/clang/clang_modules_include.gen.py/vector.compile.pass.cpp	FAIL	FAIL	UPSTREAM_EXISTING
extensions/clang/clang_modules_include.gen.py/wchar.h.compile.pass.cpp	FAIL	FAIL	UPSTREAM_EXISTING
extensions/clang/clang_modules_include.gen.py/wctype.h.compile.pass.cpp	FAIL	FAIL	UPSTREAM_EXISTING
selftest/dsl/dsl.sh.py	FAIL	FAIL	UPSTREAM_EXISTING
std/input.output/iostream.format/std.manip/setfill_wchar_max.pass.cpp	FAIL	FAIL	UPSTREAM_EXISTING
std/input.output/iostream.objects/narrow.stream.objects/cerr.sh.cpp	FAIL	FAIL	UPSTREAM_EXISTING
std/input.output/iostream.objects/narrow.stream.objects/clog.sh.cpp	FAIL	FAIL	UPSTREAM_EXISTING
std/input.output/iostream.objects/wide.stream.objects/wcerr-imbue.sh.cpp	FAIL	FAIL	UPSTREAM_EXISTING
std/input.output/iostream.objects/wide.stream.objects/wcerr.sh.cpp	FAIL	FAIL	UPSTREAM_EXISTING
std/input.output/iostream.objects/wide.stream.objects/wclog.sh.cpp	FAIL	FAIL	UPSTREAM_EXISTING
std/localization/locale.categories/category.monetary/locale.moneypunct.byname/decimal_point.pass.cpp	FAIL	FAIL	UPSTREAM_EXISTING
std/numerics/rand/rand.dist/rand.dist.bern/rand.dist.bern.geo/eval.pass.cpp	FAIL	FAIL	UPSTREAM_EXISTING
std/numerics/rand/rand.dist/rand.dist.bern/rand.dist.bern.negbin/eval.pass.cpp	FAIL	FAIL	UPSTREAM_EXISTING
std/numerics/rand/rand.dist/rand.dist.samp/rand.dist.samp.discrete/eval.pass.cpp	FAIL	FAIL	UPSTREAM_EXISTING
std/time/time.clock/time.clock.gps/gps_time.ostream.pass.cpp	FAIL	FAIL	UPSTREAM_EXISTING
std/time/time.clock/time.clock.gps/time.clock.gps.members/from_utc.pass.cpp	FAIL	FAIL	UPSTREAM_EXISTING
std/time/time.clock/time.clock.gps/time.clock.gps.members/now.pass.cpp	FAIL	FAIL	UPSTREAM_EXISTING
std/time/time.clock/time.clock.gps/time.clock.gps.members/to_utc.pass.cpp	FAIL	FAIL	UPSTREAM_EXISTING
std/time/time.clock/time.clock.tai/time.clock.tai.members/from_utc.pass.cpp	FAIL	FAIL	UPSTREAM_EXISTING
std/time/time.clock/time.clock.tai/time.clock.tai.members/now.pass.cpp	FAIL	FAIL	UPSTREAM_EXISTING
std/time/time.clock/time.clock.tai/time.clock.tai.members/to_utc.pass.cpp	FAIL	FAIL	UPSTREAM_EXISTING
std/time/time.clock/time.clock.utc/get_leap_second_info.pass.cpp	FAIL	FAIL	UPSTREAM_EXISTING
std/time/time.clock/time.clock.utc/time.clock.utc.members/from_sys.pass.cpp	FAIL	FAIL	UPSTREAM_EXISTING
std/time/time.clock/time.clock.utc/time.clock.utc.members/now.pass.cpp	FAIL	FAIL	UPSTREAM_EXISTING
std/time/time.clock/time.clock.utc/time.clock.utc.members/to_sys.pass.cpp	FAIL	FAIL	UPSTREAM_EXISTING
std/time/time.clock/time.clock.utc/utc_time.ostream.pass.cpp	FAIL	FAIL	UPSTREAM_EXISTING
std/time/time.hash/time.hash_enabled.pass.cpp	FAIL	FAIL	UPSTREAM_EXISTING
std/time/time.syn/formatter.file_time.pass.cpp	FAIL	FAIL	UPSTREAM_EXISTING
std/time/time.syn/formatter.gps_time.pass.cpp	FAIL	FAIL	UPSTREAM_EXISTING
std/time/time.syn/formatter.local_time.pass.cpp	FAIL	FAIL	UPSTREAM_EXISTING
std/time/time.syn/formatter.sys_time.pass.cpp	FAIL	FAIL	UPSTREAM_EXISTING
std/time/time.syn/formatter.tai_time.pass.cpp	FAIL	FAIL	UPSTREAM_EXISTING
std/time/time.syn/formatter.utc_time.pass.cpp	FAIL	FAIL	UPSTREAM_EXISTING
std/time/time.syn/formatter.year.pass.cpp	FAIL	FAIL	UPSTREAM_EXISTING
std/time/time.syn/formatter.zoned_time.pass.cpp	FAIL	FAIL	UPSTREAM_EXISTING
std/time/time.zone/time.zone.db/leap_seconds.pass.cpp	FAIL	FAIL	UPSTREAM_EXISTING
std/time/time.zone/time.zone.db/time.zone.db.access/current_zone.pass.cpp	FAIL	FAIL	UPSTREAM_EXISTING
std/time/time.zone/time.zone.db/time.zone.db.access/get_tzdb.pass.cpp	FAIL	FAIL	UPSTREAM_EXISTING
std/time/time.zone/time.zone.db/time.zone.db.access/get_tzdb_list.pass.cpp	FAIL	FAIL	UPSTREAM_EXISTING
std/time/time.zone/time.zone.db/time.zone.db.access/locate_zone.pass.cpp	FAIL	FAIL	UPSTREAM_EXISTING
std/time/time.zone/time.zone.db/time.zone.db.list/front.pass.cpp	FAIL	FAIL	UPSTREAM_EXISTING
std/time/time.zone/time.zone.db/time.zone.db.list/iterators.pass.cpp	FAIL	FAIL	UPSTREAM_EXISTING
std/time/time.zone/time.zone.db/time.zone.db.remote/reload_tzdb.pass.cpp	FAIL	FAIL	UPSTREAM_EXISTING
std/time/time.zone/time.zone.db/time.zone.db.remote/remote_version.pass.cpp	FAIL	FAIL	UPSTREAM_EXISTING
std/time/time.zone/time.zone.db/time.zone.db.tzdb/current_zone.pass.cpp	FAIL	FAIL	UPSTREAM_EXISTING
std/time/time.zone/time.zone.db/time.zone.db.tzdb/locate_zone.pass.cpp	FAIL	FAIL	UPSTREAM_EXISTING
std/time/time.zone/time.zone.leap/members/date.pass.cpp	FAIL	FAIL	UPSTREAM_EXISTING
std/time/time.zone/time.zone.leap/members/value.pass.cpp	FAIL	FAIL	UPSTREAM_EXISTING
std/time/time.zone/time.zone.leap/nonmembers/comparison.pass.cpp	FAIL	FAIL	UPSTREAM_EXISTING
std/time/time.zone/time.zone.link/time.zone.link.members/name.pass.cpp	FAIL	FAIL	UPSTREAM_EXISTING
std/time/time.zone/time.zone.link/time.zone.link.members/target.pass.cpp	FAIL	FAIL	UPSTREAM_EXISTING
std/time/time.zone/time.zone.link/time.zone.link.nonmembers/comparison.pass.cpp	FAIL	FAIL	UPSTREAM_EXISTING
std/time/time.zone/time.zone.timezone/time.zone.members/name.pass.cpp	FAIL	FAIL	UPSTREAM_EXISTING
std/time/time.zone/time.zone.timezone/time.zone.members/sys_info.zdump.pass.cpp	FAIL	FAIL	UPSTREAM_EXISTING
std/time/time.zone/time.zone.timezone/time.zone.members/to_local.pass.cpp	FAIL	FAIL	UPSTREAM_EXISTING
std/time/time.zone/time.zone.timezone/time.zone.members/to_sys.pass.cpp	FAIL	FAIL	UPSTREAM_EXISTING
std/time/time.zone/time.zone.timezone/time.zone.members/to_sys_choose.pass.cpp	FAIL	FAIL	UPSTREAM_EXISTING
std/time/time.zone/time.zone.timezone/time.zone.nonmembers/comparison.pass.cpp	FAIL	FAIL	UPSTREAM_EXISTING
std/time/time.zone/time.zone.zonedtime/copy.assign.pass.cpp	FAIL	FAIL	UPSTREAM_EXISTING
std/time/time.zone/time.zone.zonedtime/copy.ctor.pass.cpp	FAIL	FAIL	UPSTREAM_EXISTING
std/time/time.zone/time.zone.zonedtime/deduction.pass.cpp	FAIL	FAIL	UPSTREAM_EXISTING
std/time/time.zone/time.zone.zonedtime/time.zone.zonedtime.ctor/default.pass.cpp	FAIL	FAIL	UPSTREAM_EXISTING
std/time/time.zone/time.zone.zonedtime/time.zone.zonedtime.ctor/string_view.pass.cpp	FAIL	FAIL	UPSTREAM_EXISTING
std/time/time.zone/time.zone.zonedtime/time.zone.zonedtime.ctor/string_view_local_time.pass.cpp	FAIL	FAIL	UPSTREAM_EXISTING
std/time/time.zone/time.zone.zonedtime/time.zone.zonedtime.ctor/string_view_local_time_choose.pass.cpp	FAIL	FAIL	UPSTREAM_EXISTING
std/time/time.zone/time.zone.zonedtime/time.zone.zonedtime.ctor/string_view_sys_time.pass.cpp	FAIL	FAIL	UPSTREAM_EXISTING
std/time/time.zone/time.zone.zonedtime/time.zone.zonedtime.ctor/string_view_zoned_time_duration2_time_zone_ptr2.pass.cpp	FAIL	FAIL	UPSTREAM_EXISTING
std/time/time.zone/time.zone.zonedtime/time.zone.zonedtime.ctor/string_view_zoned_time_duration2_time_zone_ptr2_choose.pass.cpp	FAIL	FAIL	UPSTREAM_EXISTING
std/time/time.zone/time.zone.zonedtime/time.zone.zonedtime.ctor/sys_time.pass.cpp	FAIL	FAIL	UPSTREAM_EXISTING
std/time/time.zone/time.zone.zonedtime/time.zone.zonedtime.ctor/time_zone_pointer.pass.cpp	FAIL	FAIL	UPSTREAM_EXISTING
std/time/time.zone/time.zone.zonedtime/time.zone.zonedtime.ctor/time_zone_pointer_local_time.pass.cpp	FAIL	FAIL	UPSTREAM_EXISTING
std/time/time.zone/time.zone.zonedtime/time.zone.zonedtime.ctor/time_zone_pointer_local_time_choose.pass.cpp	FAIL	FAIL	UPSTREAM_EXISTING
std/time/time.zone/time.zone.zonedtime/time.zone.zonedtime.ctor/time_zone_pointer_sys_time.pass.cpp	FAIL	FAIL	UPSTREAM_EXISTING
std/time/time.zone/time.zone.zonedtime/time.zone.zonedtime.ctor/time_zone_ptr_zoned_time_duration2_time_zone_ptr2.pass.cpp	FAIL	FAIL	UPSTREAM_EXISTING
std/time/time.zone/time.zone.zonedtime/time.zone.zonedtime.ctor/time_zone_ptr_zoned_time_duration2_time_zone_ptr2_choose.pass.cpp	FAIL	FAIL	UPSTREAM_EXISTING
std/time/time.zone/time.zone.zonedtime/time.zone.zonedtime.ctor/zoned_time_duration2.pass.cpp	FAIL	FAIL	UPSTREAM_EXISTING
std/time/time.zone/time.zone.zonedtime/time.zone.zonedtime.members/assign.local_time.pass.cpp	FAIL	FAIL	UPSTREAM_EXISTING
std/time/time.zone/time.zone.zonedtime/time.zone.zonedtime.members/assign.sys_time.pass.cpp	FAIL	FAIL	UPSTREAM_EXISTING
std/time/time.zone/time.zone.zonedtime/time.zone.zonedtime.members/get_info.pass.cpp	FAIL	FAIL	UPSTREAM_EXISTING
std/time/time.zone/time.zone.zonedtime/time.zone.zonedtime.members/get_local_time.pass.cpp	FAIL	FAIL	UPSTREAM_EXISTING
std/time/time.zone/time.zone.zonedtime/time.zone.zonedtime.members/get_sys_time.pass.cpp	FAIL	FAIL	UPSTREAM_EXISTING
std/time/time.zone/time.zone.zonedtime/time.zone.zonedtime.members/get_time_zone.pass.cpp	FAIL	FAIL	UPSTREAM_EXISTING
std/time/time.zone/time.zone.zonedtime/time.zone.zonedtime.members/operator_local_time.pass.cpp	FAIL	FAIL	UPSTREAM_EXISTING
std/time/time.zone/time.zone.zonedtime/time.zone.zonedtime.members/operator_sys_time.pass.cpp	FAIL	FAIL	UPSTREAM_EXISTING
std/time/time.zone/time.zone.zonedtime/time.zone.zonedtime.nonmembers/eq.pass.cpp	FAIL	FAIL	UPSTREAM_EXISTING
std/time/time.zone/time.zone.zonedtime/time.zone.zonedtime.nonmembers/ostream.pass.cpp	FAIL	FAIL	UPSTREAM_EXISTING
std/time/time.zone/time.zone.zonedtraits/const_time_zone_default_zone.pass.cpp	FAIL	FAIL	UPSTREAM_EXISTING
std/time/time.zone/time.zone.zonedtraits/const_time_zone_locate_zone.pass.cpp	FAIL	FAIL	UPSTREAM_EXISTING
std/utilities/charconv/charconv.msvc/test.pass.cpp	FAIL	FAIL	UPSTREAM_EXISTING
