record_type	batch_id	target_arch	rpm_arch	output_scope	source_name	source_nevra	source_build_sha256	package	nevra	candidate_sha256	disposition	tier1_component_id	tier1_closure_status	dependency_resolution_status	exact_lock_group	exact_lock_status	is_devel	static_archive_count	static_archive_paths	legacy_authority_nevra	legacy_authority_sha256	image_selected_sha256	neutral_non_elf_proof	neutral_no_cpp_surface_proof	neutral_dual_source_sha_proof	decision_evidence	gate_status
ENTRY	BASE_FIRST	armv7l	armv7l	ARCH_SPECIFIC	boost	boost-1.83.0-5.1	c0b85592a52193b56cf210dee9f7077d81e5ff9e3df344f13597eb1f9d5bba51	boost	boost-1.83.0-5.1.armv7l	28a12db10c97bdc8bafde8dc857c9a2497a53692398c744ffcd1642b34b1d923	HOLD_SIBLING	NO_PRODUCTION_TIER1:boost	NOT_IN_ADMIT_SET	PASS_FROZEN_RPM_INPUT_EXECUTION_RECHECK_REQUIRED	NONE	NO_UNRESOLVED_EXACT_LOCK	NO	0		boost-1.83.0-5.1.armv7l	28a12db10c97bdc8bafde8dc857c9a2497a53692398c744ffcd1642b34b1d923	28a12db10c97bdc8bafde8dc857c9a2497a53692398c744ffcd1642b34b1d923	N/A	N/A	N/A	remediation_r5/evidence/ledger_instance_generation.tsv	PASS_PROMOTION_LEDGER_V2_INSTANCE
ENTRY	BASE_FIRST	armv7l	armv7l	ARCH_SPECIFIC	boost	boost-1.83.0-5.1	c0b85592a52193b56cf210dee9f7077d81e5ff9e3df344f13597eb1f9d5bba51	boost-atomic	boost-atomic-1.83.0-5.1.armv7l	cbddad27e4ab98ceb4d20573f47394783770daab521aedd8af21a97ead5ad276	HOLD_SIBLING	tier1_production_0127	NOT_IN_ADMIT_SET	PASS_FROZEN_RPM_INPUT_EXECUTION_RECHECK_REQUIRED	NONE	NO_UNRESOLVED_EXACT_LOCK	NO	0		boost-atomic-1.83.0-5.1.armv7l	cbddad27e4ab98ceb4d20573f47394783770daab521aedd8af21a97ead5ad276	cbddad27e4ab98ceb4d20573f47394783770daab521aedd8af21a97ead5ad276	N/A	N/A	N/A	remediation_r5/evidence/ledger_instance_generation.tsv	PASS_PROMOTION_LEDGER_V2_INSTANCE
ENTRY	BASE_FIRST	armv7l	armv7l	ARCH_SPECIFIC	boost	boost-1.83.0-5.1	c0b85592a52193b56cf210dee9f7077d81e5ff9e3df344f13597eb1f9d5bba51	boost-chrono	boost-chrono-1.83.0-5.1.armv7l	a40f6bba00cdfe1fc55e817e5ed372d33611453eeca9fe359f9a6888837d89cb	HOLD_SIBLING	tier1_production_0128	NOT_IN_ADMIT_SET	PASS_FROZEN_RPM_INPUT_EXECUTION_RECHECK_REQUIRED	NONE	NO_UNRESOLVED_EXACT_LOCK	NO	0		boost-chrono-1.83.0-5.1.armv7l	a40f6bba00cdfe1fc55e817e5ed372d33611453eeca9fe359f9a6888837d89cb	a40f6bba00cdfe1fc55e817e5ed372d33611453eeca9fe359f9a6888837d89cb	N/A	N/A	N/A	remediation_r5/evidence/ledger_instance_generation.tsv	PASS_PROMOTION_LEDGER_V2_INSTANCE
ENTRY	BASE_FIRST	armv7l	armv7l	ARCH_SPECIFIC	boost	boost-1.83.0-5.1	c0b85592a52193b56cf210dee9f7077d81e5ff9e3df344f13597eb1f9d5bba51	boost-container	boost-container-1.83.0-5.1.armv7l	cf837332e55152e7824bf7aae2a6a2fc05af512a091778cec6f2ee2d26a27570	HOLD_SIBLING	tier1_production_0129	NOT_IN_ADMIT_SET	PASS_FROZEN_RPM_INPUT_EXECUTION_RECHECK_REQUIRED	NONE	NO_UNRESOLVED_EXACT_LOCK	NO	0		boost-container-1.83.0-5.1.armv7l	cf837332e55152e7824bf7aae2a6a2fc05af512a091778cec6f2ee2d26a27570	cf837332e55152e7824bf7aae2a6a2fc05af512a091778cec6f2ee2d26a27570	N/A	N/A	N/A	remediation_r5/evidence/ledger_instance_generation.tsv	PASS_PROMOTION_LEDGER_V2_INSTANCE
ENTRY	BASE_FIRST	armv7l	armv7l	ARCH_SPECIFIC	boost	boost-1.83.0-5.1	c0b85592a52193b56cf210dee9f7077d81e5ff9e3df344f13597eb1f9d5bba51	boost-context	boost-context-1.83.0-5.1.armv7l	3655344bd94ad348b93fd6dbb931e1648159d4b94dd82cda4e4c6c4f744bdafc	HOLD_SIBLING	tier1_production_0130	NOT_IN_ADMIT_SET	PASS_FROZEN_RPM_INPUT_EXECUTION_RECHECK_REQUIRED	NONE	NO_UNRESOLVED_EXACT_LOCK	NO	0		boost-context-1.83.0-5.1.armv7l	3655344bd94ad348b93fd6dbb931e1648159d4b94dd82cda4e4c6c4f744bdafc	3655344bd94ad348b93fd6dbb931e1648159d4b94dd82cda4e4c6c4f744bdafc	N/A	N/A	N/A	remediation_r5/evidence/ledger_instance_generation.tsv	PASS_PROMOTION_LEDGER_V2_INSTANCE
ENTRY	BASE_FIRST	armv7l	armv7l	ARCH_SPECIFIC	boost	boost-1.83.0-5.1	c0b85592a52193b56cf210dee9f7077d81e5ff9e3df344f13597eb1f9d5bba51	boost-contract	boost-contract-1.83.0-5.1.armv7l	130c11e94c4f006b6c915c2b4aeb32edf213c52504abaf36d0688b0416c31fc9	HOLD_SIBLING	tier1_production_0131	NOT_IN_ADMIT_SET	PASS_FROZEN_RPM_INPUT_EXECUTION_RECHECK_REQUIRED	NONE	NO_UNRESOLVED_EXACT_LOCK	NO	0		boost-contract-1.83.0-5.1.armv7l	130c11e94c4f006b6c915c2b4aeb32edf213c52504abaf36d0688b0416c31fc9	130c11e94c4f006b6c915c2b4aeb32edf213c52504abaf36d0688b0416c31fc9	N/A	N/A	N/A	remediation_r5/evidence/ledger_instance_generation.tsv	PASS_PROMOTION_LEDGER_V2_INSTANCE
ENTRY	BASE_FIRST	armv7l	armv7l	ARCH_SPECIFIC	boost	boost-1.83.0-5.1	c0b85592a52193b56cf210dee9f7077d81e5ff9e3df344f13597eb1f9d5bba51	boost-coroutine	boost-coroutine-1.83.0-5.1.armv7l	88b62f3eff86c6baaaf54c833880cf910663299070b079b3f3ec24d65ed29baf	HOLD_SIBLING	tier1_production_0132	NOT_IN_ADMIT_SET	PASS_FROZEN_RPM_INPUT_EXECUTION_RECHECK_REQUIRED	NONE	NO_UNRESOLVED_EXACT_LOCK	NO	0		boost-coroutine-1.83.0-5.1.armv7l	88b62f3eff86c6baaaf54c833880cf910663299070b079b3f3ec24d65ed29baf	88b62f3eff86c6baaaf54c833880cf910663299070b079b3f3ec24d65ed29baf	N/A	N/A	N/A	remediation_r5/evidence/ledger_instance_generation.tsv	PASS_PROMOTION_LEDGER_V2_INSTANCE
ENTRY	BASE_FIRST	armv7l	armv7l	ARCH_SPECIFIC	boost	boost-1.83.0-5.1	c0b85592a52193b56cf210dee9f7077d81e5ff9e3df344f13597eb1f9d5bba51	boost-date-time	boost-date-time-1.83.0-5.1.armv7l	d500d7b13e0aedb872156ac1d862150c95546737a2abb75b01f3f1b180f6a41a	HOLD_SIBLING	tier1_production_0133	NOT_IN_ADMIT_SET	PASS_FROZEN_RPM_INPUT_EXECUTION_RECHECK_REQUIRED	NONE	NO_UNRESOLVED_EXACT_LOCK	NO	0		boost-date-time-1.83.0-5.1.armv7l	d500d7b13e0aedb872156ac1d862150c95546737a2abb75b01f3f1b180f6a41a	d500d7b13e0aedb872156ac1d862150c95546737a2abb75b01f3f1b180f6a41a	N/A	N/A	N/A	remediation_r5/evidence/ledger_instance_generation.tsv	PASS_PROMOTION_LEDGER_V2_INSTANCE
ENTRY	BASE_FIRST	armv7l	armv7l	ARCH_SPECIFIC	boost	boost-1.83.0-5.1	c0b85592a52193b56cf210dee9f7077d81e5ff9e3df344f13597eb1f9d5bba51	boost-devel	boost-devel-1.83.0-5.1.armv7l	804e07259419fc40c0c02863880d41e677858242dd487efb06825c8efaa15c03	HOLD_SIBLING	NO_PRODUCTION_TIER1:boost-devel	NOT_IN_ADMIT_SET	PASS_FROZEN_RPM_INPUT_EXECUTION_RECHECK_REQUIRED	NONE	NO_UNRESOLVED_EXACT_LOCK	YES	0		boost-devel-1.83.0-5.1.armv7l	804e07259419fc40c0c02863880d41e677858242dd487efb06825c8efaa15c03	804e07259419fc40c0c02863880d41e677858242dd487efb06825c8efaa15c03	N/A	N/A	N/A	remediation_r5/evidence/ledger_instance_generation.tsv	PASS_PROMOTION_LEDGER_V2_INSTANCE
ENTRY	BASE_FIRST	armv7l	noarch	SHARED_NOARCH	boost	boost-1.83.0-5.1	c0b85592a52193b56cf210dee9f7077d81e5ff9e3df344f13597eb1f9d5bba51	boost-doc-html	boost-doc-html-1.83.0-5.1.noarch	434a09ae5959c89d3fcf9014c02748786e10268148db0be72e58ddfc7b61fe6a	HOLD_SIBLING	SHARED_NOARCH_NO_CPP:boost-doc-html	NOT_IN_ADMIT_SET	PASS_FROZEN_RPM_INPUT_EXECUTION_RECHECK_REQUIRED	NONE	NO_UNRESOLVED_EXACT_LOCK	NO	0		boost-doc-html-1.83.0-5.1.noarch	434a09ae5959c89d3fcf9014c02748786e10268148db0be72e58ddfc7b61fe6a	434a09ae5959c89d3fcf9014c02748786e10268148db0be72e58ddfc7b61fe6a	N/A	N/A	N/A	remediation_r5/evidence/ledger_instance_generation.tsv	PASS_PROMOTION_LEDGER_V2_INSTANCE
ENTRY	BASE_FIRST	armv7l	armv7l	ARCH_SPECIFIC	boost	boost-1.83.0-5.1	c0b85592a52193b56cf210dee9f7077d81e5ff9e3df344f13597eb1f9d5bba51	boost-fiber	boost-fiber-1.83.0-5.1.armv7l	fffa919e2671aceb01a32175649794a67b9f66f3eaba6d8de4cecfc421acfb7f	HOLD_SIBLING	tier1_production_0134	NOT_IN_ADMIT_SET	PASS_FROZEN_RPM_INPUT_EXECUTION_RECHECK_REQUIRED	NONE	NO_UNRESOLVED_EXACT_LOCK	NO	0		boost-fiber-1.83.0-5.1.armv7l	fffa919e2671aceb01a32175649794a67b9f66f3eaba6d8de4cecfc421acfb7f	fffa919e2671aceb01a32175649794a67b9f66f3eaba6d8de4cecfc421acfb7f	N/A	N/A	N/A	remediation_r5/evidence/ledger_instance_generation.tsv	PASS_PROMOTION_LEDGER_V2_INSTANCE
ENTRY	BASE_FIRST	armv7l	armv7l	ARCH_SPECIFIC	boost	boost-1.83.0-5.1	c0b85592a52193b56cf210dee9f7077d81e5ff9e3df344f13597eb1f9d5bba51	boost-filesystem	boost-filesystem-1.83.0-5.1.armv7l	e317eae2a86529ee94fb240c6f4523e1cd76f58d4d5cfd08f2edfbd06d271db7	ADMIT	tier1_production_0013	CLOSED	PASS_FROZEN_RPM_INPUT_EXECUTION_RECHECK_REQUIRED	NONE	NO_UNRESOLVED_EXACT_LOCK	NO	0		N/A	N/A	e317eae2a86529ee94fb240c6f4523e1cd76f58d4d5cfd08f2edfbd06d271db7	N/A	N/A	N/A	remediation_r5/evidence/ledger_instance_generation.tsv	PASS_PROMOTION_LEDGER_V2_INSTANCE
ENTRY	BASE_FIRST	armv7l	armv7l	ARCH_SPECIFIC	boost	boost-1.83.0-5.1	c0b85592a52193b56cf210dee9f7077d81e5ff9e3df344f13597eb1f9d5bba51	boost-graph	boost-graph-1.83.0-5.1.armv7l	4e0c98f386e3bcc02c46365c16b1fac44e90d4ac7ba05dbb71182e925e68b902	HOLD_SIBLING	tier1_production_0135	NOT_IN_ADMIT_SET	PASS_FROZEN_RPM_INPUT_EXECUTION_RECHECK_REQUIRED	NONE	NO_UNRESOLVED_EXACT_LOCK	NO	0		boost-graph-1.83.0-5.1.armv7l	4e0c98f386e3bcc02c46365c16b1fac44e90d4ac7ba05dbb71182e925e68b902	4e0c98f386e3bcc02c46365c16b1fac44e90d4ac7ba05dbb71182e925e68b902	N/A	N/A	N/A	remediation_r5/evidence/ledger_instance_generation.tsv	PASS_PROMOTION_LEDGER_V2_INSTANCE
ENTRY	BASE_FIRST	armv7l	armv7l	ARCH_SPECIFIC	boost	boost-1.83.0-5.1	c0b85592a52193b56cf210dee9f7077d81e5ff9e3df344f13597eb1f9d5bba51	boost-iostreams	boost-iostreams-1.83.0-5.1.armv7l	b1ece6ae1808dcb68d94cb9ac4f34aeeec5969c9d4c8dc0a123a83b43e5e5ce2	ADMIT	tier1_production_0136	CLOSED	PASS_FROZEN_RPM_INPUT_EXECUTION_RECHECK_REQUIRED	NONE	NO_UNRESOLVED_EXACT_LOCK	NO	0		N/A	N/A	b1ece6ae1808dcb68d94cb9ac4f34aeeec5969c9d4c8dc0a123a83b43e5e5ce2	N/A	N/A	N/A	remediation_r5/evidence/ledger_instance_generation.tsv	PASS_PROMOTION_LEDGER_V2_INSTANCE
ENTRY	BASE_FIRST	armv7l	armv7l	ARCH_SPECIFIC	boost	boost-1.83.0-5.1	c0b85592a52193b56cf210dee9f7077d81e5ff9e3df344f13597eb1f9d5bba51	boost-json	boost-json-1.83.0-5.1.armv7l	711d9f656f16424a7625c8db8db6805862a6913a8cd81c15d61e5bb1416495cd	HOLD_SIBLING	tier1_production_0138	NOT_IN_ADMIT_SET	PASS_FROZEN_RPM_INPUT_EXECUTION_RECHECK_REQUIRED	NONE	NO_UNRESOLVED_EXACT_LOCK	NO	0		boost-json-1.83.0-5.1.armv7l	711d9f656f16424a7625c8db8db6805862a6913a8cd81c15d61e5bb1416495cd	711d9f656f16424a7625c8db8db6805862a6913a8cd81c15d61e5bb1416495cd	N/A	N/A	N/A	remediation_r5/evidence/ledger_instance_generation.tsv	PASS_PROMOTION_LEDGER_V2_INSTANCE
ENTRY	BASE_FIRST	armv7l	noarch	SHARED_NOARCH	boost	boost-1.83.0-5.1	c0b85592a52193b56cf210dee9f7077d81e5ff9e3df344f13597eb1f9d5bba51	boost-license	boost-license-1.83.0-5.1.noarch	39484d87349fe00b7dbc9382518cb258b694d3126d0c64358da3e3abf3871cf0	ADMIT_STDLIB_NEUTRAL	STDLIB_NEUTRAL:boost-license	EXEMPT_STDLIB_NEUTRAL	PASS_FROZEN_RPM_INPUT_EXECUTION_RECHECK_REQUIRED	NONE	NO_UNRESOLVED_EXACT_LOCK	NO	0		N/A	N/A	39484d87349fe00b7dbc9382518cb258b694d3126d0c64358da3e3abf3871cf0	PASS	PASS	PASS	remediation_r4/evidence/noarch_independent_verification.tsv	PASS_PROMOTION_LEDGER_V2_INSTANCE
ENTRY	BASE_FIRST	armv7l	armv7l	ARCH_SPECIFIC	boost	boost-1.83.0-5.1	c0b85592a52193b56cf210dee9f7077d81e5ff9e3df344f13597eb1f9d5bba51	boost-locale	boost-locale-1.83.0-5.1.armv7l	731c99efa2d689c652864c041fddf70b2cac07a112b40929a7b125534607b7ae	HOLD_SIBLING	tier1_production_0139	NOT_IN_ADMIT_SET	PASS_FROZEN_RPM_INPUT_EXECUTION_RECHECK_REQUIRED	NONE	NO_UNRESOLVED_EXACT_LOCK	NO	0		boost-locale-1.83.0-5.1.armv7l	731c99efa2d689c652864c041fddf70b2cac07a112b40929a7b125534607b7ae	731c99efa2d689c652864c041fddf70b2cac07a112b40929a7b125534607b7ae	N/A	N/A	N/A	remediation_r5/evidence/ledger_instance_generation.tsv	PASS_PROMOTION_LEDGER_V2_INSTANCE
ENTRY	BASE_FIRST	armv7l	armv7l	ARCH_SPECIFIC	boost	boost-1.83.0-5.1	c0b85592a52193b56cf210dee9f7077d81e5ff9e3df344f13597eb1f9d5bba51	boost-log	boost-log-1.83.0-5.1.armv7l	be66bf6899cf58c26f34491cc44dec197850b48d636ff9487331c764b51ec690	ADMIT	tier1_production_0013	CLOSED	PASS_FROZEN_RPM_INPUT_EXECUTION_RECHECK_REQUIRED	NONE	NO_UNRESOLVED_EXACT_LOCK	NO	0		N/A	N/A	be66bf6899cf58c26f34491cc44dec197850b48d636ff9487331c764b51ec690	N/A	N/A	N/A	remediation_r5/evidence/ledger_instance_generation.tsv	PASS_PROMOTION_LEDGER_V2_INSTANCE
ENTRY	BASE_FIRST	armv7l	armv7l	ARCH_SPECIFIC	boost	boost-1.83.0-5.1	c0b85592a52193b56cf210dee9f7077d81e5ff9e3df344f13597eb1f9d5bba51	boost-math	boost-math-1.83.0-5.1.armv7l	92e493a0f62a45899980f5c52d22001f07bd7d7cb9ba91c284e42c807c12ab23	HOLD_SIBLING	tier1_production_0140	NOT_IN_ADMIT_SET	PASS_FROZEN_RPM_INPUT_EXECUTION_RECHECK_REQUIRED	NONE	NO_UNRESOLVED_EXACT_LOCK	NO	0		boost-math-1.83.0-5.1.armv7l	92e493a0f62a45899980f5c52d22001f07bd7d7cb9ba91c284e42c807c12ab23	92e493a0f62a45899980f5c52d22001f07bd7d7cb9ba91c284e42c807c12ab23	N/A	N/A	N/A	remediation_r5/evidence/ledger_instance_generation.tsv	PASS_PROMOTION_LEDGER_V2_INSTANCE
ENTRY	BASE_FIRST	armv7l	armv7l	ARCH_SPECIFIC	boost	boost-1.83.0-5.1	c0b85592a52193b56cf210dee9f7077d81e5ff9e3df344f13597eb1f9d5bba51	boost-nowide	boost-nowide-1.83.0-5.1.armv7l	582e4efb554e9b90e480c6647429cb69a0ac25483eec003b92db070c431910ad	HOLD_SIBLING	tier1_production_0141	NOT_IN_ADMIT_SET	PASS_FROZEN_RPM_INPUT_EXECUTION_RECHECK_REQUIRED	NONE	NO_UNRESOLVED_EXACT_LOCK	NO	0		boost-nowide-1.83.0-5.1.armv7l	582e4efb554e9b90e480c6647429cb69a0ac25483eec003b92db070c431910ad	582e4efb554e9b90e480c6647429cb69a0ac25483eec003b92db070c431910ad	N/A	N/A	N/A	remediation_r5/evidence/ledger_instance_generation.tsv	PASS_PROMOTION_LEDGER_V2_INSTANCE
ENTRY	BASE_FIRST	armv7l	armv7l	ARCH_SPECIFIC	boost	boost-1.83.0-5.1	c0b85592a52193b56cf210dee9f7077d81e5ff9e3df344f13597eb1f9d5bba51	boost-program-options	boost-program-options-1.83.0-5.1.armv7l	d310b69cc794ba698cc85366f612b592aea968fa989f33c7e9509cd74334f0c5	HOLD_SIBLING	tier1_production_0008	NOT_IN_ADMIT_SET	PASS_FROZEN_RPM_INPUT_EXECUTION_RECHECK_REQUIRED	NONE	NO_UNRESOLVED_EXACT_LOCK	NO	0		boost-program-options-1.83.0-5.1.armv7l	d310b69cc794ba698cc85366f612b592aea968fa989f33c7e9509cd74334f0c5	d310b69cc794ba698cc85366f612b592aea968fa989f33c7e9509cd74334f0c5	N/A	N/A	N/A	remediation_r5/evidence/ledger_instance_generation.tsv	PASS_PROMOTION_LEDGER_V2_INSTANCE
ENTRY	BASE_FIRST	armv7l	armv7l	ARCH_SPECIFIC	boost	boost-1.83.0-5.1	c0b85592a52193b56cf210dee9f7077d81e5ff9e3df344f13597eb1f9d5bba51	boost-python3	boost-python3-1.83.0-5.1.armv7l	f67263c2842a4c1e961178c967686c87a100ef383f34c573fbe5fcc61adedd10	HOLD_SIBLING	tier1_production_0142	NOT_IN_ADMIT_SET	PASS_FROZEN_RPM_INPUT_EXECUTION_RECHECK_REQUIRED	NONE	NO_UNRESOLVED_EXACT_LOCK	NO	0		boost-python3-1.83.0-5.1.armv7l	f67263c2842a4c1e961178c967686c87a100ef383f34c573fbe5fcc61adedd10	f67263c2842a4c1e961178c967686c87a100ef383f34c573fbe5fcc61adedd10	N/A	N/A	N/A	remediation_r5/evidence/ledger_instance_generation.tsv	PASS_PROMOTION_LEDGER_V2_INSTANCE
ENTRY	BASE_FIRST	armv7l	armv7l	ARCH_SPECIFIC	boost	boost-1.83.0-5.1	c0b85592a52193b56cf210dee9f7077d81e5ff9e3df344f13597eb1f9d5bba51	boost-random	boost-random-1.83.0-5.1.armv7l	f5744c1ac6df7d38f80f7158c82b0ca2fd3b8de5ef87a817f708f5ed38cb9d06	HOLD_SIBLING	tier1_production_0143	NOT_IN_ADMIT_SET	PASS_FROZEN_RPM_INPUT_EXECUTION_RECHECK_REQUIRED	NONE	NO_UNRESOLVED_EXACT_LOCK	NO	0		boost-random-1.83.0-5.1.armv7l	f5744c1ac6df7d38f80f7158c82b0ca2fd3b8de5ef87a817f708f5ed38cb9d06	f5744c1ac6df7d38f80f7158c82b0ca2fd3b8de5ef87a817f708f5ed38cb9d06	N/A	N/A	N/A	remediation_r5/evidence/ledger_instance_generation.tsv	PASS_PROMOTION_LEDGER_V2_INSTANCE
ENTRY	BASE_FIRST	armv7l	armv7l	ARCH_SPECIFIC	boost	boost-1.83.0-5.1	c0b85592a52193b56cf210dee9f7077d81e5ff9e3df344f13597eb1f9d5bba51	boost-regex	boost-regex-1.83.0-5.1.armv7l	28b6475a54e35fdeaf47713c6209e080c1a33525e196a72aa376fb856307c4dc	HOLD_SIBLING	tier1_production_0144	NOT_IN_ADMIT_SET	PASS_FROZEN_RPM_INPUT_EXECUTION_RECHECK_REQUIRED	NONE	NO_UNRESOLVED_EXACT_LOCK	NO	0		boost-regex-1.83.0-5.1.armv7l	28b6475a54e35fdeaf47713c6209e080c1a33525e196a72aa376fb856307c4dc	28b6475a54e35fdeaf47713c6209e080c1a33525e196a72aa376fb856307c4dc	N/A	N/A	N/A	remediation_r5/evidence/ledger_instance_generation.tsv	PASS_PROMOTION_LEDGER_V2_INSTANCE
ENTRY	BASE_FIRST	armv7l	armv7l	ARCH_SPECIFIC	boost	boost-1.83.0-5.1	c0b85592a52193b56cf210dee9f7077d81e5ff9e3df344f13597eb1f9d5bba51	boost-serialization	boost-serialization-1.83.0-5.1.armv7l	69575a296756cb0beffcc14c8b2b98565339d0b0af8b8f46cf61ec72b365137c	HOLD_SIBLING	tier1_production_0145	NOT_IN_ADMIT_SET	PASS_FROZEN_RPM_INPUT_EXECUTION_RECHECK_REQUIRED	NONE	NO_UNRESOLVED_EXACT_LOCK	NO	0		boost-serialization-1.83.0-5.1.armv7l	69575a296756cb0beffcc14c8b2b98565339d0b0af8b8f46cf61ec72b365137c	69575a296756cb0beffcc14c8b2b98565339d0b0af8b8f46cf61ec72b365137c	N/A	N/A	N/A	remediation_r5/evidence/ledger_instance_generation.tsv	PASS_PROMOTION_LEDGER_V2_INSTANCE
ENTRY	BASE_FIRST	armv7l	armv7l	ARCH_SPECIFIC	boost	boost-1.83.0-5.1	c0b85592a52193b56cf210dee9f7077d81e5ff9e3df344f13597eb1f9d5bba51	boost-system	boost-system-1.83.0-5.1.armv7l	8c6c2f76e93cb2a4b7f62ddab6b85de1cce23fda7698ccc8f7447e3206abcd01	HOLD_SIBLING	tier1_production_0146	NOT_IN_ADMIT_SET	PASS_FROZEN_RPM_INPUT_EXECUTION_RECHECK_REQUIRED	NONE	NO_UNRESOLVED_EXACT_LOCK	NO	0		boost-system-1.83.0-5.1.armv7l	8c6c2f76e93cb2a4b7f62ddab6b85de1cce23fda7698ccc8f7447e3206abcd01	8c6c2f76e93cb2a4b7f62ddab6b85de1cce23fda7698ccc8f7447e3206abcd01	N/A	N/A	N/A	remediation_r5/evidence/ledger_instance_generation.tsv	PASS_PROMOTION_LEDGER_V2_INSTANCE
ENTRY	BASE_FIRST	armv7l	armv7l	ARCH_SPECIFIC	boost	boost-1.83.0-5.1	c0b85592a52193b56cf210dee9f7077d81e5ff9e3df344f13597eb1f9d5bba51	boost-test	boost-test-1.83.0-5.1.armv7l	edb2cbac0a4f088ea678099357c001181fbd1fb3208cab005f5ab65268d2da6a	HOLD_SIBLING	NO_PRODUCTION_TIER1:boost-test	NOT_IN_ADMIT_SET	PASS_FROZEN_RPM_INPUT_EXECUTION_RECHECK_REQUIRED	NONE	NO_UNRESOLVED_EXACT_LOCK	NO	0		boost-test-1.83.0-5.1.armv7l	edb2cbac0a4f088ea678099357c001181fbd1fb3208cab005f5ab65268d2da6a	edb2cbac0a4f088ea678099357c001181fbd1fb3208cab005f5ab65268d2da6a	N/A	N/A	N/A	remediation_r5/evidence/ledger_instance_generation.tsv	PASS_PROMOTION_LEDGER_V2_INSTANCE
ENTRY	BASE_FIRST	armv7l	armv7l	ARCH_SPECIFIC	boost	boost-1.83.0-5.1	c0b85592a52193b56cf210dee9f7077d81e5ff9e3df344f13597eb1f9d5bba51	boost-thread	boost-thread-1.83.0-5.1.armv7l	8bb7226cc94723e4cb0527c57e5eae2eb2382d1ead0a1b21fab60b76ffdbaa4f	ADMIT	tier1_production_0013	CLOSED	PASS_FROZEN_RPM_INPUT_EXECUTION_RECHECK_REQUIRED	NONE	NO_UNRESOLVED_EXACT_LOCK	NO	0		N/A	N/A	8bb7226cc94723e4cb0527c57e5eae2eb2382d1ead0a1b21fab60b76ffdbaa4f	N/A	N/A	N/A	remediation_r5/evidence/ledger_instance_generation.tsv	PASS_PROMOTION_LEDGER_V2_INSTANCE
ENTRY	BASE_FIRST	armv7l	armv7l	ARCH_SPECIFIC	boost	boost-1.83.0-5.1	c0b85592a52193b56cf210dee9f7077d81e5ff9e3df344f13597eb1f9d5bba51	boost-timer	boost-timer-1.83.0-5.1.armv7l	32a7b98dfa0694146fdb95d8a78ae7f78d56227a467314a8ef66f848d94db39d	HOLD_SIBLING	tier1_production_0147	NOT_IN_ADMIT_SET	PASS_FROZEN_RPM_INPUT_EXECUTION_RECHECK_REQUIRED	NONE	NO_UNRESOLVED_EXACT_LOCK	NO	0		boost-timer-1.83.0-5.1.armv7l	32a7b98dfa0694146fdb95d8a78ae7f78d56227a467314a8ef66f848d94db39d	32a7b98dfa0694146fdb95d8a78ae7f78d56227a467314a8ef66f848d94db39d	N/A	N/A	N/A	remediation_r5/evidence/ledger_instance_generation.tsv	PASS_PROMOTION_LEDGER_V2_INSTANCE
ENTRY	BASE_FIRST	armv7l	armv7l	ARCH_SPECIFIC	boost	boost-1.83.0-5.1	c0b85592a52193b56cf210dee9f7077d81e5ff9e3df344f13597eb1f9d5bba51	boost-url	boost-url-1.83.0-5.1.armv7l	aa72489b6051b8c9faf0eec820cef53ea4f675d5685edfeea08b101949b2cc61	HOLD_SIBLING	tier1_production_0148	NOT_IN_ADMIT_SET	PASS_FROZEN_RPM_INPUT_EXECUTION_RECHECK_REQUIRED	NONE	NO_UNRESOLVED_EXACT_LOCK	NO	0		boost-url-1.83.0-5.1.armv7l	aa72489b6051b8c9faf0eec820cef53ea4f675d5685edfeea08b101949b2cc61	aa72489b6051b8c9faf0eec820cef53ea4f675d5685edfeea08b101949b2cc61	N/A	N/A	N/A	remediation_r5/evidence/ledger_instance_generation.tsv	PASS_PROMOTION_LEDGER_V2_INSTANCE
ENTRY	BASE_FIRST	armv7l	armv7l	ARCH_SPECIFIC	boost	boost-1.83.0-5.1	c0b85592a52193b56cf210dee9f7077d81e5ff9e3df344f13597eb1f9d5bba51	boost-wave	boost-wave-1.83.0-5.1.armv7l	f63efb75c0a5bf855ad04a627eebabac265a3436cb185e3ea70a4b16679c2352	HOLD_SIBLING	tier1_production_0149	NOT_IN_ADMIT_SET	PASS_FROZEN_RPM_INPUT_EXECUTION_RECHECK_REQUIRED	NONE	NO_UNRESOLVED_EXACT_LOCK	NO	0		boost-wave-1.83.0-5.1.armv7l	f63efb75c0a5bf855ad04a627eebabac265a3436cb185e3ea70a4b16679c2352	f63efb75c0a5bf855ad04a627eebabac265a3436cb185e3ea70a4b16679c2352	N/A	N/A	N/A	remediation_r5/evidence/ledger_instance_generation.tsv	PASS_PROMOTION_LEDGER_V2_INSTANCE
ENTRY	BASE_FIRST	armv7l	armv7l	ARCH_SPECIFIC	boost	boost-1.83.0-5.1	c0b85592a52193b56cf210dee9f7077d81e5ff9e3df344f13597eb1f9d5bba51	boost_stacktrace	boost_stacktrace-1.83.0-5.1.armv7l	5649719aed170ae1148caa83f86b87dd95d8af6fcf49ae7e739776831f543836	HOLD_SIBLING	tier1_production_0150	NOT_IN_ADMIT_SET	PASS_FROZEN_RPM_INPUT_EXECUTION_RECHECK_REQUIRED	NONE	NO_UNRESOLVED_EXACT_LOCK	NO	0		boost_stacktrace-1.83.0-5.1.armv7l	5649719aed170ae1148caa83f86b87dd95d8af6fcf49ae7e739776831f543836	5649719aed170ae1148caa83f86b87dd95d8af6fcf49ae7e739776831f543836	N/A	N/A	N/A	remediation_r5/evidence/ledger_instance_generation.tsv	PASS_PROMOTION_LEDGER_V2_INSTANCE
ENTRY	BASE_FIRST	armv7l	armv7l	ARCH_SPECIFIC	boost	boost-1.83.0-5.1	c0b85592a52193b56cf210dee9f7077d81e5ff9e3df344f13597eb1f9d5bba51	boost_type_erasure	boost_type_erasure-1.83.0-5.1.armv7l	21d7f792b7f08df656769dbfa09c05e7a29ac14017dfbc1f26de8c34c496f1ce	HOLD_SIBLING	tier1_production_0151	NOT_IN_ADMIT_SET	PASS_FROZEN_RPM_INPUT_EXECUTION_RECHECK_REQUIRED	NONE	NO_UNRESOLVED_EXACT_LOCK	NO	0		boost_type_erasure-1.83.0-5.1.armv7l	21d7f792b7f08df656769dbfa09c05e7a29ac14017dfbc1f26de8c34c496f1ce	21d7f792b7f08df656769dbfa09c05e7a29ac14017dfbc1f26de8c34c496f1ce	N/A	N/A	N/A	remediation_r5/evidence/ledger_instance_generation.tsv	PASS_PROMOTION_LEDGER_V2_INSTANCE
ENTRY	BASE_FIRST	armv7l	armv7l	ARCH_SPECIFIC	libsigc++	libsigc++-2.12.1-1.3	052fca09d84afbe0fffc5a4f7c2c20d8d9d795bd12ff662a9280714f8abe28a3	libsigc++	libsigc++-2.12.1-1.3.armv7l	a3b555a8652781e8d648810f8ee8103be4dae971c705783f47e6969484d5ffca	ADMIT	tier1_production_0895	CLOSED	PASS_FROZEN_RPM_INPUT_EXECUTION_RECHECK_REQUIRED	NONE	NO_UNRESOLVED_EXACT_LOCK	NO	0		N/A	N/A	a3b555a8652781e8d648810f8ee8103be4dae971c705783f47e6969484d5ffca	N/A	N/A	N/A	remediation_r5/evidence/ledger_instance_generation.tsv	PASS_PROMOTION_LEDGER_V2_INSTANCE
ENTRY	BASE_FIRST	armv7l	armv7l	ARCH_SPECIFIC	libsigc++	libsigc++-2.12.1-1.3	052fca09d84afbe0fffc5a4f7c2c20d8d9d795bd12ff662a9280714f8abe28a3	libsigc++-devel	libsigc++-devel-2.12.1-1.3.armv7l	c7ee1bdef5018552851fb14d75f966696cb48bc5be28247711e9d37af0138f4a	HOLD_SIBLING	NO_PRODUCTION_TIER1:libsigc++-devel	NOT_IN_ADMIT_SET	PASS_FROZEN_RPM_INPUT_EXECUTION_RECHECK_REQUIRED	NONE	NO_UNRESOLVED_EXACT_LOCK	YES	0		libsigc++-devel-2.12.1-1.3.armv7l	c7ee1bdef5018552851fb14d75f966696cb48bc5be28247711e9d37af0138f4a	c7ee1bdef5018552851fb14d75f966696cb48bc5be28247711e9d37af0138f4a	N/A	N/A	N/A	remediation_r5/evidence/ledger_instance_generation.tsv	PASS_PROMOTION_LEDGER_V2_INSTANCE
ENTRY	BASE_FIRST	armv7l	armv7l	ARCH_SPECIFIC	taglib	taglib-1.13.1-1.3	d0fa31c9d694756f8d90528057b155ce482fc458592fbc2a48605c83f8fd0504	taglib	taglib-1.13.1-1.3.armv7l	7fa11848e5108369c6b41732e36c60b439e6d9fdea0bb6ad3d232b7e4eca08a8	ADMIT	tier1_production_1459	CLOSED	PASS_FROZEN_RPM_INPUT_EXECUTION_RECHECK_REQUIRED	NONE	NO_UNRESOLVED_EXACT_LOCK	NO	0		N/A	N/A	7fa11848e5108369c6b41732e36c60b439e6d9fdea0bb6ad3d232b7e4eca08a8	N/A	N/A	N/A	remediation_r5/evidence/ledger_instance_generation.tsv	PASS_PROMOTION_LEDGER_V2_INSTANCE
ENTRY	BASE_FIRST	armv7l	armv7l	ARCH_SPECIFIC	taglib	taglib-1.13.1-1.3	d0fa31c9d694756f8d90528057b155ce482fc458592fbc2a48605c83f8fd0504	taglib-devel	taglib-devel-1.13.1-1.3.armv7l	8af5031df1809d290acfa656e417e22da2b64af16deaa87aa143c6b3673791b1	HOLD_SIBLING	NO_PRODUCTION_TIER1:taglib-devel	NOT_IN_ADMIT_SET	PASS_FROZEN_RPM_INPUT_EXECUTION_RECHECK_REQUIRED	NONE	NO_UNRESOLVED_EXACT_LOCK	YES	0		taglib-devel-1.13.1-1.3.armv7l	8af5031df1809d290acfa656e417e22da2b64af16deaa87aa143c6b3673791b1	8af5031df1809d290acfa656e417e22da2b64af16deaa87aa143c6b3673791b1	N/A	N/A	N/A	remediation_r5/evidence/ledger_instance_generation.tsv	PASS_PROMOTION_LEDGER_V2_INSTANCE
ENTRY	BASE_FIRST	aarch64	aarch64	ARCH_SPECIFIC	boost	boost-1.83.0-5.1	f28cf308126d93571521df4a8ad49634a29733e205c3ebf822b9180f280ff581	boost	boost-1.83.0-5.1.aarch64	645d654885e1d20c820fbdc3c500851964fe7b4975d816dce129ba2d4c7b8f7f	HOLD_SIBLING	NO_PRODUCTION_TIER1:boost	NOT_IN_ADMIT_SET	PASS_FROZEN_RPM_INPUT_EXECUTION_RECHECK_REQUIRED	NONE	NO_UNRESOLVED_EXACT_LOCK	NO	0		boost-1.83.0-5.1.aarch64	645d654885e1d20c820fbdc3c500851964fe7b4975d816dce129ba2d4c7b8f7f	645d654885e1d20c820fbdc3c500851964fe7b4975d816dce129ba2d4c7b8f7f	N/A	N/A	N/A	remediation_r5/evidence/ledger_instance_generation.tsv	PASS_PROMOTION_LEDGER_V2_INSTANCE
ENTRY	BASE_FIRST	aarch64	aarch64	ARCH_SPECIFIC	boost	boost-1.83.0-5.1	f28cf308126d93571521df4a8ad49634a29733e205c3ebf822b9180f280ff581	boost-atomic	boost-atomic-1.83.0-5.1.aarch64	c6eee063021b7ec1c57d70d13031ecd083dbb13aeeb0c7207346bc81e4b81994	HOLD_SIBLING	tier1_production_0126	NOT_IN_ADMIT_SET	PASS_FROZEN_RPM_INPUT_EXECUTION_RECHECK_REQUIRED	NONE	NO_UNRESOLVED_EXACT_LOCK	NO	0		boost-atomic-1.83.0-5.1.aarch64	c6eee063021b7ec1c57d70d13031ecd083dbb13aeeb0c7207346bc81e4b81994	c6eee063021b7ec1c57d70d13031ecd083dbb13aeeb0c7207346bc81e4b81994	N/A	N/A	N/A	remediation_r5/evidence/ledger_instance_generation.tsv	PASS_PROMOTION_LEDGER_V2_INSTANCE
ENTRY	BASE_FIRST	aarch64	aarch64	ARCH_SPECIFIC	boost	boost-1.83.0-5.1	f28cf308126d93571521df4a8ad49634a29733e205c3ebf822b9180f280ff581	boost-chrono	boost-chrono-1.83.0-5.1.aarch64	84cd021f763fa545c57e62cb3c0e4fb93121dde3a44cc690f76d7ba59f3dd099	HOLD_SIBLING	tier1_production_0127	NOT_IN_ADMIT_SET	PASS_FROZEN_RPM_INPUT_EXECUTION_RECHECK_REQUIRED	NONE	NO_UNRESOLVED_EXACT_LOCK	NO	0		boost-chrono-1.83.0-5.1.aarch64	84cd021f763fa545c57e62cb3c0e4fb93121dde3a44cc690f76d7ba59f3dd099	84cd021f763fa545c57e62cb3c0e4fb93121dde3a44cc690f76d7ba59f3dd099	N/A	N/A	N/A	remediation_r5/evidence/ledger_instance_generation.tsv	PASS_PROMOTION_LEDGER_V2_INSTANCE
ENTRY	BASE_FIRST	aarch64	aarch64	ARCH_SPECIFIC	boost	boost-1.83.0-5.1	f28cf308126d93571521df4a8ad49634a29733e205c3ebf822b9180f280ff581	boost-container	boost-container-1.83.0-5.1.aarch64	9b77be2b8b88cdd5de8ac088c6686ba15ebdc92928ada5289e8952bad2e3779e	HOLD_SIBLING	tier1_production_0128	NOT_IN_ADMIT_SET	PASS_FROZEN_RPM_INPUT_EXECUTION_RECHECK_REQUIRED	NONE	NO_UNRESOLVED_EXACT_LOCK	NO	0		boost-container-1.83.0-5.1.aarch64	9b77be2b8b88cdd5de8ac088c6686ba15ebdc92928ada5289e8952bad2e3779e	9b77be2b8b88cdd5de8ac088c6686ba15ebdc92928ada5289e8952bad2e3779e	N/A	N/A	N/A	remediation_r5/evidence/ledger_instance_generation.tsv	PASS_PROMOTION_LEDGER_V2_INSTANCE
ENTRY	BASE_FIRST	aarch64	aarch64	ARCH_SPECIFIC	boost	boost-1.83.0-5.1	f28cf308126d93571521df4a8ad49634a29733e205c3ebf822b9180f280ff581	boost-contract	boost-contract-1.83.0-5.1.aarch64	3fd70516ad284d2f0306acca769e16481bf4522f64f121a7e6a2ff982acf4ac3	HOLD_SIBLING	tier1_production_0129	NOT_IN_ADMIT_SET	PASS_FROZEN_RPM_INPUT_EXECUTION_RECHECK_REQUIRED	NONE	NO_UNRESOLVED_EXACT_LOCK	NO	0		boost-contract-1.83.0-5.1.aarch64	3fd70516ad284d2f0306acca769e16481bf4522f64f121a7e6a2ff982acf4ac3	3fd70516ad284d2f0306acca769e16481bf4522f64f121a7e6a2ff982acf4ac3	N/A	N/A	N/A	remediation_r5/evidence/ledger_instance_generation.tsv	PASS_PROMOTION_LEDGER_V2_INSTANCE
ENTRY	BASE_FIRST	aarch64	aarch64	ARCH_SPECIFIC	boost	boost-1.83.0-5.1	f28cf308126d93571521df4a8ad49634a29733e205c3ebf822b9180f280ff581	boost-date-time	boost-date-time-1.83.0-5.1.aarch64	f5aafc2f5d5e116c6894d3bf6dbaff91d2852da50689dd9ceef43bd7708bec4a	HOLD_SIBLING	tier1_production_0130	NOT_IN_ADMIT_SET	PASS_FROZEN_RPM_INPUT_EXECUTION_RECHECK_REQUIRED	NONE	NO_UNRESOLVED_EXACT_LOCK	NO	0		boost-date-time-1.83.0-5.1.aarch64	f5aafc2f5d5e116c6894d3bf6dbaff91d2852da50689dd9ceef43bd7708bec4a	f5aafc2f5d5e116c6894d3bf6dbaff91d2852da50689dd9ceef43bd7708bec4a	N/A	N/A	N/A	remediation_r5/evidence/ledger_instance_generation.tsv	PASS_PROMOTION_LEDGER_V2_INSTANCE
ENTRY	BASE_FIRST	aarch64	aarch64	ARCH_SPECIFIC	boost	boost-1.83.0-5.1	f28cf308126d93571521df4a8ad49634a29733e205c3ebf822b9180f280ff581	boost-devel	boost-devel-1.83.0-5.1.aarch64	6c6a3894cafd8489e7c2d5489e8fc6b3354a32ad66bcafc3cf493232174194ef	HOLD_SIBLING	NO_PRODUCTION_TIER1:boost-devel	NOT_IN_ADMIT_SET	PASS_FROZEN_RPM_INPUT_EXECUTION_RECHECK_REQUIRED	NONE	NO_UNRESOLVED_EXACT_LOCK	YES	0		boost-devel-1.83.0-5.1.aarch64	6c6a3894cafd8489e7c2d5489e8fc6b3354a32ad66bcafc3cf493232174194ef	6c6a3894cafd8489e7c2d5489e8fc6b3354a32ad66bcafc3cf493232174194ef	N/A	N/A	N/A	remediation_r5/evidence/ledger_instance_generation.tsv	PASS_PROMOTION_LEDGER_V2_INSTANCE
ENTRY	BASE_FIRST	aarch64	noarch	SHARED_NOARCH	boost	boost-1.83.0-5.1	f28cf308126d93571521df4a8ad49634a29733e205c3ebf822b9180f280ff581	boost-doc-html	boost-doc-html-1.83.0-5.1.noarch	434a09ae5959c89d3fcf9014c02748786e10268148db0be72e58ddfc7b61fe6a	HOLD_SIBLING	SHARED_NOARCH_NO_CPP:boost-doc-html	NOT_IN_ADMIT_SET	PASS_FROZEN_RPM_INPUT_EXECUTION_RECHECK_REQUIRED	NONE	NO_UNRESOLVED_EXACT_LOCK	NO	0		boost-doc-html-1.83.0-5.1.noarch	434a09ae5959c89d3fcf9014c02748786e10268148db0be72e58ddfc7b61fe6a	434a09ae5959c89d3fcf9014c02748786e10268148db0be72e58ddfc7b61fe6a	N/A	N/A	N/A	remediation_r5/evidence/ledger_instance_generation.tsv	PASS_PROMOTION_LEDGER_V2_INSTANCE
ENTRY	BASE_FIRST	aarch64	aarch64	ARCH_SPECIFIC	boost	boost-1.83.0-5.1	f28cf308126d93571521df4a8ad49634a29733e205c3ebf822b9180f280ff581	boost-filesystem	boost-filesystem-1.83.0-5.1.aarch64	92f845c6d6f6b9779313c89e37d9c18e3659aca8adcaa8919d607d92f9e73217	ADMIT	tier1_production_0013	CLOSED	PASS_FROZEN_RPM_INPUT_EXECUTION_RECHECK_REQUIRED	NONE	NO_UNRESOLVED_EXACT_LOCK	NO	0		N/A	N/A	92f845c6d6f6b9779313c89e37d9c18e3659aca8adcaa8919d607d92f9e73217	N/A	N/A	N/A	remediation_r5/evidence/ledger_instance_generation.tsv	PASS_PROMOTION_LEDGER_V2_INSTANCE
ENTRY	BASE_FIRST	aarch64	aarch64	ARCH_SPECIFIC	boost	boost-1.83.0-5.1	f28cf308126d93571521df4a8ad49634a29733e205c3ebf822b9180f280ff581	boost-graph	boost-graph-1.83.0-5.1.aarch64	7aa049a5556f0ea070459c797d30aeafc485adebc8228c7013961b17e93bd628	HOLD_SIBLING	tier1_production_0131	NOT_IN_ADMIT_SET	PASS_FROZEN_RPM_INPUT_EXECUTION_RECHECK_REQUIRED	NONE	NO_UNRESOLVED_EXACT_LOCK	NO	0		boost-graph-1.83.0-5.1.aarch64	7aa049a5556f0ea070459c797d30aeafc485adebc8228c7013961b17e93bd628	7aa049a5556f0ea070459c797d30aeafc485adebc8228c7013961b17e93bd628	N/A	N/A	N/A	remediation_r5/evidence/ledger_instance_generation.tsv	PASS_PROMOTION_LEDGER_V2_INSTANCE
ENTRY	BASE_FIRST	aarch64	aarch64	ARCH_SPECIFIC	boost	boost-1.83.0-5.1	f28cf308126d93571521df4a8ad49634a29733e205c3ebf822b9180f280ff581	boost-iostreams	boost-iostreams-1.83.0-5.1.aarch64	c011ab5417ab14b764022ca3b6710bc9b4712209c5c7268a8c9d1ad981eaa8ea	ADMIT	tier1_production_0132	CLOSED	PASS_FROZEN_RPM_INPUT_EXECUTION_RECHECK_REQUIRED	NONE	NO_UNRESOLVED_EXACT_LOCK	NO	0		N/A	N/A	c011ab5417ab14b764022ca3b6710bc9b4712209c5c7268a8c9d1ad981eaa8ea	N/A	N/A	N/A	remediation_r5/evidence/ledger_instance_generation.tsv	PASS_PROMOTION_LEDGER_V2_INSTANCE
ENTRY	BASE_FIRST	aarch64	aarch64	ARCH_SPECIFIC	boost	boost-1.83.0-5.1	f28cf308126d93571521df4a8ad49634a29733e205c3ebf822b9180f280ff581	boost-json	boost-json-1.83.0-5.1.aarch64	9ecada6736f368299555608c28b9ab87ad46bccb6ef8f76227b68f46f82a9e5c	HOLD_SIBLING	tier1_production_0134	NOT_IN_ADMIT_SET	PASS_FROZEN_RPM_INPUT_EXECUTION_RECHECK_REQUIRED	NONE	NO_UNRESOLVED_EXACT_LOCK	NO	0		boost-json-1.83.0-5.1.aarch64	9ecada6736f368299555608c28b9ab87ad46bccb6ef8f76227b68f46f82a9e5c	9ecada6736f368299555608c28b9ab87ad46bccb6ef8f76227b68f46f82a9e5c	N/A	N/A	N/A	remediation_r5/evidence/ledger_instance_generation.tsv	PASS_PROMOTION_LEDGER_V2_INSTANCE
ENTRY	BASE_FIRST	aarch64	noarch	SHARED_NOARCH	boost	boost-1.83.0-5.1	f28cf308126d93571521df4a8ad49634a29733e205c3ebf822b9180f280ff581	boost-license	boost-license-1.83.0-5.1.noarch	39484d87349fe00b7dbc9382518cb258b694d3126d0c64358da3e3abf3871cf0	ADMIT_STDLIB_NEUTRAL	STDLIB_NEUTRAL:boost-license	EXEMPT_STDLIB_NEUTRAL	PASS_FROZEN_RPM_INPUT_EXECUTION_RECHECK_REQUIRED	NONE	NO_UNRESOLVED_EXACT_LOCK	NO	0		N/A	N/A	39484d87349fe00b7dbc9382518cb258b694d3126d0c64358da3e3abf3871cf0	PASS	PASS	PASS	remediation_r4/evidence/noarch_independent_verification.tsv	PASS_PROMOTION_LEDGER_V2_INSTANCE
ENTRY	BASE_FIRST	aarch64	aarch64	ARCH_SPECIFIC	boost	boost-1.83.0-5.1	f28cf308126d93571521df4a8ad49634a29733e205c3ebf822b9180f280ff581	boost-locale	boost-locale-1.83.0-5.1.aarch64	5e3e6916df31565cc045a7f6d13c69c7aa1065fcac18fd8a1deee817bc80f204	HOLD_SIBLING	tier1_production_0135	NOT_IN_ADMIT_SET	PASS_FROZEN_RPM_INPUT_EXECUTION_RECHECK_REQUIRED	NONE	NO_UNRESOLVED_EXACT_LOCK	NO	0		boost-locale-1.83.0-5.1.aarch64	5e3e6916df31565cc045a7f6d13c69c7aa1065fcac18fd8a1deee817bc80f204	5e3e6916df31565cc045a7f6d13c69c7aa1065fcac18fd8a1deee817bc80f204	N/A	N/A	N/A	remediation_r5/evidence/ledger_instance_generation.tsv	PASS_PROMOTION_LEDGER_V2_INSTANCE
ENTRY	BASE_FIRST	aarch64	aarch64	ARCH_SPECIFIC	boost	boost-1.83.0-5.1	f28cf308126d93571521df4a8ad49634a29733e205c3ebf822b9180f280ff581	boost-log	boost-log-1.83.0-5.1.aarch64	f1eb464394000d91d4d65b2bf0b3eed448adc0f050780710b5bd3c015d00d888	ADMIT	tier1_production_0013	CLOSED	PASS_FROZEN_RPM_INPUT_EXECUTION_RECHECK_REQUIRED	NONE	NO_UNRESOLVED_EXACT_LOCK	NO	0		N/A	N/A	f1eb464394000d91d4d65b2bf0b3eed448adc0f050780710b5bd3c015d00d888	N/A	N/A	N/A	remediation_r5/evidence/ledger_instance_generation.tsv	PASS_PROMOTION_LEDGER_V2_INSTANCE
ENTRY	BASE_FIRST	aarch64	aarch64	ARCH_SPECIFIC	boost	boost-1.83.0-5.1	f28cf308126d93571521df4a8ad49634a29733e205c3ebf822b9180f280ff581	boost-math	boost-math-1.83.0-5.1.aarch64	7058dcfd7cb15cbf43d4fe4f96de03e13cbbe3c652cf6f94288cd39cfc5fafe1	HOLD_SIBLING	tier1_production_0136	NOT_IN_ADMIT_SET	PASS_FROZEN_RPM_INPUT_EXECUTION_RECHECK_REQUIRED	NONE	NO_UNRESOLVED_EXACT_LOCK	NO	0		boost-math-1.83.0-5.1.aarch64	7058dcfd7cb15cbf43d4fe4f96de03e13cbbe3c652cf6f94288cd39cfc5fafe1	7058dcfd7cb15cbf43d4fe4f96de03e13cbbe3c652cf6f94288cd39cfc5fafe1	N/A	N/A	N/A	remediation_r5/evidence/ledger_instance_generation.tsv	PASS_PROMOTION_LEDGER_V2_INSTANCE
ENTRY	BASE_FIRST	aarch64	aarch64	ARCH_SPECIFIC	boost	boost-1.83.0-5.1	f28cf308126d93571521df4a8ad49634a29733e205c3ebf822b9180f280ff581	boost-nowide	boost-nowide-1.83.0-5.1.aarch64	bdaae58549fcca26aaafa4f53c29fb18672bef375a22ac346e207361babc3911	HOLD_SIBLING	tier1_production_0137	NOT_IN_ADMIT_SET	PASS_FROZEN_RPM_INPUT_EXECUTION_RECHECK_REQUIRED	NONE	NO_UNRESOLVED_EXACT_LOCK	NO	0		boost-nowide-1.83.0-5.1.aarch64	bdaae58549fcca26aaafa4f53c29fb18672bef375a22ac346e207361babc3911	bdaae58549fcca26aaafa4f53c29fb18672bef375a22ac346e207361babc3911	N/A	N/A	N/A	remediation_r5/evidence/ledger_instance_generation.tsv	PASS_PROMOTION_LEDGER_V2_INSTANCE
ENTRY	BASE_FIRST	aarch64	aarch64	ARCH_SPECIFIC	boost	boost-1.83.0-5.1	f28cf308126d93571521df4a8ad49634a29733e205c3ebf822b9180f280ff581	boost-program-options	boost-program-options-1.83.0-5.1.aarch64	69a686414e093ca83f47f04a554fc86bf7e479338c1c7c63e69076d76f55f21d	HOLD_SIBLING	tier1_production_0008	NOT_IN_ADMIT_SET	PASS_FROZEN_RPM_INPUT_EXECUTION_RECHECK_REQUIRED	NONE	NO_UNRESOLVED_EXACT_LOCK	NO	0		boost-program-options-1.83.0-5.1.aarch64	69a686414e093ca83f47f04a554fc86bf7e479338c1c7c63e69076d76f55f21d	69a686414e093ca83f47f04a554fc86bf7e479338c1c7c63e69076d76f55f21d	N/A	N/A	N/A	remediation_r5/evidence/ledger_instance_generation.tsv	PASS_PROMOTION_LEDGER_V2_INSTANCE
ENTRY	BASE_FIRST	aarch64	aarch64	ARCH_SPECIFIC	boost	boost-1.83.0-5.1	f28cf308126d93571521df4a8ad49634a29733e205c3ebf822b9180f280ff581	boost-python3	boost-python3-1.83.0-5.1.aarch64	9da89bf9dbe655862edd50b3060cd9107c5e318d8dd3924bf8ac9e623f35a7a8	HOLD_SIBLING	tier1_production_0138	NOT_IN_ADMIT_SET	PASS_FROZEN_RPM_INPUT_EXECUTION_RECHECK_REQUIRED	NONE	NO_UNRESOLVED_EXACT_LOCK	NO	0		boost-python3-1.83.0-5.1.aarch64	9da89bf9dbe655862edd50b3060cd9107c5e318d8dd3924bf8ac9e623f35a7a8	9da89bf9dbe655862edd50b3060cd9107c5e318d8dd3924bf8ac9e623f35a7a8	N/A	N/A	N/A	remediation_r5/evidence/ledger_instance_generation.tsv	PASS_PROMOTION_LEDGER_V2_INSTANCE
ENTRY	BASE_FIRST	aarch64	aarch64	ARCH_SPECIFIC	boost	boost-1.83.0-5.1	f28cf308126d93571521df4a8ad49634a29733e205c3ebf822b9180f280ff581	boost-random	boost-random-1.83.0-5.1.aarch64	be264a5c1e3703e30997dda3f70e40835c34b8d0ecf1c743ca420822b3238aa6	HOLD_SIBLING	tier1_production_0139	NOT_IN_ADMIT_SET	PASS_FROZEN_RPM_INPUT_EXECUTION_RECHECK_REQUIRED	NONE	NO_UNRESOLVED_EXACT_LOCK	NO	0		boost-random-1.83.0-5.1.aarch64	be264a5c1e3703e30997dda3f70e40835c34b8d0ecf1c743ca420822b3238aa6	be264a5c1e3703e30997dda3f70e40835c34b8d0ecf1c743ca420822b3238aa6	N/A	N/A	N/A	remediation_r5/evidence/ledger_instance_generation.tsv	PASS_PROMOTION_LEDGER_V2_INSTANCE
ENTRY	BASE_FIRST	aarch64	aarch64	ARCH_SPECIFIC	boost	boost-1.83.0-5.1	f28cf308126d93571521df4a8ad49634a29733e205c3ebf822b9180f280ff581	boost-regex	boost-regex-1.83.0-5.1.aarch64	ae614bef3f210a99216e90ea10f23a96e8e0d15bbc01fb94498bbb3b8701e73b	HOLD_SIBLING	tier1_production_0140	NOT_IN_ADMIT_SET	PASS_FROZEN_RPM_INPUT_EXECUTION_RECHECK_REQUIRED	NONE	NO_UNRESOLVED_EXACT_LOCK	NO	0		boost-regex-1.83.0-5.1.aarch64	ae614bef3f210a99216e90ea10f23a96e8e0d15bbc01fb94498bbb3b8701e73b	ae614bef3f210a99216e90ea10f23a96e8e0d15bbc01fb94498bbb3b8701e73b	N/A	N/A	N/A	remediation_r5/evidence/ledger_instance_generation.tsv	PASS_PROMOTION_LEDGER_V2_INSTANCE
ENTRY	BASE_FIRST	aarch64	aarch64	ARCH_SPECIFIC	boost	boost-1.83.0-5.1	f28cf308126d93571521df4a8ad49634a29733e205c3ebf822b9180f280ff581	boost-serialization	boost-serialization-1.83.0-5.1.aarch64	43d71e767c764d9fcc18aa9e432eec44daf3c56160e0bbbbc3f0b67d4b9faeaf	HOLD_SIBLING	tier1_production_0141	NOT_IN_ADMIT_SET	PASS_FROZEN_RPM_INPUT_EXECUTION_RECHECK_REQUIRED	NONE	NO_UNRESOLVED_EXACT_LOCK	NO	0		boost-serialization-1.83.0-5.1.aarch64	43d71e767c764d9fcc18aa9e432eec44daf3c56160e0bbbbc3f0b67d4b9faeaf	43d71e767c764d9fcc18aa9e432eec44daf3c56160e0bbbbc3f0b67d4b9faeaf	N/A	N/A	N/A	remediation_r5/evidence/ledger_instance_generation.tsv	PASS_PROMOTION_LEDGER_V2_INSTANCE
ENTRY	BASE_FIRST	aarch64	aarch64	ARCH_SPECIFIC	boost	boost-1.83.0-5.1	f28cf308126d93571521df4a8ad49634a29733e205c3ebf822b9180f280ff581	boost-system	boost-system-1.83.0-5.1.aarch64	d6812960d0689a72b1d12fc44141d02e984981fd12d05c5efd1cd124d6274b34	HOLD_SIBLING	tier1_production_0142	NOT_IN_ADMIT_SET	PASS_FROZEN_RPM_INPUT_EXECUTION_RECHECK_REQUIRED	NONE	NO_UNRESOLVED_EXACT_LOCK	NO	0		boost-system-1.83.0-5.1.aarch64	d6812960d0689a72b1d12fc44141d02e984981fd12d05c5efd1cd124d6274b34	d6812960d0689a72b1d12fc44141d02e984981fd12d05c5efd1cd124d6274b34	N/A	N/A	N/A	remediation_r5/evidence/ledger_instance_generation.tsv	PASS_PROMOTION_LEDGER_V2_INSTANCE
ENTRY	BASE_FIRST	aarch64	aarch64	ARCH_SPECIFIC	boost	boost-1.83.0-5.1	f28cf308126d93571521df4a8ad49634a29733e205c3ebf822b9180f280ff581	boost-test	boost-test-1.83.0-5.1.aarch64	f2ef76c5f7c542e2fae7a389b46bf473cb0bb7d4749ac26cccc369a5c1648ec9	HOLD_SIBLING	NO_PRODUCTION_TIER1:boost-test	NOT_IN_ADMIT_SET	PASS_FROZEN_RPM_INPUT_EXECUTION_RECHECK_REQUIRED	NONE	NO_UNRESOLVED_EXACT_LOCK	NO	0		boost-test-1.83.0-5.1.aarch64	f2ef76c5f7c542e2fae7a389b46bf473cb0bb7d4749ac26cccc369a5c1648ec9	f2ef76c5f7c542e2fae7a389b46bf473cb0bb7d4749ac26cccc369a5c1648ec9	N/A	N/A	N/A	remediation_r5/evidence/ledger_instance_generation.tsv	PASS_PROMOTION_LEDGER_V2_INSTANCE
ENTRY	BASE_FIRST	aarch64	aarch64	ARCH_SPECIFIC	boost	boost-1.83.0-5.1	f28cf308126d93571521df4a8ad49634a29733e205c3ebf822b9180f280ff581	boost-thread	boost-thread-1.83.0-5.1.aarch64	102d46dcf6f8f7a249d0d94379d7a5a2fe456aff63c4fc05ba0a4fa35fbe7f6c	ADMIT	tier1_production_0013	CLOSED	PASS_FROZEN_RPM_INPUT_EXECUTION_RECHECK_REQUIRED	NONE	NO_UNRESOLVED_EXACT_LOCK	NO	0		N/A	N/A	102d46dcf6f8f7a249d0d94379d7a5a2fe456aff63c4fc05ba0a4fa35fbe7f6c	N/A	N/A	N/A	remediation_r5/evidence/ledger_instance_generation.tsv	PASS_PROMOTION_LEDGER_V2_INSTANCE
ENTRY	BASE_FIRST	aarch64	aarch64	ARCH_SPECIFIC	boost	boost-1.83.0-5.1	f28cf308126d93571521df4a8ad49634a29733e205c3ebf822b9180f280ff581	boost-timer	boost-timer-1.83.0-5.1.aarch64	6de815f77b3df0a8b06bf3a8ea5046f5435e03edeb067263261206e5b0259853	HOLD_SIBLING	tier1_production_0143	NOT_IN_ADMIT_SET	PASS_FROZEN_RPM_INPUT_EXECUTION_RECHECK_REQUIRED	NONE	NO_UNRESOLVED_EXACT_LOCK	NO	0		boost-timer-1.83.0-5.1.aarch64	6de815f77b3df0a8b06bf3a8ea5046f5435e03edeb067263261206e5b0259853	6de815f77b3df0a8b06bf3a8ea5046f5435e03edeb067263261206e5b0259853	N/A	N/A	N/A	remediation_r5/evidence/ledger_instance_generation.tsv	PASS_PROMOTION_LEDGER_V2_INSTANCE
ENTRY	BASE_FIRST	aarch64	aarch64	ARCH_SPECIFIC	boost	boost-1.83.0-5.1	f28cf308126d93571521df4a8ad49634a29733e205c3ebf822b9180f280ff581	boost-url	boost-url-1.83.0-5.1.aarch64	e0033a6243d9ce593d4c729cd9cc87846b0ef68ee74bcb074d6bbd971c1a3891	HOLD_SIBLING	tier1_production_0144	NOT_IN_ADMIT_SET	PASS_FROZEN_RPM_INPUT_EXECUTION_RECHECK_REQUIRED	NONE	NO_UNRESOLVED_EXACT_LOCK	NO	0		boost-url-1.83.0-5.1.aarch64	e0033a6243d9ce593d4c729cd9cc87846b0ef68ee74bcb074d6bbd971c1a3891	e0033a6243d9ce593d4c729cd9cc87846b0ef68ee74bcb074d6bbd971c1a3891	N/A	N/A	N/A	remediation_r5/evidence/ledger_instance_generation.tsv	PASS_PROMOTION_LEDGER_V2_INSTANCE
ENTRY	BASE_FIRST	aarch64	aarch64	ARCH_SPECIFIC	boost	boost-1.83.0-5.1	f28cf308126d93571521df4a8ad49634a29733e205c3ebf822b9180f280ff581	boost-wave	boost-wave-1.83.0-5.1.aarch64	3532e5dd85fadb76fbf93a235e2f3e58d6f6cd1e2c78a9b4da2232084d2a0613	HOLD_SIBLING	tier1_production_0145	NOT_IN_ADMIT_SET	PASS_FROZEN_RPM_INPUT_EXECUTION_RECHECK_REQUIRED	NONE	NO_UNRESOLVED_EXACT_LOCK	NO	0		boost-wave-1.83.0-5.1.aarch64	3532e5dd85fadb76fbf93a235e2f3e58d6f6cd1e2c78a9b4da2232084d2a0613	3532e5dd85fadb76fbf93a235e2f3e58d6f6cd1e2c78a9b4da2232084d2a0613	N/A	N/A	N/A	remediation_r5/evidence/ledger_instance_generation.tsv	PASS_PROMOTION_LEDGER_V2_INSTANCE
ENTRY	BASE_FIRST	aarch64	aarch64	ARCH_SPECIFIC	boost	boost-1.83.0-5.1	f28cf308126d93571521df4a8ad49634a29733e205c3ebf822b9180f280ff581	boost_stacktrace	boost_stacktrace-1.83.0-5.1.aarch64	3f14a89eb6d0c5abee1fbd69adfa241a55b7cd6f6424c1b980c303b4d740777e	HOLD_SIBLING	tier1_production_0146	NOT_IN_ADMIT_SET	PASS_FROZEN_RPM_INPUT_EXECUTION_RECHECK_REQUIRED	NONE	NO_UNRESOLVED_EXACT_LOCK	NO	0		boost_stacktrace-1.83.0-5.1.aarch64	3f14a89eb6d0c5abee1fbd69adfa241a55b7cd6f6424c1b980c303b4d740777e	3f14a89eb6d0c5abee1fbd69adfa241a55b7cd6f6424c1b980c303b4d740777e	N/A	N/A	N/A	remediation_r5/evidence/ledger_instance_generation.tsv	PASS_PROMOTION_LEDGER_V2_INSTANCE
ENTRY	BASE_FIRST	aarch64	aarch64	ARCH_SPECIFIC	boost	boost-1.83.0-5.1	f28cf308126d93571521df4a8ad49634a29733e205c3ebf822b9180f280ff581	boost_type_erasure	boost_type_erasure-1.83.0-5.1.aarch64	4f586606d41bb98c5fdc8ffbd759a1a39f7488bfa7029d0616d4377f4397d163	HOLD_SIBLING	tier1_production_0147	NOT_IN_ADMIT_SET	PASS_FROZEN_RPM_INPUT_EXECUTION_RECHECK_REQUIRED	NONE	NO_UNRESOLVED_EXACT_LOCK	NO	0		boost_type_erasure-1.83.0-5.1.aarch64	4f586606d41bb98c5fdc8ffbd759a1a39f7488bfa7029d0616d4377f4397d163	4f586606d41bb98c5fdc8ffbd759a1a39f7488bfa7029d0616d4377f4397d163	N/A	N/A	N/A	remediation_r5/evidence/ledger_instance_generation.tsv	PASS_PROMOTION_LEDGER_V2_INSTANCE
ENTRY	BASE_FIRST	aarch64	aarch64	ARCH_SPECIFIC	libsigc++	libsigc++-2.12.1-1.1	c2f4f0b644c3516109b0b1fa69b22f293fb233a507498bcbb6128b58e4375da4	libsigc++	libsigc++-2.12.1-1.1.aarch64	2b83a07aa1c1305724f39a6b16c2af2294cb12ed9f1412f1cad5ae5124f9fd03	ADMIT	tier1_production_0897	CLOSED	PASS_FROZEN_RPM_INPUT_EXECUTION_RECHECK_REQUIRED	NONE	NO_UNRESOLVED_EXACT_LOCK	NO	0		N/A	N/A	2b83a07aa1c1305724f39a6b16c2af2294cb12ed9f1412f1cad5ae5124f9fd03	N/A	N/A	N/A	remediation_r5/evidence/ledger_instance_generation.tsv	PASS_PROMOTION_LEDGER_V2_INSTANCE
ENTRY	BASE_FIRST	aarch64	aarch64	ARCH_SPECIFIC	libsigc++	libsigc++-2.12.1-1.1	c2f4f0b644c3516109b0b1fa69b22f293fb233a507498bcbb6128b58e4375da4	libsigc++-devel	libsigc++-devel-2.12.1-1.1.aarch64	7fc4d5becda0be5b527ab1f8af1540d86f9cfd405c0018955be1e2f93c898d47	HOLD_SIBLING	NO_PRODUCTION_TIER1:libsigc++-devel	NOT_IN_ADMIT_SET	PASS_FROZEN_RPM_INPUT_EXECUTION_RECHECK_REQUIRED	NONE	NO_UNRESOLVED_EXACT_LOCK	YES	0		libsigc++-devel-2.12.1-1.1.aarch64	7fc4d5becda0be5b527ab1f8af1540d86f9cfd405c0018955be1e2f93c898d47	7fc4d5becda0be5b527ab1f8af1540d86f9cfd405c0018955be1e2f93c898d47	N/A	N/A	N/A	remediation_r5/evidence/ledger_instance_generation.tsv	PASS_PROMOTION_LEDGER_V2_INSTANCE
ENTRY	BASE_FIRST	aarch64	aarch64	ARCH_SPECIFIC	taglib	taglib-1.13.1-1.1	e4e2c510cc63db2df379d958c0728195679d953ea7a4d566f5065bf8bc10eb49	taglib	taglib-1.13.1-1.1.aarch64	34a61f46de9fdca2821e3cd18c52f951bf2ff85dfd4fe7d2d65e5ac2e7a4ffb8	ADMIT	tier1_production_1461	CLOSED	PASS_FROZEN_RPM_INPUT_EXECUTION_RECHECK_REQUIRED	NONE	NO_UNRESOLVED_EXACT_LOCK	NO	0		N/A	N/A	34a61f46de9fdca2821e3cd18c52f951bf2ff85dfd4fe7d2d65e5ac2e7a4ffb8	N/A	N/A	N/A	remediation_r5/evidence/ledger_instance_generation.tsv	PASS_PROMOTION_LEDGER_V2_INSTANCE
ENTRY	BASE_FIRST	aarch64	aarch64	ARCH_SPECIFIC	taglib	taglib-1.13.1-1.1	e4e2c510cc63db2df379d958c0728195679d953ea7a4d566f5065bf8bc10eb49	taglib-devel	taglib-devel-1.13.1-1.1.aarch64	03ed8f5979a564b7340658a34f0c56bca988750d7e656e443d3259e3dc9e0124	HOLD_SIBLING	NO_PRODUCTION_TIER1:taglib-devel	NOT_IN_ADMIT_SET	PASS_FROZEN_RPM_INPUT_EXECUTION_RECHECK_REQUIRED	NONE	NO_UNRESOLVED_EXACT_LOCK	YES	0		taglib-devel-1.13.1-1.1.aarch64	03ed8f5979a564b7340658a34f0c56bca988750d7e656e443d3259e3dc9e0124	03ed8f5979a564b7340658a34f0c56bca988750d7e656e443d3259e3dc9e0124	N/A	N/A	N/A	remediation_r5/evidence/ledger_instance_generation.tsv	PASS_PROMOTION_LEDGER_V2_INSTANCE
ENTRY	BASE_FIRST	x86_64	x86_64	ARCH_SPECIFIC	boost	boost-1.83.0-5.1	7793bef2a1088e0d713837b850ee0d704ceea67e4622ca75af7a599bcac2e673	boost	boost-1.83.0-5.1.x86_64	47775ead3f513c0772839e12827b73e627473636dadf61c399d0ef1918b772b3	HOLD_SIBLING	NO_PRODUCTION_TIER1:boost	NOT_IN_ADMIT_SET	PASS_FROZEN_RPM_INPUT_EXECUTION_RECHECK_REQUIRED	NONE	NO_UNRESOLVED_EXACT_LOCK	NO	0		boost-1.83.0-5.1.x86_64	47775ead3f513c0772839e12827b73e627473636dadf61c399d0ef1918b772b3	47775ead3f513c0772839e12827b73e627473636dadf61c399d0ef1918b772b3	N/A	N/A	N/A	remediation_r5/evidence/ledger_instance_generation.tsv	PASS_PROMOTION_LEDGER_V2_INSTANCE
ENTRY	BASE_FIRST	x86_64	x86_64	ARCH_SPECIFIC	boost	boost-1.83.0-5.1	7793bef2a1088e0d713837b850ee0d704ceea67e4622ca75af7a599bcac2e673	boost-atomic	boost-atomic-1.83.0-5.1.x86_64	43b087829d88a03f9307006001a3640c5fcfaf6a83e78c915fd85b8c84f7413d	HOLD_SIBLING	tier1_production_0126	NOT_IN_ADMIT_SET	PASS_FROZEN_RPM_INPUT_EXECUTION_RECHECK_REQUIRED	NONE	NO_UNRESOLVED_EXACT_LOCK	NO	0		boost-atomic-1.83.0-5.1.x86_64	43b087829d88a03f9307006001a3640c5fcfaf6a83e78c915fd85b8c84f7413d	43b087829d88a03f9307006001a3640c5fcfaf6a83e78c915fd85b8c84f7413d	N/A	N/A	N/A	remediation_r5/evidence/ledger_instance_generation.tsv	PASS_PROMOTION_LEDGER_V2_INSTANCE
ENTRY	BASE_FIRST	x86_64	x86_64	ARCH_SPECIFIC	boost	boost-1.83.0-5.1	7793bef2a1088e0d713837b850ee0d704ceea67e4622ca75af7a599bcac2e673	boost-chrono	boost-chrono-1.83.0-5.1.x86_64	a29dd6d5b4a73110132031934b6989955af42b57dd40f32246e1463602379fe0	HOLD_SIBLING	tier1_production_0127	NOT_IN_ADMIT_SET	PASS_FROZEN_RPM_INPUT_EXECUTION_RECHECK_REQUIRED	NONE	NO_UNRESOLVED_EXACT_LOCK	NO	0		boost-chrono-1.83.0-5.1.x86_64	a29dd6d5b4a73110132031934b6989955af42b57dd40f32246e1463602379fe0	a29dd6d5b4a73110132031934b6989955af42b57dd40f32246e1463602379fe0	N/A	N/A	N/A	remediation_r5/evidence/ledger_instance_generation.tsv	PASS_PROMOTION_LEDGER_V2_INSTANCE
ENTRY	BASE_FIRST	x86_64	x86_64	ARCH_SPECIFIC	boost	boost-1.83.0-5.1	7793bef2a1088e0d713837b850ee0d704ceea67e4622ca75af7a599bcac2e673	boost-container	boost-container-1.83.0-5.1.x86_64	3810d23a461e6e7159672d0b0ab22ae05f3d94ca281860d274a881a41a71e506	HOLD_SIBLING	tier1_production_0128	NOT_IN_ADMIT_SET	PASS_FROZEN_RPM_INPUT_EXECUTION_RECHECK_REQUIRED	NONE	NO_UNRESOLVED_EXACT_LOCK	NO	0		boost-container-1.83.0-5.1.x86_64	3810d23a461e6e7159672d0b0ab22ae05f3d94ca281860d274a881a41a71e506	3810d23a461e6e7159672d0b0ab22ae05f3d94ca281860d274a881a41a71e506	N/A	N/A	N/A	remediation_r5/evidence/ledger_instance_generation.tsv	PASS_PROMOTION_LEDGER_V2_INSTANCE
ENTRY	BASE_FIRST	x86_64	x86_64	ARCH_SPECIFIC	boost	boost-1.83.0-5.1	7793bef2a1088e0d713837b850ee0d704ceea67e4622ca75af7a599bcac2e673	boost-context	boost-context-1.83.0-5.1.x86_64	187a6d1272e9f24322317765c1a286d2e39cedf9e27521079bfe446a3cd9eb8e	HOLD_SIBLING	tier1_production_0129	NOT_IN_ADMIT_SET	PASS_FROZEN_RPM_INPUT_EXECUTION_RECHECK_REQUIRED	NONE	NO_UNRESOLVED_EXACT_LOCK	NO	0		boost-context-1.83.0-5.1.x86_64	187a6d1272e9f24322317765c1a286d2e39cedf9e27521079bfe446a3cd9eb8e	187a6d1272e9f24322317765c1a286d2e39cedf9e27521079bfe446a3cd9eb8e	N/A	N/A	N/A	remediation_r5/evidence/ledger_instance_generation.tsv	PASS_PROMOTION_LEDGER_V2_INSTANCE
ENTRY	BASE_FIRST	x86_64	x86_64	ARCH_SPECIFIC	boost	boost-1.83.0-5.1	7793bef2a1088e0d713837b850ee0d704ceea67e4622ca75af7a599bcac2e673	boost-contract	boost-contract-1.83.0-5.1.x86_64	5735495bf7b5e1ef7548f74cb814451f81578b641451761831c2f794408353d3	HOLD_SIBLING	tier1_production_0130	NOT_IN_ADMIT_SET	PASS_FROZEN_RPM_INPUT_EXECUTION_RECHECK_REQUIRED	NONE	NO_UNRESOLVED_EXACT_LOCK	NO	0		boost-contract-1.83.0-5.1.x86_64	5735495bf7b5e1ef7548f74cb814451f81578b641451761831c2f794408353d3	5735495bf7b5e1ef7548f74cb814451f81578b641451761831c2f794408353d3	N/A	N/A	N/A	remediation_r5/evidence/ledger_instance_generation.tsv	PASS_PROMOTION_LEDGER_V2_INSTANCE
ENTRY	BASE_FIRST	x86_64	x86_64	ARCH_SPECIFIC	boost	boost-1.83.0-5.1	7793bef2a1088e0d713837b850ee0d704ceea67e4622ca75af7a599bcac2e673	boost-coroutine	boost-coroutine-1.83.0-5.1.x86_64	8bb379ecb87e4837866431356f6e77d3f708c23964001669c1cba97830b2940e	HOLD_SIBLING	tier1_production_0131	NOT_IN_ADMIT_SET	PASS_FROZEN_RPM_INPUT_EXECUTION_RECHECK_REQUIRED	NONE	NO_UNRESOLVED_EXACT_LOCK	NO	0		boost-coroutine-1.83.0-5.1.x86_64	8bb379ecb87e4837866431356f6e77d3f708c23964001669c1cba97830b2940e	8bb379ecb87e4837866431356f6e77d3f708c23964001669c1cba97830b2940e	N/A	N/A	N/A	remediation_r5/evidence/ledger_instance_generation.tsv	PASS_PROMOTION_LEDGER_V2_INSTANCE
ENTRY	BASE_FIRST	x86_64	x86_64	ARCH_SPECIFIC	boost	boost-1.83.0-5.1	7793bef2a1088e0d713837b850ee0d704ceea67e4622ca75af7a599bcac2e673	boost-date-time	boost-date-time-1.83.0-5.1.x86_64	cf2ee25aa03a588f37780bd98abb2daf2c0730d40ae5cb65adf1d2dcc84d7f13	HOLD_SIBLING	tier1_production_0132	NOT_IN_ADMIT_SET	PASS_FROZEN_RPM_INPUT_EXECUTION_RECHECK_REQUIRED	NONE	NO_UNRESOLVED_EXACT_LOCK	NO	0		boost-date-time-1.83.0-5.1.x86_64	cf2ee25aa03a588f37780bd98abb2daf2c0730d40ae5cb65adf1d2dcc84d7f13	cf2ee25aa03a588f37780bd98abb2daf2c0730d40ae5cb65adf1d2dcc84d7f13	N/A	N/A	N/A	remediation_r5/evidence/ledger_instance_generation.tsv	PASS_PROMOTION_LEDGER_V2_INSTANCE
ENTRY	BASE_FIRST	x86_64	x86_64	ARCH_SPECIFIC	boost	boost-1.83.0-5.1	7793bef2a1088e0d713837b850ee0d704ceea67e4622ca75af7a599bcac2e673	boost-devel	boost-devel-1.83.0-5.1.x86_64	0528360e5074fab7ee46b7076675b0b0d6d7e33a8258f63d46d9d79cdb8830c5	HOLD_SIBLING	NO_PRODUCTION_TIER1:boost-devel	NOT_IN_ADMIT_SET	PASS_FROZEN_RPM_INPUT_EXECUTION_RECHECK_REQUIRED	NONE	NO_UNRESOLVED_EXACT_LOCK	YES	0		boost-devel-1.83.0-5.1.x86_64	0528360e5074fab7ee46b7076675b0b0d6d7e33a8258f63d46d9d79cdb8830c5	0528360e5074fab7ee46b7076675b0b0d6d7e33a8258f63d46d9d79cdb8830c5	N/A	N/A	N/A	remediation_r5/evidence/ledger_instance_generation.tsv	PASS_PROMOTION_LEDGER_V2_INSTANCE
ENTRY	BASE_FIRST	x86_64	noarch	SHARED_NOARCH	boost	boost-1.83.0-5.1	7793bef2a1088e0d713837b850ee0d704ceea67e4622ca75af7a599bcac2e673	boost-doc-html	boost-doc-html-1.83.0-5.1.noarch	434a09ae5959c89d3fcf9014c02748786e10268148db0be72e58ddfc7b61fe6a	HOLD_SIBLING	SHARED_NOARCH_NO_CPP:boost-doc-html	NOT_IN_ADMIT_SET	PASS_FROZEN_RPM_INPUT_EXECUTION_RECHECK_REQUIRED	NONE	NO_UNRESOLVED_EXACT_LOCK	NO	0		boost-doc-html-1.83.0-5.1.noarch	434a09ae5959c89d3fcf9014c02748786e10268148db0be72e58ddfc7b61fe6a	434a09ae5959c89d3fcf9014c02748786e10268148db0be72e58ddfc7b61fe6a	N/A	N/A	N/A	remediation_r5/evidence/ledger_instance_generation.tsv	PASS_PROMOTION_LEDGER_V2_INSTANCE
ENTRY	BASE_FIRST	x86_64	x86_64	ARCH_SPECIFIC	boost	boost-1.83.0-5.1	7793bef2a1088e0d713837b850ee0d704ceea67e4622ca75af7a599bcac2e673	boost-fiber	boost-fiber-1.83.0-5.1.x86_64	1dafc158ee82ba9e9140c57fee75f5b4b491f5c671e38e9b339b2c4176e9fab4	HOLD_SIBLING	tier1_production_0133	NOT_IN_ADMIT_SET	PASS_FROZEN_RPM_INPUT_EXECUTION_RECHECK_REQUIRED	NONE	NO_UNRESOLVED_EXACT_LOCK	NO	0		boost-fiber-1.83.0-5.1.x86_64	1dafc158ee82ba9e9140c57fee75f5b4b491f5c671e38e9b339b2c4176e9fab4	1dafc158ee82ba9e9140c57fee75f5b4b491f5c671e38e9b339b2c4176e9fab4	N/A	N/A	N/A	remediation_r5/evidence/ledger_instance_generation.tsv	PASS_PROMOTION_LEDGER_V2_INSTANCE
ENTRY	BASE_FIRST	x86_64	x86_64	ARCH_SPECIFIC	boost	boost-1.83.0-5.1	7793bef2a1088e0d713837b850ee0d704ceea67e4622ca75af7a599bcac2e673	boost-filesystem	boost-filesystem-1.83.0-5.1.x86_64	31f8a9565cacc4f3fd319c3c9477145a0a9c4cea079b9a1a0d830945d359c2e5	ADMIT	tier1_production_0013	CLOSED	PASS_FROZEN_RPM_INPUT_EXECUTION_RECHECK_REQUIRED	NONE	NO_UNRESOLVED_EXACT_LOCK	NO	0		N/A	N/A	31f8a9565cacc4f3fd319c3c9477145a0a9c4cea079b9a1a0d830945d359c2e5	N/A	N/A	N/A	remediation_r5/evidence/ledger_instance_generation.tsv	PASS_PROMOTION_LEDGER_V2_INSTANCE
ENTRY	BASE_FIRST	x86_64	x86_64	ARCH_SPECIFIC	boost	boost-1.83.0-5.1	7793bef2a1088e0d713837b850ee0d704ceea67e4622ca75af7a599bcac2e673	boost-graph	boost-graph-1.83.0-5.1.x86_64	70e8d7b06b189a654e8e12295e82af08ba17c580394cf2d405d500f3b1df35a9	HOLD_SIBLING	tier1_production_0134	NOT_IN_ADMIT_SET	PASS_FROZEN_RPM_INPUT_EXECUTION_RECHECK_REQUIRED	NONE	NO_UNRESOLVED_EXACT_LOCK	NO	0		boost-graph-1.83.0-5.1.x86_64	70e8d7b06b189a654e8e12295e82af08ba17c580394cf2d405d500f3b1df35a9	70e8d7b06b189a654e8e12295e82af08ba17c580394cf2d405d500f3b1df35a9	N/A	N/A	N/A	remediation_r5/evidence/ledger_instance_generation.tsv	PASS_PROMOTION_LEDGER_V2_INSTANCE
ENTRY	BASE_FIRST	x86_64	x86_64	ARCH_SPECIFIC	boost	boost-1.83.0-5.1	7793bef2a1088e0d713837b850ee0d704ceea67e4622ca75af7a599bcac2e673	boost-iostreams	boost-iostreams-1.83.0-5.1.x86_64	a4a4ed7f8aac72eb7456fb39ff2fbaf443db34270df3e7f2156cc768e22f9c8f	ADMIT	tier1_production_0135	CLOSED	PASS_FROZEN_RPM_INPUT_EXECUTION_RECHECK_REQUIRED	NONE	NO_UNRESOLVED_EXACT_LOCK	NO	0		N/A	N/A	a4a4ed7f8aac72eb7456fb39ff2fbaf443db34270df3e7f2156cc768e22f9c8f	N/A	N/A	N/A	remediation_r5/evidence/ledger_instance_generation.tsv	PASS_PROMOTION_LEDGER_V2_INSTANCE
ENTRY	BASE_FIRST	x86_64	x86_64	ARCH_SPECIFIC	boost	boost-1.83.0-5.1	7793bef2a1088e0d713837b850ee0d704ceea67e4622ca75af7a599bcac2e673	boost-json	boost-json-1.83.0-5.1.x86_64	004cae718ec6bfa0bc063b57078494ac35e5ea9c09aa78e36dfe68dabc297492	HOLD_SIBLING	tier1_production_0137	NOT_IN_ADMIT_SET	PASS_FROZEN_RPM_INPUT_EXECUTION_RECHECK_REQUIRED	NONE	NO_UNRESOLVED_EXACT_LOCK	NO	0		boost-json-1.83.0-5.1.x86_64	004cae718ec6bfa0bc063b57078494ac35e5ea9c09aa78e36dfe68dabc297492	004cae718ec6bfa0bc063b57078494ac35e5ea9c09aa78e36dfe68dabc297492	N/A	N/A	N/A	remediation_r5/evidence/ledger_instance_generation.tsv	PASS_PROMOTION_LEDGER_V2_INSTANCE
ENTRY	BASE_FIRST	x86_64	noarch	SHARED_NOARCH	boost	boost-1.83.0-5.1	7793bef2a1088e0d713837b850ee0d704ceea67e4622ca75af7a599bcac2e673	boost-license	boost-license-1.83.0-5.1.noarch	39484d87349fe00b7dbc9382518cb258b694d3126d0c64358da3e3abf3871cf0	ADMIT_STDLIB_NEUTRAL	STDLIB_NEUTRAL:boost-license	EXEMPT_STDLIB_NEUTRAL	PASS_FROZEN_RPM_INPUT_EXECUTION_RECHECK_REQUIRED	NONE	NO_UNRESOLVED_EXACT_LOCK	NO	0		N/A	N/A	39484d87349fe00b7dbc9382518cb258b694d3126d0c64358da3e3abf3871cf0	PASS	PASS	PASS	remediation_r4/evidence/noarch_independent_verification.tsv	PASS_PROMOTION_LEDGER_V2_INSTANCE
ENTRY	BASE_FIRST	x86_64	x86_64	ARCH_SPECIFIC	boost	boost-1.83.0-5.1	7793bef2a1088e0d713837b850ee0d704ceea67e4622ca75af7a599bcac2e673	boost-locale	boost-locale-1.83.0-5.1.x86_64	16d02913068959f3747da9b7289e0941daff48301e6044c30039ce3775be57b2	HOLD_SIBLING	tier1_production_0138	NOT_IN_ADMIT_SET	PASS_FROZEN_RPM_INPUT_EXECUTION_RECHECK_REQUIRED	NONE	NO_UNRESOLVED_EXACT_LOCK	NO	0		boost-locale-1.83.0-5.1.x86_64	16d02913068959f3747da9b7289e0941daff48301e6044c30039ce3775be57b2	16d02913068959f3747da9b7289e0941daff48301e6044c30039ce3775be57b2	N/A	N/A	N/A	remediation_r5/evidence/ledger_instance_generation.tsv	PASS_PROMOTION_LEDGER_V2_INSTANCE
ENTRY	BASE_FIRST	x86_64	x86_64	ARCH_SPECIFIC	boost	boost-1.83.0-5.1	7793bef2a1088e0d713837b850ee0d704ceea67e4622ca75af7a599bcac2e673	boost-log	boost-log-1.83.0-5.1.x86_64	77534e5be7bc43d45347d6d58402a4d2ad43d47fb371c6137ba3d696a0b9c097	ADMIT	tier1_production_0013	CLOSED	PASS_FROZEN_RPM_INPUT_EXECUTION_RECHECK_REQUIRED	NONE	NO_UNRESOLVED_EXACT_LOCK	NO	0		N/A	N/A	77534e5be7bc43d45347d6d58402a4d2ad43d47fb371c6137ba3d696a0b9c097	N/A	N/A	N/A	remediation_r5/evidence/ledger_instance_generation.tsv	PASS_PROMOTION_LEDGER_V2_INSTANCE
ENTRY	BASE_FIRST	x86_64	x86_64	ARCH_SPECIFIC	boost	boost-1.83.0-5.1	7793bef2a1088e0d713837b850ee0d704ceea67e4622ca75af7a599bcac2e673	boost-math	boost-math-1.83.0-5.1.x86_64	ab5f14c1df94b1ed8e513b289b47202be65677c0916d11ff3e9e5cbaa9ef6f2c	HOLD_SIBLING	tier1_production_0139	NOT_IN_ADMIT_SET	PASS_FROZEN_RPM_INPUT_EXECUTION_RECHECK_REQUIRED	NONE	NO_UNRESOLVED_EXACT_LOCK	NO	0		boost-math-1.83.0-5.1.x86_64	ab5f14c1df94b1ed8e513b289b47202be65677c0916d11ff3e9e5cbaa9ef6f2c	ab5f14c1df94b1ed8e513b289b47202be65677c0916d11ff3e9e5cbaa9ef6f2c	N/A	N/A	N/A	remediation_r5/evidence/ledger_instance_generation.tsv	PASS_PROMOTION_LEDGER_V2_INSTANCE
ENTRY	BASE_FIRST	x86_64	x86_64	ARCH_SPECIFIC	boost	boost-1.83.0-5.1	7793bef2a1088e0d713837b850ee0d704ceea67e4622ca75af7a599bcac2e673	boost-nowide	boost-nowide-1.83.0-5.1.x86_64	4190527fd02055a873adbbf076c691cda121741220e8b7fc298e9921660e26b2	HOLD_SIBLING	tier1_production_0140	NOT_IN_ADMIT_SET	PASS_FROZEN_RPM_INPUT_EXECUTION_RECHECK_REQUIRED	NONE	NO_UNRESOLVED_EXACT_LOCK	NO	0		boost-nowide-1.83.0-5.1.x86_64	4190527fd02055a873adbbf076c691cda121741220e8b7fc298e9921660e26b2	4190527fd02055a873adbbf076c691cda121741220e8b7fc298e9921660e26b2	N/A	N/A	N/A	remediation_r5/evidence/ledger_instance_generation.tsv	PASS_PROMOTION_LEDGER_V2_INSTANCE
ENTRY	BASE_FIRST	x86_64	x86_64	ARCH_SPECIFIC	boost	boost-1.83.0-5.1	7793bef2a1088e0d713837b850ee0d704ceea67e4622ca75af7a599bcac2e673	boost-program-options	boost-program-options-1.83.0-5.1.x86_64	d96f628f363b37d05660f20b7ee00bc5c30cc087ce2e4dcebc3b80a907c0c609	HOLD_SIBLING	tier1_production_0008	NOT_IN_ADMIT_SET	PASS_FROZEN_RPM_INPUT_EXECUTION_RECHECK_REQUIRED	NONE	NO_UNRESOLVED_EXACT_LOCK	NO	0		boost-program-options-1.83.0-5.1.x86_64	d96f628f363b37d05660f20b7ee00bc5c30cc087ce2e4dcebc3b80a907c0c609	d96f628f363b37d05660f20b7ee00bc5c30cc087ce2e4dcebc3b80a907c0c609	N/A	N/A	N/A	remediation_r5/evidence/ledger_instance_generation.tsv	PASS_PROMOTION_LEDGER_V2_INSTANCE
ENTRY	BASE_FIRST	x86_64	x86_64	ARCH_SPECIFIC	boost	boost-1.83.0-5.1	7793bef2a1088e0d713837b850ee0d704ceea67e4622ca75af7a599bcac2e673	boost-python3	boost-python3-1.83.0-5.1.x86_64	dc1ff226d0c9da23b6e2f30c773497dc808174bb4756cdb1169c339e5918ff67	HOLD_SIBLING	tier1_production_0141	NOT_IN_ADMIT_SET	PASS_FROZEN_RPM_INPUT_EXECUTION_RECHECK_REQUIRED	NONE	NO_UNRESOLVED_EXACT_LOCK	NO	0		boost-python3-1.83.0-5.1.x86_64	dc1ff226d0c9da23b6e2f30c773497dc808174bb4756cdb1169c339e5918ff67	dc1ff226d0c9da23b6e2f30c773497dc808174bb4756cdb1169c339e5918ff67	N/A	N/A	N/A	remediation_r5/evidence/ledger_instance_generation.tsv	PASS_PROMOTION_LEDGER_V2_INSTANCE
ENTRY	BASE_FIRST	x86_64	x86_64	ARCH_SPECIFIC	boost	boost-1.83.0-5.1	7793bef2a1088e0d713837b850ee0d704ceea67e4622ca75af7a599bcac2e673	boost-random	boost-random-1.83.0-5.1.x86_64	0267a9d1641b1bb38e40541ddb3fe5c15ff5fd1e0250bc8f4bde265800ed10b3	HOLD_SIBLING	tier1_production_0142	NOT_IN_ADMIT_SET	PASS_FROZEN_RPM_INPUT_EXECUTION_RECHECK_REQUIRED	NONE	NO_UNRESOLVED_EXACT_LOCK	NO	0		boost-random-1.83.0-5.1.x86_64	0267a9d1641b1bb38e40541ddb3fe5c15ff5fd1e0250bc8f4bde265800ed10b3	0267a9d1641b1bb38e40541ddb3fe5c15ff5fd1e0250bc8f4bde265800ed10b3	N/A	N/A	N/A	remediation_r5/evidence/ledger_instance_generation.tsv	PASS_PROMOTION_LEDGER_V2_INSTANCE
ENTRY	BASE_FIRST	x86_64	x86_64	ARCH_SPECIFIC	boost	boost-1.83.0-5.1	7793bef2a1088e0d713837b850ee0d704ceea67e4622ca75af7a599bcac2e673	boost-regex	boost-regex-1.83.0-5.1.x86_64	3cab9d4e0f6b845afc98ddafbc62eb3674f6983fd666bf9c81ad23b79f04a8a1	HOLD_SIBLING	tier1_production_0143	NOT_IN_ADMIT_SET	PASS_FROZEN_RPM_INPUT_EXECUTION_RECHECK_REQUIRED	NONE	NO_UNRESOLVED_EXACT_LOCK	NO	0		boost-regex-1.83.0-5.1.x86_64	3cab9d4e0f6b845afc98ddafbc62eb3674f6983fd666bf9c81ad23b79f04a8a1	3cab9d4e0f6b845afc98ddafbc62eb3674f6983fd666bf9c81ad23b79f04a8a1	N/A	N/A	N/A	remediation_r5/evidence/ledger_instance_generation.tsv	PASS_PROMOTION_LEDGER_V2_INSTANCE
ENTRY	BASE_FIRST	x86_64	x86_64	ARCH_SPECIFIC	boost	boost-1.83.0-5.1	7793bef2a1088e0d713837b850ee0d704ceea67e4622ca75af7a599bcac2e673	boost-serialization	boost-serialization-1.83.0-5.1.x86_64	076be566ec1c8799cc428c439cf4f59e080df2df93ecca9cb4c168c37c22afb7	HOLD_SIBLING	tier1_production_0144	NOT_IN_ADMIT_SET	PASS_FROZEN_RPM_INPUT_EXECUTION_RECHECK_REQUIRED	NONE	NO_UNRESOLVED_EXACT_LOCK	NO	0		boost-serialization-1.83.0-5.1.x86_64	076be566ec1c8799cc428c439cf4f59e080df2df93ecca9cb4c168c37c22afb7	076be566ec1c8799cc428c439cf4f59e080df2df93ecca9cb4c168c37c22afb7	N/A	N/A	N/A	remediation_r5/evidence/ledger_instance_generation.tsv	PASS_PROMOTION_LEDGER_V2_INSTANCE
ENTRY	BASE_FIRST	x86_64	x86_64	ARCH_SPECIFIC	boost	boost-1.83.0-5.1	7793bef2a1088e0d713837b850ee0d704ceea67e4622ca75af7a599bcac2e673	boost-system	boost-system-1.83.0-5.1.x86_64	df0feec97746b753c8ba9dfefabfc2673875757457d108d229abf9233894767c	HOLD_SIBLING	tier1_production_0145	NOT_IN_ADMIT_SET	PASS_FROZEN_RPM_INPUT_EXECUTION_RECHECK_REQUIRED	NONE	NO_UNRESOLVED_EXACT_LOCK	NO	0		boost-system-1.83.0-5.1.x86_64	df0feec97746b753c8ba9dfefabfc2673875757457d108d229abf9233894767c	df0feec97746b753c8ba9dfefabfc2673875757457d108d229abf9233894767c	N/A	N/A	N/A	remediation_r5/evidence/ledger_instance_generation.tsv	PASS_PROMOTION_LEDGER_V2_INSTANCE
ENTRY	BASE_FIRST	x86_64	x86_64	ARCH_SPECIFIC	boost	boost-1.83.0-5.1	7793bef2a1088e0d713837b850ee0d704ceea67e4622ca75af7a599bcac2e673	boost-test	boost-test-1.83.0-5.1.x86_64	a14b8ef68935095cef1bc64308c8bbedf5b37927a442d7c4035bb3e819458ea0	HOLD_SIBLING	NO_PRODUCTION_TIER1:boost-test	NOT_IN_ADMIT_SET	PASS_FROZEN_RPM_INPUT_EXECUTION_RECHECK_REQUIRED	NONE	NO_UNRESOLVED_EXACT_LOCK	NO	0		boost-test-1.83.0-5.1.x86_64	a14b8ef68935095cef1bc64308c8bbedf5b37927a442d7c4035bb3e819458ea0	a14b8ef68935095cef1bc64308c8bbedf5b37927a442d7c4035bb3e819458ea0	N/A	N/A	N/A	remediation_r5/evidence/ledger_instance_generation.tsv	PASS_PROMOTION_LEDGER_V2_INSTANCE
ENTRY	BASE_FIRST	x86_64	x86_64	ARCH_SPECIFIC	boost	boost-1.83.0-5.1	7793bef2a1088e0d713837b850ee0d704ceea67e4622ca75af7a599bcac2e673	boost-thread	boost-thread-1.83.0-5.1.x86_64	4ec30193cd687d94f9c9833b0b3064dd095e5720cc24dc67a3556e1a30b86780	ADMIT	tier1_production_0013	CLOSED	PASS_FROZEN_RPM_INPUT_EXECUTION_RECHECK_REQUIRED	NONE	NO_UNRESOLVED_EXACT_LOCK	NO	0		N/A	N/A	4ec30193cd687d94f9c9833b0b3064dd095e5720cc24dc67a3556e1a30b86780	N/A	N/A	N/A	remediation_r5/evidence/ledger_instance_generation.tsv	PASS_PROMOTION_LEDGER_V2_INSTANCE
ENTRY	BASE_FIRST	x86_64	x86_64	ARCH_SPECIFIC	boost	boost-1.83.0-5.1	7793bef2a1088e0d713837b850ee0d704ceea67e4622ca75af7a599bcac2e673	boost-timer	boost-timer-1.83.0-5.1.x86_64	e41ee2ed6e127dc7142401da6a1602e3ed326914144698ceb0f3206f6470f125	HOLD_SIBLING	tier1_production_0146	NOT_IN_ADMIT_SET	PASS_FROZEN_RPM_INPUT_EXECUTION_RECHECK_REQUIRED	NONE	NO_UNRESOLVED_EXACT_LOCK	NO	0		boost-timer-1.83.0-5.1.x86_64	e41ee2ed6e127dc7142401da6a1602e3ed326914144698ceb0f3206f6470f125	e41ee2ed6e127dc7142401da6a1602e3ed326914144698ceb0f3206f6470f125	N/A	N/A	N/A	remediation_r5/evidence/ledger_instance_generation.tsv	PASS_PROMOTION_LEDGER_V2_INSTANCE
ENTRY	BASE_FIRST	x86_64	x86_64	ARCH_SPECIFIC	boost	boost-1.83.0-5.1	7793bef2a1088e0d713837b850ee0d704ceea67e4622ca75af7a599bcac2e673	boost-url	boost-url-1.83.0-5.1.x86_64	39b6ea41f8265a896de7c87bfd34815f4a8ab6810cdf12b0c324f72a7719b35c	HOLD_SIBLING	tier1_production_0147	NOT_IN_ADMIT_SET	PASS_FROZEN_RPM_INPUT_EXECUTION_RECHECK_REQUIRED	NONE	NO_UNRESOLVED_EXACT_LOCK	NO	0		boost-url-1.83.0-5.1.x86_64	39b6ea41f8265a896de7c87bfd34815f4a8ab6810cdf12b0c324f72a7719b35c	39b6ea41f8265a896de7c87bfd34815f4a8ab6810cdf12b0c324f72a7719b35c	N/A	N/A	N/A	remediation_r5/evidence/ledger_instance_generation.tsv	PASS_PROMOTION_LEDGER_V2_INSTANCE
ENTRY	BASE_FIRST	x86_64	x86_64	ARCH_SPECIFIC	boost	boost-1.83.0-5.1	7793bef2a1088e0d713837b850ee0d704ceea67e4622ca75af7a599bcac2e673	boost-wave	boost-wave-1.83.0-5.1.x86_64	533a2d8ac1172537c7b4c82a32d362dcea1254e3180a05166afcc21fa2191245	HOLD_SIBLING	tier1_production_0148	NOT_IN_ADMIT_SET	PASS_FROZEN_RPM_INPUT_EXECUTION_RECHECK_REQUIRED	NONE	NO_UNRESOLVED_EXACT_LOCK	NO	0		boost-wave-1.83.0-5.1.x86_64	533a2d8ac1172537c7b4c82a32d362dcea1254e3180a05166afcc21fa2191245	533a2d8ac1172537c7b4c82a32d362dcea1254e3180a05166afcc21fa2191245	N/A	N/A	N/A	remediation_r5/evidence/ledger_instance_generation.tsv	PASS_PROMOTION_LEDGER_V2_INSTANCE
ENTRY	BASE_FIRST	x86_64	x86_64	ARCH_SPECIFIC	boost	boost-1.83.0-5.1	7793bef2a1088e0d713837b850ee0d704ceea67e4622ca75af7a599bcac2e673	boost_stacktrace	boost_stacktrace-1.83.0-5.1.x86_64	5f583f8738416726eb3407704fc05be4e8138ffce9d9d33f825bd65947cb742b	HOLD_SIBLING	tier1_production_0149	NOT_IN_ADMIT_SET	PASS_FROZEN_RPM_INPUT_EXECUTION_RECHECK_REQUIRED	NONE	NO_UNRESOLVED_EXACT_LOCK	NO	0		boost_stacktrace-1.83.0-5.1.x86_64	5f583f8738416726eb3407704fc05be4e8138ffce9d9d33f825bd65947cb742b	5f583f8738416726eb3407704fc05be4e8138ffce9d9d33f825bd65947cb742b	N/A	N/A	N/A	remediation_r5/evidence/ledger_instance_generation.tsv	PASS_PROMOTION_LEDGER_V2_INSTANCE
ENTRY	BASE_FIRST	x86_64	x86_64	ARCH_SPECIFIC	boost	boost-1.83.0-5.1	7793bef2a1088e0d713837b850ee0d704ceea67e4622ca75af7a599bcac2e673	boost_type_erasure	boost_type_erasure-1.83.0-5.1.x86_64	307cf4b01e92182b8a959d5830f129073bbc6ab1f3e657cf8cdca7c46a555535	HOLD_SIBLING	tier1_production_0150	NOT_IN_ADMIT_SET	PASS_FROZEN_RPM_INPUT_EXECUTION_RECHECK_REQUIRED	NONE	NO_UNRESOLVED_EXACT_LOCK	NO	0		boost_type_erasure-1.83.0-5.1.x86_64	307cf4b01e92182b8a959d5830f129073bbc6ab1f3e657cf8cdca7c46a555535	307cf4b01e92182b8a959d5830f129073bbc6ab1f3e657cf8cdca7c46a555535	N/A	N/A	N/A	remediation_r5/evidence/ledger_instance_generation.tsv	PASS_PROMOTION_LEDGER_V2_INSTANCE
ENTRY	BASE_FIRST	x86_64	x86_64	ARCH_SPECIFIC	libsigc++	libsigc++-2.12.1-1.1	35da79758941b620c665a989b6d4a4c94ebfa1b89f7aaa2b189f8c971b676576	libsigc++	libsigc++-2.12.1-1.1.x86_64	8d9f9a585dc53e2c9392051681bf8f62998ed3e4ffde13c5ad50df4b065321eb	ADMIT	tier1_production_0896	CLOSED	PASS_FROZEN_RPM_INPUT_EXECUTION_RECHECK_REQUIRED	NONE	NO_UNRESOLVED_EXACT_LOCK	NO	0		N/A	N/A	8d9f9a585dc53e2c9392051681bf8f62998ed3e4ffde13c5ad50df4b065321eb	N/A	N/A	N/A	remediation_r5/evidence/ledger_instance_generation.tsv	PASS_PROMOTION_LEDGER_V2_INSTANCE
ENTRY	BASE_FIRST	x86_64	x86_64	ARCH_SPECIFIC	libsigc++	libsigc++-2.12.1-1.1	35da79758941b620c665a989b6d4a4c94ebfa1b89f7aaa2b189f8c971b676576	libsigc++-devel	libsigc++-devel-2.12.1-1.1.x86_64	39f811fc3329ee1fa695f5fcbcb17c5cd2dcdd3bbdae13fe5549436abb1a7481	HOLD_SIBLING	NO_PRODUCTION_TIER1:libsigc++-devel	NOT_IN_ADMIT_SET	PASS_FROZEN_RPM_INPUT_EXECUTION_RECHECK_REQUIRED	NONE	NO_UNRESOLVED_EXACT_LOCK	YES	0		libsigc++-devel-2.12.1-1.1.x86_64	39f811fc3329ee1fa695f5fcbcb17c5cd2dcdd3bbdae13fe5549436abb1a7481	39f811fc3329ee1fa695f5fcbcb17c5cd2dcdd3bbdae13fe5549436abb1a7481	N/A	N/A	N/A	remediation_r5/evidence/ledger_instance_generation.tsv	PASS_PROMOTION_LEDGER_V2_INSTANCE
ENTRY	BASE_FIRST	x86_64	x86_64	ARCH_SPECIFIC	taglib	taglib-1.13.1-1.1	cf5f9fefb297cc4ece3e65590e438119b610a4c47645bbdddf9af19b68ab142c	taglib	taglib-1.13.1-1.1.x86_64	1134936625ae115156ce33e84e09f6c1c582bf8ed19ee4c995da393b836be4f1	ADMIT	tier1_production_1457	CLOSED	PASS_FROZEN_RPM_INPUT_EXECUTION_RECHECK_REQUIRED	NONE	NO_UNRESOLVED_EXACT_LOCK	NO	0		N/A	N/A	1134936625ae115156ce33e84e09f6c1c582bf8ed19ee4c995da393b836be4f1	N/A	N/A	N/A	remediation_r5/evidence/ledger_instance_generation.tsv	PASS_PROMOTION_LEDGER_V2_INSTANCE
ENTRY	BASE_FIRST	x86_64	x86_64	ARCH_SPECIFIC	taglib	taglib-1.13.1-1.1	cf5f9fefb297cc4ece3e65590e438119b610a4c47645bbdddf9af19b68ab142c	taglib-devel	taglib-devel-1.13.1-1.1.x86_64	b2a9ff1d502f7780eabd7cce6028b3e8b513347bca74e14b80ec285c56d0dfd9	HOLD_SIBLING	NO_PRODUCTION_TIER1:taglib-devel	NOT_IN_ADMIT_SET	PASS_FROZEN_RPM_INPUT_EXECUTION_RECHECK_REQUIRED	NONE	NO_UNRESOLVED_EXACT_LOCK	YES	0		taglib-devel-1.13.1-1.1.x86_64	b2a9ff1d502f7780eabd7cce6028b3e8b513347bca74e14b80ec285c56d0dfd9	b2a9ff1d502f7780eabd7cce6028b3e8b513347bca74e14b80ec285c56d0dfd9	N/A	N/A	N/A	remediation_r5/evidence/ledger_instance_generation.tsv	PASS_PROMOTION_LEDGER_V2_INSTANCE
