batch_id	target_arch	rpm_arch	source_name	source_nevra	package	nevra	rpm_sha256	tier1_component_id	exact_lock_group
WAVE1_ACTIVE_23	armv7l	armv7l	askuser-notification	askuser-notification-0.8.4-1	askuser-notification	askuser-notification-0.8.4-1.armv7l	8281e8fcfaf6084929ac109c7fecf8e066dc91c96f9cab3d15152e676523a4fc	tier1_production_0011	NONE
WAVE1_ACTIVE_23	armv7l	armv7l	askuser-notification	askuser-notification-0.8.4-1	askuser-notification-devel	askuser-notification-devel-0.8.4-1.armv7l	72ca4afe71f56686546355dea37bd9c965354dc2bd9ba824a4d6e234cf005c34	NO_PRODUCTION_TIER1:askuser-notification-devel	NONE
WAVE1_ACTIVE_23	armv7l	armv7l	askuser-notification	askuser-notification-0.8.4-1	askuser-notification-test	askuser-notification-test-0.8.4-1.armv7l	1c1cada811316ed1f3f374da29515d447c9f2d1ab27a55436aa6159f2b934ab8	NO_PRODUCTION_TIER1:askuser-notification-test	NONE
WAVE1_ACTIVE_23	armv7l	armv7l	askuser-notification	askuser-notification-0.8.4-1	askuser-notification-unit-tests	askuser-notification-unit-tests-0.8.4-1.armv7l	9182c1de5cef4e0c55fb5fa894d82581f4052c75d0814ddaa9eb9a2ac8da6718	NO_PRODUCTION_TIER1:askuser-notification-unit-tests	NONE
WAVE1_ACTIVE_23	armv7l	armv7l	askuser-notification	askuser-notification-0.8.4-1	capi-privacy-privilege-manager	capi-privacy-privilege-manager-0.8.4-1.armv7l	87d1f0e3425ae66fedc0b099a947f5d20b5f9ac31b5fb540365bf16842c34a38	tier1_production_0011	NONE
WAVE1_ACTIVE_23	armv7l	armv7l	askuser-notification	askuser-notification-0.8.4-1	libaskuser-notification-common	libaskuser-notification-common-0.8.4-1.armv7l	64aad6d48c7481bd4f47061e1237ecf1385432a50bcdae2d1b3d5334aa4a399c	tier1_production_0011	NONE
WAVE1_ACTIVE_23	armv7l	armv7l	boost	boost-1.83.0-5.1	boost	boost-1.83.0-5.1.armv7l	28a12db10c97bdc8bafde8dc857c9a2497a53692398c744ffcd1642b34b1d923	NO_PRODUCTION_TIER1:boost	NONE
WAVE1_ACTIVE_23	armv7l	armv7l	boost	boost-1.83.0-5.1	boost-atomic	boost-atomic-1.83.0-5.1.armv7l	cbddad27e4ab98ceb4d20573f47394783770daab521aedd8af21a97ead5ad276	tier1_production_0127	NONE
WAVE1_ACTIVE_23	armv7l	armv7l	boost	boost-1.83.0-5.1	boost-chrono	boost-chrono-1.83.0-5.1.armv7l	a40f6bba00cdfe1fc55e817e5ed372d33611453eeca9fe359f9a6888837d89cb	tier1_production_0128	NONE
WAVE1_ACTIVE_23	armv7l	armv7l	boost	boost-1.83.0-5.1	boost-container	boost-container-1.83.0-5.1.armv7l	cf837332e55152e7824bf7aae2a6a2fc05af512a091778cec6f2ee2d26a27570	tier1_production_0129	NONE
WAVE1_ACTIVE_23	armv7l	armv7l	boost	boost-1.83.0-5.1	boost-context	boost-context-1.83.0-5.1.armv7l	3655344bd94ad348b93fd6dbb931e1648159d4b94dd82cda4e4c6c4f744bdafc	tier1_production_0130	NONE
WAVE1_ACTIVE_23	armv7l	armv7l	boost	boost-1.83.0-5.1	boost-contract	boost-contract-1.83.0-5.1.armv7l	130c11e94c4f006b6c915c2b4aeb32edf213c52504abaf36d0688b0416c31fc9	tier1_production_0131	NONE
WAVE1_ACTIVE_23	armv7l	armv7l	boost	boost-1.83.0-5.1	boost-coroutine	boost-coroutine-1.83.0-5.1.armv7l	88b62f3eff86c6baaaf54c833880cf910663299070b079b3f3ec24d65ed29baf	tier1_production_0132	NONE
WAVE1_ACTIVE_23	armv7l	armv7l	boost	boost-1.83.0-5.1	boost-date-time	boost-date-time-1.83.0-5.1.armv7l	d500d7b13e0aedb872156ac1d862150c95546737a2abb75b01f3f1b180f6a41a	tier1_production_0133	NONE
WAVE1_ACTIVE_23	armv7l	armv7l	boost	boost-1.83.0-5.1	boost-devel	boost-devel-1.83.0-5.1.armv7l	804e07259419fc40c0c02863880d41e677858242dd487efb06825c8efaa15c03	NO_PRODUCTION_TIER1:boost-devel	NONE
WAVE1_ACTIVE_23	armv7l	noarch	boost	boost-1.83.0-5.1	boost-doc-html	boost-doc-html-1.83.0-5.1.noarch	434a09ae5959c89d3fcf9014c02748786e10268148db0be72e58ddfc7b61fe6a	SHARED_NOARCH_NO_CPP:boost-doc-html	NONE
WAVE1_ACTIVE_23	armv7l	armv7l	boost	boost-1.83.0-5.1	boost-fiber	boost-fiber-1.83.0-5.1.armv7l	fffa919e2671aceb01a32175649794a67b9f66f3eaba6d8de4cecfc421acfb7f	tier1_production_0134	NONE
WAVE1_ACTIVE_23	armv7l	armv7l	boost	boost-1.83.0-5.1	boost-filesystem	boost-filesystem-1.83.0-5.1.armv7l	e317eae2a86529ee94fb240c6f4523e1cd76f58d4d5cfd08f2edfbd06d271db7	tier1_production_0013	NONE
WAVE1_ACTIVE_23	armv7l	armv7l	boost	boost-1.83.0-5.1	boost-graph	boost-graph-1.83.0-5.1.armv7l	4e0c98f386e3bcc02c46365c16b1fac44e90d4ac7ba05dbb71182e925e68b902	tier1_production_0135	NONE
WAVE1_ACTIVE_23	armv7l	armv7l	boost	boost-1.83.0-5.1	boost-iostreams	boost-iostreams-1.83.0-5.1.armv7l	b1ece6ae1808dcb68d94cb9ac4f34aeeec5969c9d4c8dc0a123a83b43e5e5ce2	tier1_production_0136	NONE
WAVE1_ACTIVE_23	armv7l	armv7l	boost	boost-1.83.0-5.1	boost-json	boost-json-1.83.0-5.1.armv7l	711d9f656f16424a7625c8db8db6805862a6913a8cd81c15d61e5bb1416495cd	tier1_production_0138	NONE
WAVE1_ACTIVE_23	armv7l	noarch	boost	boost-1.83.0-5.1	boost-license	boost-license-1.83.0-5.1.noarch	39484d87349fe00b7dbc9382518cb258b694d3126d0c64358da3e3abf3871cf0	STDLIB_NEUTRAL:boost-license	NONE
WAVE1_ACTIVE_23	armv7l	armv7l	boost	boost-1.83.0-5.1	boost-locale	boost-locale-1.83.0-5.1.armv7l	731c99efa2d689c652864c041fddf70b2cac07a112b40929a7b125534607b7ae	tier1_production_0139	NONE
WAVE1_ACTIVE_23	armv7l	armv7l	boost	boost-1.83.0-5.1	boost-log	boost-log-1.83.0-5.1.armv7l	be66bf6899cf58c26f34491cc44dec197850b48d636ff9487331c764b51ec690	tier1_production_0013	NONE
WAVE1_ACTIVE_23	armv7l	armv7l	boost	boost-1.83.0-5.1	boost-math	boost-math-1.83.0-5.1.armv7l	92e493a0f62a45899980f5c52d22001f07bd7d7cb9ba91c284e42c807c12ab23	tier1_production_0140	NONE
WAVE1_ACTIVE_23	armv7l	armv7l	boost	boost-1.83.0-5.1	boost-nowide	boost-nowide-1.83.0-5.1.armv7l	582e4efb554e9b90e480c6647429cb69a0ac25483eec003b92db070c431910ad	tier1_production_0141	NONE
WAVE1_ACTIVE_23	armv7l	armv7l	boost	boost-1.83.0-5.1	boost-program-options	boost-program-options-1.83.0-5.1.armv7l	d310b69cc794ba698cc85366f612b592aea968fa989f33c7e9509cd74334f0c5	tier1_production_0008	NONE
WAVE1_ACTIVE_23	armv7l	armv7l	boost	boost-1.83.0-5.1	boost-python3	boost-python3-1.83.0-5.1.armv7l	f67263c2842a4c1e961178c967686c87a100ef383f34c573fbe5fcc61adedd10	tier1_production_0142	NONE
WAVE1_ACTIVE_23	armv7l	armv7l	boost	boost-1.83.0-5.1	boost-random	boost-random-1.83.0-5.1.armv7l	f5744c1ac6df7d38f80f7158c82b0ca2fd3b8de5ef87a817f708f5ed38cb9d06	tier1_production_0143	NONE
WAVE1_ACTIVE_23	armv7l	armv7l	boost	boost-1.83.0-5.1	boost-regex	boost-regex-1.83.0-5.1.armv7l	28b6475a54e35fdeaf47713c6209e080c1a33525e196a72aa376fb856307c4dc	tier1_production_0144	NONE
WAVE1_ACTIVE_23	armv7l	armv7l	boost	boost-1.83.0-5.1	boost-serialization	boost-serialization-1.83.0-5.1.armv7l	69575a296756cb0beffcc14c8b2b98565339d0b0af8b8f46cf61ec72b365137c	tier1_production_0145	NONE
WAVE1_ACTIVE_23	armv7l	armv7l	boost	boost-1.83.0-5.1	boost-system	boost-system-1.83.0-5.1.armv7l	8c6c2f76e93cb2a4b7f62ddab6b85de1cce23fda7698ccc8f7447e3206abcd01	tier1_production_0146	NONE
WAVE1_ACTIVE_23	armv7l	armv7l	boost	boost-1.83.0-5.1	boost-test	boost-test-1.83.0-5.1.armv7l	edb2cbac0a4f088ea678099357c001181fbd1fb3208cab005f5ab65268d2da6a	NO_PRODUCTION_TIER1:boost-test	NONE
WAVE1_ACTIVE_23	armv7l	armv7l	boost	boost-1.83.0-5.1	boost-thread	boost-thread-1.83.0-5.1.armv7l	8bb7226cc94723e4cb0527c57e5eae2eb2382d1ead0a1b21fab60b76ffdbaa4f	tier1_production_0013	NONE
WAVE1_ACTIVE_23	armv7l	armv7l	boost	boost-1.83.0-5.1	boost-timer	boost-timer-1.83.0-5.1.armv7l	32a7b98dfa0694146fdb95d8a78ae7f78d56227a467314a8ef66f848d94db39d	tier1_production_0147	NONE
WAVE1_ACTIVE_23	armv7l	armv7l	boost	boost-1.83.0-5.1	boost-url	boost-url-1.83.0-5.1.armv7l	aa72489b6051b8c9faf0eec820cef53ea4f675d5685edfeea08b101949b2cc61	tier1_production_0148	NONE
WAVE1_ACTIVE_23	armv7l	armv7l	boost	boost-1.83.0-5.1	boost-wave	boost-wave-1.83.0-5.1.armv7l	f63efb75c0a5bf855ad04a627eebabac265a3436cb185e3ea70a4b16679c2352	tier1_production_0149	NONE
WAVE1_ACTIVE_23	armv7l	armv7l	boost	boost-1.83.0-5.1	boost_stacktrace	boost_stacktrace-1.83.0-5.1.armv7l	5649719aed170ae1148caa83f86b87dd95d8af6fcf49ae7e739776831f543836	tier1_production_0150	NONE
WAVE1_ACTIVE_23	armv7l	armv7l	boost	boost-1.83.0-5.1	boost_type_erasure	boost_type_erasure-1.83.0-5.1.armv7l	21d7f792b7f08df656769dbfa09c05e7a29ac14017dfbc1f26de8c34c496f1ce	tier1_production_0151	NONE
WAVE1_ACTIVE_23	armv7l	armv7l	capi-appfw-capmgr	capi-appfw-capmgr-0.0.4-1	capi-appfw-capmgr	capi-appfw-capmgr-0.0.4-1.armv7l	6dbd6773d1f57e0469e92eeca3e7985704a69515f2f567611f9fa48b8458a5fa	tier1_production_0008	NONE
WAVE1_ACTIVE_23	armv7l	armv7l	capi-appfw-capmgr	capi-appfw-capmgr-0.0.4-1	capi-appfw-capmgr-devel	capi-appfw-capmgr-devel-0.0.4-1.armv7l	f9970191f1306824353d94f5ccf8b1587c7f673eb0824747381ef187df704ced	NO_PRODUCTION_TIER1:capi-appfw-capmgr-devel	NONE
WAVE1_ACTIVE_23	armv7l	armv7l	capi-appfw-capmgr	capi-appfw-capmgr-0.0.4-1	capi-appfw-capmgr-tests	capi-appfw-capmgr-tests-0.0.4-1.armv7l	8586c1fb51715bca0a89bf69620f0d75a53ab0c3650622b546202f36c433fb13	NO_PRODUCTION_TIER1:capi-appfw-capmgr-tests	NONE
WAVE1_ACTIVE_23	armv7l	armv7l	cynara	cynara-0.26.0-1	cynara	cynara-0.26.0-1.armv7l	3a249555a7c7a3908f30e9859364b011c0f4c2aee9833d80be126770154bd833	tier1_production_0005	NONE
WAVE1_ACTIVE_23	armv7l	armv7l	cynara	cynara-0.26.0-1	cynara-tests	cynara-tests-0.26.0-1.armv7l	4fd5c9410de2c7b184c04c91dc8a2437916f996a582e3b88b938b6a2c0788e09	NO_PRODUCTION_TIER1:cynara-tests	NONE
WAVE1_ACTIVE_23	armv7l	armv7l	libcynara-commons	libcynara-commons-0.26.0-1	cyad	cyad-0.26.0-1.armv7l	f675f3e85f0f713f8bbec67408a48e05d8b4929dfb7711831c189432a30498aa	tier1_production_0005	NONE
WAVE1_ACTIVE_23	armv7l	armv7l	libcynara-commons	libcynara-commons-0.26.0-1	cynara-commons-tests	cynara-commons-tests-0.26.0-1.armv7l	df64e9da6d476b55b5a636455a4abff4453ab3cabd868b6e0ec5b8c422f5a72c	NO_PRODUCTION_TIER1:cynara-commons-tests	NONE
WAVE1_ACTIVE_23	armv7l	armv7l	libcynara-commons	libcynara-commons-0.26.0-1	cynara-db-migration	cynara-db-migration-0.26.0-1.armv7l	5277f10c84ef2ac5a6f5b57cf1665817b5876859d52d29e3552dc3db66e6de67	tier1_production_0331	NONE
WAVE1_ACTIVE_23	armv7l	armv7l	libcynara-commons	libcynara-commons-0.26.0-1	cynara-devel	cynara-devel-0.26.0-1.armv7l	b2d519a45ab9a44fc31747800e67eb2b07cbec7f6d9d67e1681ba1714415a1d1	NO_PRODUCTION_TIER1:cynara-devel	NONE
WAVE1_ACTIVE_23	armv7l	armv7l	libcynara-commons	libcynara-commons-0.26.0-1	libcynara-admin	libcynara-admin-0.26.0-1.armv7l	b9c9f42acdc1e8224ac7846e905e1fe389ac3ba7b5da289e67c1226ce8ea7f45	tier1_production_0005	NONE
WAVE1_ACTIVE_23	armv7l	armv7l	libcynara-commons	libcynara-commons-0.26.0-1	libcynara-agent	libcynara-agent-0.26.0-1.armv7l	6b5bb8bd3d138304d1b4100d3f9e640dcee7f57b89de71afb12a74cf2e7eb716	tier1_production_0005	NONE
WAVE1_ACTIVE_23	armv7l	armv7l	libcynara-commons	libcynara-commons-0.26.0-1	libcynara-client	libcynara-client-0.26.0-1.armv7l	53ba769909ebb499abe22acd984a144ed22e934195befbbef7076e947ec9ee3d	tier1_production_0005	NONE
WAVE1_ACTIVE_23	armv7l	armv7l	libcynara-commons	libcynara-commons-0.26.0-1	libcynara-commons	libcynara-commons-0.26.0-1.armv7l	9f77e7db91641985a0b8b1186288717b6d62dd994272226e210af1603519da73	tier1_production_0005	NONE
WAVE1_ACTIVE_23	armv7l	armv7l	libcynara-commons	libcynara-commons-0.26.0-1	libcynara-creds-commons	libcynara-creds-commons-0.26.0-1.armv7l	e0a71219620cba72c3bc3163e5c2ef48040d0542ef8a79f93c26e5ae629c1436	tier1_production_0007	NONE
WAVE1_ACTIVE_23	armv7l	armv7l	libcynara-commons	libcynara-commons-0.26.0-1	libcynara-creds-pid	libcynara-creds-pid-0.26.0-1.armv7l	cce8e45629592f873ab21fd2ec575fe0eb12e4fd0c1a10b71432c04670094a01	tier1_production_0007	NONE
WAVE1_ACTIVE_23	armv7l	armv7l	libcynara-commons	libcynara-commons-0.26.0-1	libcynara-creds-self	libcynara-creds-self-0.26.0-1.armv7l	e6074fe9bf93616196dbcae87377f5154599bc34ca128bcfc2a3aca239691d8c	tier1_production_0007	NONE
WAVE1_ACTIVE_23	armv7l	armv7l	libcynara-commons	libcynara-commons-0.26.0-1	libcynara-creds-socket	libcynara-creds-socket-0.26.0-1.armv7l	13d49a7d5bd1c646620e5300b0973e31b7d35e7af76ab8ea58af1118d42532d7	tier1_production_0007	NONE
WAVE1_ACTIVE_23	armv7l	armv7l	libcynara-commons	libcynara-commons-0.26.0-1	libcynara-monitor	libcynara-monitor-0.26.0-1.armv7l	27c042b70141113607974c9b80d4dbe1114a92a62314db2ec506e417245159c3	tier1_production_0005	NONE
WAVE1_ACTIVE_23	armv7l	armv7l	libcynara-commons	libcynara-commons-0.26.0-1	libcynara-session	libcynara-session-0.26.0-1.armv7l	c2b42419e8545cede19db503290752a10a961771e65b7cef02494798ac4f991e	tier1_production_0667	NONE
WAVE1_ACTIVE_23	armv7l	armv7l	libcynara-commons	libcynara-commons-0.26.0-1	libcynara-uid	libcynara-uid-0.26.0-1.armv7l	8418f966dcbe0c80d69cf6b6957ccc43482c6a9a07dbd2933d894d1897fa8de0	tier1_production_0668	NONE
WAVE1_ACTIVE_23	armv7l	armv7l	libcynara-commons	libcynara-commons-0.26.0-1	libcynara-uid-creds	libcynara-uid-creds-0.26.0-1.armv7l	597f637910efe4ba76f6021856aabbbb3110d56bf02303c5024b4f5af891da3b	tier1_production_0007	NONE
WAVE1_ACTIVE_23	armv7l	armv7l	libcynara-creds-dbus	libcynara-creds-dbus-0.26.0-1	libcynara-creds-dbus	libcynara-creds-dbus-0.26.0-1.armv7l	47ba1aa43f4783f11d1ed67e066f25c259b5010ae5e7b8d6dbabe42eca2e28ea	tier1_production_0664	NONE
WAVE1_ACTIVE_23	armv7l	armv7l	libcynara-creds-dbus	libcynara-creds-dbus-0.26.0-1	libcynara-creds-dbus-devel	libcynara-creds-dbus-devel-0.26.0-1.armv7l	69e4366347f970e88f377fd3668d5facc6ff1fccad6e94026594501eb17496ae	NO_PRODUCTION_TIER1:libcynara-creds-dbus-devel	NONE
WAVE1_ACTIVE_23	armv7l	armv7l	libcynara-creds-dbus	libcynara-creds-dbus-0.26.0-1	libcynara-creds-gdbus	libcynara-creds-gdbus-0.26.0-1.armv7l	447ea8eb22cd6c6193d0972d2d095d625ba3b3f52cf3cf53cf28d91ee6bdbb53	tier1_production_0665	NONE
WAVE1_ACTIVE_23	armv7l	armv7l	libcynara-creds-dbus	libcynara-creds-dbus-0.26.0-1	libcynara-creds-gdbus-devel	libcynara-creds-gdbus-devel-0.26.0-1.armv7l	ab05914e80bb4031e10f00765914e4469e869bde3226b36182d65763f26578cb	NO_PRODUCTION_TIER1:libcynara-creds-gdbus-devel	NONE
WAVE1_ACTIVE_23	armv7l	armv7l	libcynara-creds-dbus	libcynara-creds-dbus-0.26.0-1	libcynara-creds-sd-bus	libcynara-creds-sd-bus-0.26.0-1.armv7l	04ac57cc3b4715268fb05cef0711402da100fc48acae3f5b08cdf248e91c3b28	tier1_production_0666	NONE
WAVE1_ACTIVE_23	armv7l	armv7l	libcynara-creds-dbus	libcynara-creds-dbus-0.26.0-1	libcynara-creds-sd-bus-devel	libcynara-creds-sd-bus-devel-0.26.0-1.armv7l	5886c6eee8cefdc682888b7cc509c66b3c46cc683876973925c9a07aa0cea0fa	NO_PRODUCTION_TIER1:libcynara-creds-sd-bus-devel	NONE
WAVE1_ACTIVE_23	armv7l	armv7l	security-manager	security-manager-2.4.0-0	libnss-security-manager	libnss-security-manager-2.4.0-0.armv7l	5649c8f55773e0c35cf15099c28bcc6c0644d9c8a739a1b995c58044d29cacb5	tier1_production_0861	NONE
WAVE1_ACTIVE_23	armv7l	armv7l	security-manager	security-manager-2.4.0-0	libsecurity-manager-client	libsecurity-manager-client-2.4.0-0.armv7l	205afb564783280dc1656f389d2d7b7c516a2c624dee6fb00feba068be107c64	tier1_production_0008	NONE
WAVE1_ACTIVE_23	armv7l	armv7l	security-manager	security-manager-2.4.0-0	libsecurity-manager-client-devel	libsecurity-manager-client-devel-2.4.0-0.armv7l	086ce68bb78670953fb582b56fe05c5fcfab619c78cb61bbcdb4814e6c3ad479	NO_PRODUCTION_TIER1:libsecurity-manager-client-devel	NONE
WAVE1_ACTIVE_23	armv7l	armv7l	security-manager	security-manager-2.4.0-0	security-license-manager	security-license-manager-2.4.0-0.armv7l	462c2924a9a922f2619947be91d0ecdfa1ee825c152acbf759d0897025ca4b83	tier1_production_1396	NONE
WAVE1_ACTIVE_23	armv7l	armv7l	security-manager	security-manager-2.4.0-0	security-manager	security-manager-2.4.0-0.armv7l	d90f41fd934f6d5391d994c008e3df7a65932ea4d7d358100a5ef40deb014a7e	tier1_production_0008	NONE
WAVE1_ACTIVE_23	armv7l	armv7l	security-manager	security-manager-2.4.0-0	security-manager-policy	security-manager-policy-2.4.0-0.armv7l	6b7ee7fabf2e62cf16a1d6070f01df823d45db0932384ec003ec74b9b289a4a3	NO_PRODUCTION_TIER1:security-manager-policy	NONE
WAVE1_ACTIVE_23	armv7l	armv7l	security-manager	security-manager-2.4.0-0	security-manager-policy-iptables	security-manager-policy-iptables-2.4.0-0.armv7l	8c54083fbd143322d9526844bd46d63f15dba03ffd65fede8da06a966bd254bb	NO_PRODUCTION_TIER1:security-manager-policy-iptables	NONE
WAVE1_ACTIVE_23	armv7l	armv7l	security-manager	security-manager-2.4.0-0	security-manager-tests	security-manager-tests-2.4.0-0.armv7l	18ba57b5d5b723be252e771d2b34687dd74527f6d23d923276f20888a0d23419	NO_PRODUCTION_TIER1:security-manager-tests	NONE
WAVE1_ACTIVE_23	aarch64	aarch64	askuser-notification	askuser-notification-0.8.4-1	askuser-notification	askuser-notification-0.8.4-1.aarch64	6e5ba355188d89be41d37438c21cacc7289a5fea7913791e1aa1bdd59c9d2fc0	tier1_production_0011	NONE
WAVE1_ACTIVE_23	aarch64	aarch64	askuser-notification	askuser-notification-0.8.4-1	askuser-notification-devel	askuser-notification-devel-0.8.4-1.aarch64	fa8d5825c04ff4531ad805d1cb8a13069f73d9b1c9e00575587c455c9f7a6924	NO_PRODUCTION_TIER1:askuser-notification-devel	NONE
WAVE1_ACTIVE_23	aarch64	aarch64	askuser-notification	askuser-notification-0.8.4-1	askuser-notification-test	askuser-notification-test-0.8.4-1.aarch64	01366998cb90333ac219e444e6c5b5b9a5662a75a687ac13b1b900bf93276893	NO_PRODUCTION_TIER1:askuser-notification-test	NONE
WAVE1_ACTIVE_23	aarch64	aarch64	askuser-notification	askuser-notification-0.8.4-1	askuser-notification-unit-tests	askuser-notification-unit-tests-0.8.4-1.aarch64	428bebc8374c3696a13834392b76d9093c95795f68020d6e66bb658d4d8a600b	NO_PRODUCTION_TIER1:askuser-notification-unit-tests	NONE
WAVE1_ACTIVE_23	aarch64	aarch64	askuser-notification	askuser-notification-0.8.4-1	capi-privacy-privilege-manager	capi-privacy-privilege-manager-0.8.4-1.aarch64	bea48ee153252488c6d10beddc8736f1b453edadae7cb3fd2c96d545ec07c111	tier1_production_0011	NONE
WAVE1_ACTIVE_23	aarch64	aarch64	askuser-notification	askuser-notification-0.8.4-1	libaskuser-notification-common	libaskuser-notification-common-0.8.4-1.aarch64	96d9d8de6d5343c5021da654677a10f4a3bbb7dd00a167b152a2507eead210d2	tier1_production_0011	NONE
WAVE1_ACTIVE_23	aarch64	aarch64	boost	boost-1.83.0-5.1	boost	boost-1.83.0-5.1.aarch64	645d654885e1d20c820fbdc3c500851964fe7b4975d816dce129ba2d4c7b8f7f	NO_PRODUCTION_TIER1:boost	NONE
WAVE1_ACTIVE_23	aarch64	aarch64	boost	boost-1.83.0-5.1	boost-atomic	boost-atomic-1.83.0-5.1.aarch64	c6eee063021b7ec1c57d70d13031ecd083dbb13aeeb0c7207346bc81e4b81994	tier1_production_0126	NONE
WAVE1_ACTIVE_23	aarch64	aarch64	boost	boost-1.83.0-5.1	boost-chrono	boost-chrono-1.83.0-5.1.aarch64	84cd021f763fa545c57e62cb3c0e4fb93121dde3a44cc690f76d7ba59f3dd099	tier1_production_0127	NONE
WAVE1_ACTIVE_23	aarch64	aarch64	boost	boost-1.83.0-5.1	boost-container	boost-container-1.83.0-5.1.aarch64	9b77be2b8b88cdd5de8ac088c6686ba15ebdc92928ada5289e8952bad2e3779e	tier1_production_0128	NONE
WAVE1_ACTIVE_23	aarch64	aarch64	boost	boost-1.83.0-5.1	boost-contract	boost-contract-1.83.0-5.1.aarch64	3fd70516ad284d2f0306acca769e16481bf4522f64f121a7e6a2ff982acf4ac3	tier1_production_0129	NONE
WAVE1_ACTIVE_23	aarch64	aarch64	boost	boost-1.83.0-5.1	boost-date-time	boost-date-time-1.83.0-5.1.aarch64	f5aafc2f5d5e116c6894d3bf6dbaff91d2852da50689dd9ceef43bd7708bec4a	tier1_production_0130	NONE
WAVE1_ACTIVE_23	aarch64	aarch64	boost	boost-1.83.0-5.1	boost-devel	boost-devel-1.83.0-5.1.aarch64	6c6a3894cafd8489e7c2d5489e8fc6b3354a32ad66bcafc3cf493232174194ef	NO_PRODUCTION_TIER1:boost-devel	NONE
WAVE1_ACTIVE_23	aarch64	noarch	boost	boost-1.83.0-5.1	boost-doc-html	boost-doc-html-1.83.0-5.1.noarch	434a09ae5959c89d3fcf9014c02748786e10268148db0be72e58ddfc7b61fe6a	SHARED_NOARCH_NO_CPP:boost-doc-html	NONE
WAVE1_ACTIVE_23	aarch64	aarch64	boost	boost-1.83.0-5.1	boost-filesystem	boost-filesystem-1.83.0-5.1.aarch64	92f845c6d6f6b9779313c89e37d9c18e3659aca8adcaa8919d607d92f9e73217	tier1_production_0013	NONE
WAVE1_ACTIVE_23	aarch64	aarch64	boost	boost-1.83.0-5.1	boost-graph	boost-graph-1.83.0-5.1.aarch64	7aa049a5556f0ea070459c797d30aeafc485adebc8228c7013961b17e93bd628	tier1_production_0131	NONE
WAVE1_ACTIVE_23	aarch64	aarch64	boost	boost-1.83.0-5.1	boost-iostreams	boost-iostreams-1.83.0-5.1.aarch64	c011ab5417ab14b764022ca3b6710bc9b4712209c5c7268a8c9d1ad981eaa8ea	tier1_production_0132	NONE
WAVE1_ACTIVE_23	aarch64	aarch64	boost	boost-1.83.0-5.1	boost-json	boost-json-1.83.0-5.1.aarch64	9ecada6736f368299555608c28b9ab87ad46bccb6ef8f76227b68f46f82a9e5c	tier1_production_0134	NONE
WAVE1_ACTIVE_23	aarch64	noarch	boost	boost-1.83.0-5.1	boost-license	boost-license-1.83.0-5.1.noarch	39484d87349fe00b7dbc9382518cb258b694d3126d0c64358da3e3abf3871cf0	STDLIB_NEUTRAL:boost-license	NONE
WAVE1_ACTIVE_23	aarch64	aarch64	boost	boost-1.83.0-5.1	boost-locale	boost-locale-1.83.0-5.1.aarch64	5e3e6916df31565cc045a7f6d13c69c7aa1065fcac18fd8a1deee817bc80f204	tier1_production_0135	NONE
WAVE1_ACTIVE_23	aarch64	aarch64	boost	boost-1.83.0-5.1	boost-log	boost-log-1.83.0-5.1.aarch64	f1eb464394000d91d4d65b2bf0b3eed448adc0f050780710b5bd3c015d00d888	tier1_production_0013	NONE
WAVE1_ACTIVE_23	aarch64	aarch64	boost	boost-1.83.0-5.1	boost-math	boost-math-1.83.0-5.1.aarch64	7058dcfd7cb15cbf43d4fe4f96de03e13cbbe3c652cf6f94288cd39cfc5fafe1	tier1_production_0136	NONE
WAVE1_ACTIVE_23	aarch64	aarch64	boost	boost-1.83.0-5.1	boost-nowide	boost-nowide-1.83.0-5.1.aarch64	bdaae58549fcca26aaafa4f53c29fb18672bef375a22ac346e207361babc3911	tier1_production_0137	NONE
WAVE1_ACTIVE_23	aarch64	aarch64	boost	boost-1.83.0-5.1	boost-program-options	boost-program-options-1.83.0-5.1.aarch64	69a686414e093ca83f47f04a554fc86bf7e479338c1c7c63e69076d76f55f21d	tier1_production_0008	NONE
WAVE1_ACTIVE_23	aarch64	aarch64	boost	boost-1.83.0-5.1	boost-python3	boost-python3-1.83.0-5.1.aarch64	9da89bf9dbe655862edd50b3060cd9107c5e318d8dd3924bf8ac9e623f35a7a8	tier1_production_0138	NONE
WAVE1_ACTIVE_23	aarch64	aarch64	boost	boost-1.83.0-5.1	boost-random	boost-random-1.83.0-5.1.aarch64	be264a5c1e3703e30997dda3f70e40835c34b8d0ecf1c743ca420822b3238aa6	tier1_production_0139	NONE
WAVE1_ACTIVE_23	aarch64	aarch64	boost	boost-1.83.0-5.1	boost-regex	boost-regex-1.83.0-5.1.aarch64	ae614bef3f210a99216e90ea10f23a96e8e0d15bbc01fb94498bbb3b8701e73b	tier1_production_0140	NONE
WAVE1_ACTIVE_23	aarch64	aarch64	boost	boost-1.83.0-5.1	boost-serialization	boost-serialization-1.83.0-5.1.aarch64	43d71e767c764d9fcc18aa9e432eec44daf3c56160e0bbbbc3f0b67d4b9faeaf	tier1_production_0141	NONE
WAVE1_ACTIVE_23	aarch64	aarch64	boost	boost-1.83.0-5.1	boost-system	boost-system-1.83.0-5.1.aarch64	d6812960d0689a72b1d12fc44141d02e984981fd12d05c5efd1cd124d6274b34	tier1_production_0142	NONE
WAVE1_ACTIVE_23	aarch64	aarch64	boost	boost-1.83.0-5.1	boost-test	boost-test-1.83.0-5.1.aarch64	f2ef76c5f7c542e2fae7a389b46bf473cb0bb7d4749ac26cccc369a5c1648ec9	NO_PRODUCTION_TIER1:boost-test	NONE
WAVE1_ACTIVE_23	aarch64	aarch64	boost	boost-1.83.0-5.1	boost-thread	boost-thread-1.83.0-5.1.aarch64	102d46dcf6f8f7a249d0d94379d7a5a2fe456aff63c4fc05ba0a4fa35fbe7f6c	tier1_production_0013	NONE
WAVE1_ACTIVE_23	aarch64	aarch64	boost	boost-1.83.0-5.1	boost-timer	boost-timer-1.83.0-5.1.aarch64	6de815f77b3df0a8b06bf3a8ea5046f5435e03edeb067263261206e5b0259853	tier1_production_0143	NONE
WAVE1_ACTIVE_23	aarch64	aarch64	boost	boost-1.83.0-5.1	boost-url	boost-url-1.83.0-5.1.aarch64	e0033a6243d9ce593d4c729cd9cc87846b0ef68ee74bcb074d6bbd971c1a3891	tier1_production_0144	NONE
WAVE1_ACTIVE_23	aarch64	aarch64	boost	boost-1.83.0-5.1	boost-wave	boost-wave-1.83.0-5.1.aarch64	3532e5dd85fadb76fbf93a235e2f3e58d6f6cd1e2c78a9b4da2232084d2a0613	tier1_production_0145	NONE
WAVE1_ACTIVE_23	aarch64	aarch64	boost	boost-1.83.0-5.1	boost_stacktrace	boost_stacktrace-1.83.0-5.1.aarch64	3f14a89eb6d0c5abee1fbd69adfa241a55b7cd6f6424c1b980c303b4d740777e	tier1_production_0146	NONE
WAVE1_ACTIVE_23	aarch64	aarch64	boost	boost-1.83.0-5.1	boost_type_erasure	boost_type_erasure-1.83.0-5.1.aarch64	4f586606d41bb98c5fdc8ffbd759a1a39f7488bfa7029d0616d4377f4397d163	tier1_production_0147	NONE
WAVE1_ACTIVE_23	aarch64	aarch64	capi-appfw-capmgr	capi-appfw-capmgr-0.0.4-1	capi-appfw-capmgr	capi-appfw-capmgr-0.0.4-1.aarch64	72a4a33d93b96ff1f76f075d31163688706465f36dd174b8b7fddebc7479beb6	tier1_production_0008	NONE
WAVE1_ACTIVE_23	aarch64	aarch64	capi-appfw-capmgr	capi-appfw-capmgr-0.0.4-1	capi-appfw-capmgr-devel	capi-appfw-capmgr-devel-0.0.4-1.aarch64	7e9c168bbfa05ec26b993a0e3b206524de80f557928f32c648b991f16dd3b9e6	NO_PRODUCTION_TIER1:capi-appfw-capmgr-devel	NONE
WAVE1_ACTIVE_23	aarch64	aarch64	capi-appfw-capmgr	capi-appfw-capmgr-0.0.4-1	capi-appfw-capmgr-tests	capi-appfw-capmgr-tests-0.0.4-1.aarch64	580078c60051dde6f6f07b053710bddc11f06d991bbf1d0022c4299b8ea0bcfe	NO_PRODUCTION_TIER1:capi-appfw-capmgr-tests	NONE
WAVE1_ACTIVE_23	aarch64	aarch64	cynara	cynara-0.26.0-1	cynara	cynara-0.26.0-1.aarch64	d1bd37fe5c1c8be51e6a8bab4da3ed04a3cc44a58b2d3eb559705aea68bc638a	tier1_production_0005	NONE
WAVE1_ACTIVE_23	aarch64	aarch64	cynara	cynara-0.26.0-1	cynara-tests	cynara-tests-0.26.0-1.aarch64	b69f3720816d1de8f79332427ce74e5eacb289a0fdee8c307522dfa5f91300d2	NO_PRODUCTION_TIER1:cynara-tests	NONE
WAVE1_ACTIVE_23	aarch64	aarch64	libcynara-commons	libcynara-commons-0.26.0-1	cyad	cyad-0.26.0-1.aarch64	3992becc35f02a5a3bcf60e699ba4c9b5819c8b83c02ee67c42ec8f48042ff44	tier1_production_0005	NONE
WAVE1_ACTIVE_23	aarch64	aarch64	libcynara-commons	libcynara-commons-0.26.0-1	cynara-commons-tests	cynara-commons-tests-0.26.0-1.aarch64	dee08eea0a24f4ca8fd0855aa39a5de0d9371fef03af22360223977c104b3200	NO_PRODUCTION_TIER1:cynara-commons-tests	NONE
WAVE1_ACTIVE_23	aarch64	aarch64	libcynara-commons	libcynara-commons-0.26.0-1	cynara-db-migration	cynara-db-migration-0.26.0-1.aarch64	daac9799f9fa68880105bdcb516be8d18460a21089438788b86fdfda145ddb41	tier1_production_0326	NONE
WAVE1_ACTIVE_23	aarch64	aarch64	libcynara-commons	libcynara-commons-0.26.0-1	cynara-devel	cynara-devel-0.26.0-1.aarch64	57333896804dd1e9ea401d6a887b3f5d48cac26b89f5cb2e5609a646a50d7426	NO_PRODUCTION_TIER1:cynara-devel	NONE
WAVE1_ACTIVE_23	aarch64	aarch64	libcynara-commons	libcynara-commons-0.26.0-1	libcynara-admin	libcynara-admin-0.26.0-1.aarch64	5d25e2df717f137ff37525c54d980ad0a83a874dabb1fa18df09ab3a1ba0701e	tier1_production_0005	NONE
WAVE1_ACTIVE_23	aarch64	aarch64	libcynara-commons	libcynara-commons-0.26.0-1	libcynara-agent	libcynara-agent-0.26.0-1.aarch64	99d9ef246616c55f604753827b492a3a20f651866a53f74696b40d2192dc0915	tier1_production_0005	NONE
WAVE1_ACTIVE_23	aarch64	aarch64	libcynara-commons	libcynara-commons-0.26.0-1	libcynara-client	libcynara-client-0.26.0-1.aarch64	b49cb563b9d827079270053159239c6e9c9d9ed24e7bc73119daca0d7119894c	tier1_production_0005	NONE
WAVE1_ACTIVE_23	aarch64	aarch64	libcynara-commons	libcynara-commons-0.26.0-1	libcynara-commons	libcynara-commons-0.26.0-1.aarch64	faeb171cd2d8ad01358d8b717a2b3331c1d4e1bb8058c0ca21275b69e428c777	tier1_production_0005	NONE
WAVE1_ACTIVE_23	aarch64	aarch64	libcynara-commons	libcynara-commons-0.26.0-1	libcynara-creds-commons	libcynara-creds-commons-0.26.0-1.aarch64	62af0976fa94c956b0ef36b261fe57848ccbb521877890ef5cf245072d6dd235	tier1_production_0007	NONE
WAVE1_ACTIVE_23	aarch64	aarch64	libcynara-commons	libcynara-commons-0.26.0-1	libcynara-creds-pid	libcynara-creds-pid-0.26.0-1.aarch64	383e96191b122f2f0909a250f76e6fb1aa660e01f5455e68ccf3c0d5d113516a	tier1_production_0007	NONE
WAVE1_ACTIVE_23	aarch64	aarch64	libcynara-commons	libcynara-commons-0.26.0-1	libcynara-creds-self	libcynara-creds-self-0.26.0-1.aarch64	c7c0c4178dec208b85d4f179462da2bc9e133a5338ec17d26f04bd49591d5b61	tier1_production_0007	NONE
WAVE1_ACTIVE_23	aarch64	aarch64	libcynara-commons	libcynara-commons-0.26.0-1	libcynara-creds-socket	libcynara-creds-socket-0.26.0-1.aarch64	b7413a7470666afdf9173950be34dba3633f1036dbf948d53cd08dc257bad049	tier1_production_0007	NONE
WAVE1_ACTIVE_23	aarch64	aarch64	libcynara-commons	libcynara-commons-0.26.0-1	libcynara-monitor	libcynara-monitor-0.26.0-1.aarch64	28d8d3a6d3898b5f1bfc5d2ac026b36c3f6256bef7678d9a231fbd1ed379e8d3	tier1_production_0005	NONE
WAVE1_ACTIVE_23	aarch64	aarch64	libcynara-commons	libcynara-commons-0.26.0-1	libcynara-session	libcynara-session-0.26.0-1.aarch64	85bf5c3a8e6b8b4b5fc44e618ff3b8f3da76d9cdef3d9295094d33d7bbb2c5b0	tier1_production_0665	NONE
WAVE1_ACTIVE_23	aarch64	aarch64	libcynara-commons	libcynara-commons-0.26.0-1	libcynara-uid	libcynara-uid-0.26.0-1.aarch64	023d5ae222ba1c8818308d83b290e7e83e55bbf1e86797735397b9c61504054d	tier1_production_0666	NONE
WAVE1_ACTIVE_23	aarch64	aarch64	libcynara-commons	libcynara-commons-0.26.0-1	libcynara-uid-creds	libcynara-uid-creds-0.26.0-1.aarch64	f8a20235f2977aeec8d0b1385bec80e3accf6649c0bb073205ccff0168f606f1	tier1_production_0007	NONE
WAVE1_ACTIVE_23	aarch64	aarch64	libcynara-creds-dbus	libcynara-creds-dbus-0.26.0-1	libcynara-creds-dbus	libcynara-creds-dbus-0.26.0-1.aarch64	6f98fc54f699cb17e0faef26bcc2c592064154b64053caadfcbcbdbab99a3c6f	tier1_production_0662	NONE
WAVE1_ACTIVE_23	aarch64	aarch64	libcynara-creds-dbus	libcynara-creds-dbus-0.26.0-1	libcynara-creds-dbus-devel	libcynara-creds-dbus-devel-0.26.0-1.aarch64	7ca9213f2bfa8fea2ecc4073c127a9816803a56308c7373f4e50ef5f2ed3e5a6	NO_PRODUCTION_TIER1:libcynara-creds-dbus-devel	NONE
WAVE1_ACTIVE_23	aarch64	aarch64	libcynara-creds-dbus	libcynara-creds-dbus-0.26.0-1	libcynara-creds-gdbus	libcynara-creds-gdbus-0.26.0-1.aarch64	4349186d8912b2c597c3ca4945077331044c38d4e44a3a49b8bc75d17c60e027	tier1_production_0663	NONE
WAVE1_ACTIVE_23	aarch64	aarch64	libcynara-creds-dbus	libcynara-creds-dbus-0.26.0-1	libcynara-creds-gdbus-devel	libcynara-creds-gdbus-devel-0.26.0-1.aarch64	109177e6b72e964a88f97c9f039b9ed6b535f0486372da7b8b3b534c233051a8	NO_PRODUCTION_TIER1:libcynara-creds-gdbus-devel	NONE
WAVE1_ACTIVE_23	aarch64	aarch64	libcynara-creds-dbus	libcynara-creds-dbus-0.26.0-1	libcynara-creds-sd-bus	libcynara-creds-sd-bus-0.26.0-1.aarch64	4dd585da3a426b17157349de2ac926aa96f0b541b3bba5cb7c03229208d18a6b	tier1_production_0664	NONE
WAVE1_ACTIVE_23	aarch64	aarch64	libcynara-creds-dbus	libcynara-creds-dbus-0.26.0-1	libcynara-creds-sd-bus-devel	libcynara-creds-sd-bus-devel-0.26.0-1.aarch64	96cf3ca7d472577a931c5a96df0357e0ce44041e99b456c1f58e668bdb7d5ad5	NO_PRODUCTION_TIER1:libcynara-creds-sd-bus-devel	NONE
WAVE1_ACTIVE_23	aarch64	aarch64	security-manager	security-manager-2.4.0-0	libnss-security-manager	libnss-security-manager-2.4.0-0.aarch64	75e1d03fe7793d69e1baa395f458e83911a7fcd3b3e3948ee5f19741e2084049	tier1_production_0863	NONE
WAVE1_ACTIVE_23	aarch64	aarch64	security-manager	security-manager-2.4.0-0	libsecurity-manager-client	libsecurity-manager-client-2.4.0-0.aarch64	f9788aef018176bc37889c1377cbe1470e430d08f0015998f0f1a4ab59e29e80	tier1_production_0008	NONE
WAVE1_ACTIVE_23	aarch64	aarch64	security-manager	security-manager-2.4.0-0	libsecurity-manager-client-devel	libsecurity-manager-client-devel-2.4.0-0.aarch64	53a3e7f2e546a19349e3b3bad3d139292b133ac1e75ed5602af5ee2f6ba30629	NO_PRODUCTION_TIER1:libsecurity-manager-client-devel	NONE
WAVE1_ACTIVE_23	aarch64	aarch64	security-manager	security-manager-2.4.0-0	security-license-manager	security-license-manager-2.4.0-0.aarch64	7ed639129ae765b83dbd9b5b622275d7c2f7ede73a650ad4af92a63dc007b64c	tier1_production_1398	NONE
WAVE1_ACTIVE_23	aarch64	aarch64	security-manager	security-manager-2.4.0-0	security-manager	security-manager-2.4.0-0.aarch64	b3559191dac2566dccbeaf60b0c1b9afa817932b15774306363e62b913a347e7	tier1_production_0008	NONE
WAVE1_ACTIVE_23	aarch64	aarch64	security-manager	security-manager-2.4.0-0	security-manager-policy	security-manager-policy-2.4.0-0.aarch64	6fc0658f9e78791d8e15e9199ae55e14d825f7ec89d83ff79b4bbf3e8165ff1c	NO_PRODUCTION_TIER1:security-manager-policy	NONE
WAVE1_ACTIVE_23	aarch64	aarch64	security-manager	security-manager-2.4.0-0	security-manager-policy-iptables	security-manager-policy-iptables-2.4.0-0.aarch64	129825e1af3e6dab1d5c388872d52fd91702a5da51781862660d17319b77e2ca	NO_PRODUCTION_TIER1:security-manager-policy-iptables	NONE
WAVE1_ACTIVE_23	aarch64	aarch64	security-manager	security-manager-2.4.0-0	security-manager-tests	security-manager-tests-2.4.0-0.aarch64	789a9e8b6901d7ea241b57f86577856a644b647e27abd0ef490646d1b515dd50	NO_PRODUCTION_TIER1:security-manager-tests	NONE
WAVE1_ACTIVE_23	x86_64	x86_64	askuser-notification	askuser-notification-0.8.4-1	askuser-notification	askuser-notification-0.8.4-1.x86_64	bf2eb8094365e9d38b8c232c0358a5e97b758278905eafe20515d14942712225	tier1_production_0011	NONE
WAVE1_ACTIVE_23	x86_64	x86_64	askuser-notification	askuser-notification-0.8.4-1	askuser-notification-devel	askuser-notification-devel-0.8.4-1.x86_64	2ee1ca3cffa86fdc740ce7f7b1d4f117e95ebdc6bacbb8ff74716d6ab7edd986	NO_PRODUCTION_TIER1:askuser-notification-devel	NONE
WAVE1_ACTIVE_23	x86_64	x86_64	askuser-notification	askuser-notification-0.8.4-1	askuser-notification-test	askuser-notification-test-0.8.4-1.x86_64	08454db1d199d2475e5a15113ab6680860f0d2c7d18ad34aeff4caf37792a274	NO_PRODUCTION_TIER1:askuser-notification-test	NONE
WAVE1_ACTIVE_23	x86_64	x86_64	askuser-notification	askuser-notification-0.8.4-1	askuser-notification-unit-tests	askuser-notification-unit-tests-0.8.4-1.x86_64	da94d8afd8932d25998ab0c430edfc6257cbb3222f72b36934308423f748558f	NO_PRODUCTION_TIER1:askuser-notification-unit-tests	NONE
WAVE1_ACTIVE_23	x86_64	x86_64	askuser-notification	askuser-notification-0.8.4-1	capi-privacy-privilege-manager	capi-privacy-privilege-manager-0.8.4-1.x86_64	cfbd509a71ec172a53358079c1255dd88bcbb1dbac3a1f228845b77f1be902bf	tier1_production_0011	NONE
WAVE1_ACTIVE_23	x86_64	x86_64	askuser-notification	askuser-notification-0.8.4-1	libaskuser-notification-common	libaskuser-notification-common-0.8.4-1.x86_64	366a650cc54a71a2c08ba0bd93131a303e09f36146a03fab9f63bc9064f1ef91	tier1_production_0011	NONE
WAVE1_ACTIVE_23	x86_64	x86_64	boost	boost-1.83.0-5.1	boost	boost-1.83.0-5.1.x86_64	47775ead3f513c0772839e12827b73e627473636dadf61c399d0ef1918b772b3	NO_PRODUCTION_TIER1:boost	NONE
WAVE1_ACTIVE_23	x86_64	x86_64	boost	boost-1.83.0-5.1	boost-atomic	boost-atomic-1.83.0-5.1.x86_64	43b087829d88a03f9307006001a3640c5fcfaf6a83e78c915fd85b8c84f7413d	tier1_production_0126	NONE
WAVE1_ACTIVE_23	x86_64	x86_64	boost	boost-1.83.0-5.1	boost-chrono	boost-chrono-1.83.0-5.1.x86_64	a29dd6d5b4a73110132031934b6989955af42b57dd40f32246e1463602379fe0	tier1_production_0127	NONE
WAVE1_ACTIVE_23	x86_64	x86_64	boost	boost-1.83.0-5.1	boost-container	boost-container-1.83.0-5.1.x86_64	3810d23a461e6e7159672d0b0ab22ae05f3d94ca281860d274a881a41a71e506	tier1_production_0128	NONE
WAVE1_ACTIVE_23	x86_64	x86_64	boost	boost-1.83.0-5.1	boost-context	boost-context-1.83.0-5.1.x86_64	187a6d1272e9f24322317765c1a286d2e39cedf9e27521079bfe446a3cd9eb8e	tier1_production_0129	NONE
WAVE1_ACTIVE_23	x86_64	x86_64	boost	boost-1.83.0-5.1	boost-contract	boost-contract-1.83.0-5.1.x86_64	5735495bf7b5e1ef7548f74cb814451f81578b641451761831c2f794408353d3	tier1_production_0130	NONE
WAVE1_ACTIVE_23	x86_64	x86_64	boost	boost-1.83.0-5.1	boost-coroutine	boost-coroutine-1.83.0-5.1.x86_64	8bb379ecb87e4837866431356f6e77d3f708c23964001669c1cba97830b2940e	tier1_production_0131	NONE
WAVE1_ACTIVE_23	x86_64	x86_64	boost	boost-1.83.0-5.1	boost-date-time	boost-date-time-1.83.0-5.1.x86_64	cf2ee25aa03a588f37780bd98abb2daf2c0730d40ae5cb65adf1d2dcc84d7f13	tier1_production_0132	NONE
WAVE1_ACTIVE_23	x86_64	x86_64	boost	boost-1.83.0-5.1	boost-devel	boost-devel-1.83.0-5.1.x86_64	0528360e5074fab7ee46b7076675b0b0d6d7e33a8258f63d46d9d79cdb8830c5	NO_PRODUCTION_TIER1:boost-devel	NONE
WAVE1_ACTIVE_23	x86_64	noarch	boost	boost-1.83.0-5.1	boost-doc-html	boost-doc-html-1.83.0-5.1.noarch	434a09ae5959c89d3fcf9014c02748786e10268148db0be72e58ddfc7b61fe6a	SHARED_NOARCH_NO_CPP:boost-doc-html	NONE
WAVE1_ACTIVE_23	x86_64	x86_64	boost	boost-1.83.0-5.1	boost-fiber	boost-fiber-1.83.0-5.1.x86_64	1dafc158ee82ba9e9140c57fee75f5b4b491f5c671e38e9b339b2c4176e9fab4	tier1_production_0133	NONE
WAVE1_ACTIVE_23	x86_64	x86_64	boost	boost-1.83.0-5.1	boost-filesystem	boost-filesystem-1.83.0-5.1.x86_64	31f8a9565cacc4f3fd319c3c9477145a0a9c4cea079b9a1a0d830945d359c2e5	tier1_production_0013	NONE
WAVE1_ACTIVE_23	x86_64	x86_64	boost	boost-1.83.0-5.1	boost-graph	boost-graph-1.83.0-5.1.x86_64	70e8d7b06b189a654e8e12295e82af08ba17c580394cf2d405d500f3b1df35a9	tier1_production_0134	NONE
WAVE1_ACTIVE_23	x86_64	x86_64	boost	boost-1.83.0-5.1	boost-iostreams	boost-iostreams-1.83.0-5.1.x86_64	a4a4ed7f8aac72eb7456fb39ff2fbaf443db34270df3e7f2156cc768e22f9c8f	tier1_production_0135	NONE
WAVE1_ACTIVE_23	x86_64	x86_64	boost	boost-1.83.0-5.1	boost-json	boost-json-1.83.0-5.1.x86_64	004cae718ec6bfa0bc063b57078494ac35e5ea9c09aa78e36dfe68dabc297492	tier1_production_0137	NONE
WAVE1_ACTIVE_23	x86_64	noarch	boost	boost-1.83.0-5.1	boost-license	boost-license-1.83.0-5.1.noarch	39484d87349fe00b7dbc9382518cb258b694d3126d0c64358da3e3abf3871cf0	STDLIB_NEUTRAL:boost-license	NONE
WAVE1_ACTIVE_23	x86_64	x86_64	boost	boost-1.83.0-5.1	boost-locale	boost-locale-1.83.0-5.1.x86_64	16d02913068959f3747da9b7289e0941daff48301e6044c30039ce3775be57b2	tier1_production_0138	NONE
WAVE1_ACTIVE_23	x86_64	x86_64	boost	boost-1.83.0-5.1	boost-log	boost-log-1.83.0-5.1.x86_64	77534e5be7bc43d45347d6d58402a4d2ad43d47fb371c6137ba3d696a0b9c097	tier1_production_0013	NONE
WAVE1_ACTIVE_23	x86_64	x86_64	boost	boost-1.83.0-5.1	boost-math	boost-math-1.83.0-5.1.x86_64	ab5f14c1df94b1ed8e513b289b47202be65677c0916d11ff3e9e5cbaa9ef6f2c	tier1_production_0139	NONE
WAVE1_ACTIVE_23	x86_64	x86_64	boost	boost-1.83.0-5.1	boost-nowide	boost-nowide-1.83.0-5.1.x86_64	4190527fd02055a873adbbf076c691cda121741220e8b7fc298e9921660e26b2	tier1_production_0140	NONE
WAVE1_ACTIVE_23	x86_64	x86_64	boost	boost-1.83.0-5.1	boost-program-options	boost-program-options-1.83.0-5.1.x86_64	d96f628f363b37d05660f20b7ee00bc5c30cc087ce2e4dcebc3b80a907c0c609	tier1_production_0008	NONE
WAVE1_ACTIVE_23	x86_64	x86_64	boost	boost-1.83.0-5.1	boost-python3	boost-python3-1.83.0-5.1.x86_64	dc1ff226d0c9da23b6e2f30c773497dc808174bb4756cdb1169c339e5918ff67	tier1_production_0141	NONE
WAVE1_ACTIVE_23	x86_64	x86_64	boost	boost-1.83.0-5.1	boost-random	boost-random-1.83.0-5.1.x86_64	0267a9d1641b1bb38e40541ddb3fe5c15ff5fd1e0250bc8f4bde265800ed10b3	tier1_production_0142	NONE
WAVE1_ACTIVE_23	x86_64	x86_64	boost	boost-1.83.0-5.1	boost-regex	boost-regex-1.83.0-5.1.x86_64	3cab9d4e0f6b845afc98ddafbc62eb3674f6983fd666bf9c81ad23b79f04a8a1	tier1_production_0143	NONE
WAVE1_ACTIVE_23	x86_64	x86_64	boost	boost-1.83.0-5.1	boost-serialization	boost-serialization-1.83.0-5.1.x86_64	076be566ec1c8799cc428c439cf4f59e080df2df93ecca9cb4c168c37c22afb7	tier1_production_0144	NONE
WAVE1_ACTIVE_23	x86_64	x86_64	boost	boost-1.83.0-5.1	boost-system	boost-system-1.83.0-5.1.x86_64	df0feec97746b753c8ba9dfefabfc2673875757457d108d229abf9233894767c	tier1_production_0145	NONE
WAVE1_ACTIVE_23	x86_64	x86_64	boost	boost-1.83.0-5.1	boost-test	boost-test-1.83.0-5.1.x86_64	a14b8ef68935095cef1bc64308c8bbedf5b37927a442d7c4035bb3e819458ea0	NO_PRODUCTION_TIER1:boost-test	NONE
WAVE1_ACTIVE_23	x86_64	x86_64	boost	boost-1.83.0-5.1	boost-thread	boost-thread-1.83.0-5.1.x86_64	4ec30193cd687d94f9c9833b0b3064dd095e5720cc24dc67a3556e1a30b86780	tier1_production_0013	NONE
WAVE1_ACTIVE_23	x86_64	x86_64	boost	boost-1.83.0-5.1	boost-timer	boost-timer-1.83.0-5.1.x86_64	e41ee2ed6e127dc7142401da6a1602e3ed326914144698ceb0f3206f6470f125	tier1_production_0146	NONE
WAVE1_ACTIVE_23	x86_64	x86_64	boost	boost-1.83.0-5.1	boost-url	boost-url-1.83.0-5.1.x86_64	39b6ea41f8265a896de7c87bfd34815f4a8ab6810cdf12b0c324f72a7719b35c	tier1_production_0147	NONE
WAVE1_ACTIVE_23	x86_64	x86_64	boost	boost-1.83.0-5.1	boost-wave	boost-wave-1.83.0-5.1.x86_64	533a2d8ac1172537c7b4c82a32d362dcea1254e3180a05166afcc21fa2191245	tier1_production_0148	NONE
WAVE1_ACTIVE_23	x86_64	x86_64	boost	boost-1.83.0-5.1	boost_stacktrace	boost_stacktrace-1.83.0-5.1.x86_64	5f583f8738416726eb3407704fc05be4e8138ffce9d9d33f825bd65947cb742b	tier1_production_0149	NONE
WAVE1_ACTIVE_23	x86_64	x86_64	boost	boost-1.83.0-5.1	boost_type_erasure	boost_type_erasure-1.83.0-5.1.x86_64	307cf4b01e92182b8a959d5830f129073bbc6ab1f3e657cf8cdca7c46a555535	tier1_production_0150	NONE
WAVE1_ACTIVE_23	x86_64	x86_64	capi-appfw-capmgr	capi-appfw-capmgr-0.0.4-1	capi-appfw-capmgr	capi-appfw-capmgr-0.0.4-1.x86_64	6f382e4ffcecb9f865954fe40eb52c2ed3b3c52ce74cc1b98b3ebce38259f78e	tier1_production_0008	NONE
WAVE1_ACTIVE_23	x86_64	x86_64	capi-appfw-capmgr	capi-appfw-capmgr-0.0.4-1	capi-appfw-capmgr-devel	capi-appfw-capmgr-devel-0.0.4-1.x86_64	b05b9688eab522b13cb95de2c2a739cef391a39526cc733faf4d47ab8d17df3a	NO_PRODUCTION_TIER1:capi-appfw-capmgr-devel	NONE
WAVE1_ACTIVE_23	x86_64	x86_64	capi-appfw-capmgr	capi-appfw-capmgr-0.0.4-1	capi-appfw-capmgr-tests	capi-appfw-capmgr-tests-0.0.4-1.x86_64	2cf4315e97f6662c468b0a6af2eccab954cf8bbcda5cf785a8e774d34c9bf345	NO_PRODUCTION_TIER1:capi-appfw-capmgr-tests	NONE
WAVE1_ACTIVE_23	x86_64	x86_64	cynara	cynara-0.26.0-1	cynara	cynara-0.26.0-1.x86_64	905743c0c4e35784fc8fa66215f4db5ea4d444f9a8031d5d8aec34a7d3363bdf	tier1_production_0005	NONE
WAVE1_ACTIVE_23	x86_64	x86_64	cynara	cynara-0.26.0-1	cynara-tests	cynara-tests-0.26.0-1.x86_64	f542d819aeeba3cac855260323869f9762ee9f39a07eea055e6e4d90668c3ebc	NO_PRODUCTION_TIER1:cynara-tests	NONE
WAVE1_ACTIVE_23	x86_64	x86_64	libcynara-commons	libcynara-commons-0.26.0-1	cyad	cyad-0.26.0-1.x86_64	7b5d1b5a865fd8415e574e43318d567456e5ad3f301e8441cb37e67c1364d615	tier1_production_0005	NONE
WAVE1_ACTIVE_23	x86_64	x86_64	libcynara-commons	libcynara-commons-0.26.0-1	cynara-commons-tests	cynara-commons-tests-0.26.0-1.x86_64	4b1709207f3502ec585e798bd85f307cb4fae0b7dac0dbb9516e6518a7b46e14	NO_PRODUCTION_TIER1:cynara-commons-tests	NONE
WAVE1_ACTIVE_23	x86_64	x86_64	libcynara-commons	libcynara-commons-0.26.0-1	cynara-db-migration	cynara-db-migration-0.26.0-1.x86_64	5cd9cf8144ce88e927f102677e6f368d446e2bcc7b7600512dc79814f6244f1c	tier1_production_0331	NONE
WAVE1_ACTIVE_23	x86_64	x86_64	libcynara-commons	libcynara-commons-0.26.0-1	cynara-devel	cynara-devel-0.26.0-1.x86_64	8d4ac976515fe108bfba9a59ea2f1bfaaaceb3ef2304d34f6f5de6cb3f171c98	NO_PRODUCTION_TIER1:cynara-devel	NONE
WAVE1_ACTIVE_23	x86_64	x86_64	libcynara-commons	libcynara-commons-0.26.0-1	libcynara-admin	libcynara-admin-0.26.0-1.x86_64	7552b26fc4b1071205ad33798a8462e8bd664cace8cd028e719ce9ca2f6f35df	tier1_production_0005	NONE
WAVE1_ACTIVE_23	x86_64	x86_64	libcynara-commons	libcynara-commons-0.26.0-1	libcynara-agent	libcynara-agent-0.26.0-1.x86_64	26a6e3ca525d05f910c03def7279fbdcaff334f0c123bc93583ee2076db4766a	tier1_production_0005	NONE
WAVE1_ACTIVE_23	x86_64	x86_64	libcynara-commons	libcynara-commons-0.26.0-1	libcynara-client	libcynara-client-0.26.0-1.x86_64	f17ab7826fc24bd11686518da9181ebf2efeca907d3ad464bbde0e8a8e33aa85	tier1_production_0005	NONE
WAVE1_ACTIVE_23	x86_64	x86_64	libcynara-commons	libcynara-commons-0.26.0-1	libcynara-commons	libcynara-commons-0.26.0-1.x86_64	ae8ef17965284111adf61e38a60f8182f0a624d7262b8ad213c2daadbbba8562	tier1_production_0005	NONE
WAVE1_ACTIVE_23	x86_64	x86_64	libcynara-commons	libcynara-commons-0.26.0-1	libcynara-creds-commons	libcynara-creds-commons-0.26.0-1.x86_64	a85d59688eb70cb25d8051d5a5150a4aadd28b9ab3402359e8184e550f259437	tier1_production_0007	NONE
WAVE1_ACTIVE_23	x86_64	x86_64	libcynara-commons	libcynara-commons-0.26.0-1	libcynara-creds-pid	libcynara-creds-pid-0.26.0-1.x86_64	a2491aad48d801772119bd646d6403f9ba98c2776e865730754b658bb7104b96	tier1_production_0007	NONE
WAVE1_ACTIVE_23	x86_64	x86_64	libcynara-commons	libcynara-commons-0.26.0-1	libcynara-creds-self	libcynara-creds-self-0.26.0-1.x86_64	17f2550a1c93edc92a13b360451e5f859893ae3397954ca5577ee31cb195fd36	tier1_production_0007	NONE
WAVE1_ACTIVE_23	x86_64	x86_64	libcynara-commons	libcynara-commons-0.26.0-1	libcynara-creds-socket	libcynara-creds-socket-0.26.0-1.x86_64	7ebc65f5d2efb199feda3a624e1d35a35c27e16b4001ea141eebe9aa5bdf72fb	tier1_production_0007	NONE
WAVE1_ACTIVE_23	x86_64	x86_64	libcynara-commons	libcynara-commons-0.26.0-1	libcynara-monitor	libcynara-monitor-0.26.0-1.x86_64	041bc118cbb3290a5b92202d3d523b2229ebc99aec7c9e2ef56798182ddd164b	tier1_production_0005	NONE
WAVE1_ACTIVE_23	x86_64	x86_64	libcynara-commons	libcynara-commons-0.26.0-1	libcynara-session	libcynara-session-0.26.0-1.x86_64	e83a7b7d25ff4d6dbb92d22722ba44d8d2b607fa4a3e8ab5c8bd5700ae8341f0	tier1_production_0660	NONE
WAVE1_ACTIVE_23	x86_64	x86_64	libcynara-commons	libcynara-commons-0.26.0-1	libcynara-uid	libcynara-uid-0.26.0-1.x86_64	4f57b82fc8de361ba0e9676bb95b564a4e02b86357a31210bcd777cf02958a57	tier1_production_0661	NONE
WAVE1_ACTIVE_23	x86_64	x86_64	libcynara-commons	libcynara-commons-0.26.0-1	libcynara-uid-creds	libcynara-uid-creds-0.26.0-1.x86_64	f886fc944255b73f48b95306bea368d6db1a6db697e4111455d3c976f614f81d	tier1_production_0007	NONE
WAVE1_ACTIVE_23	x86_64	x86_64	libcynara-creds-dbus	libcynara-creds-dbus-0.26.0-1	libcynara-creds-dbus	libcynara-creds-dbus-0.26.0-1.x86_64	07e8926c5c5267eba860e7e3cee8536bbbf35d92e712e7ebe7f7c5adbc698c2e	tier1_production_0657	NONE
WAVE1_ACTIVE_23	x86_64	x86_64	libcynara-creds-dbus	libcynara-creds-dbus-0.26.0-1	libcynara-creds-dbus-devel	libcynara-creds-dbus-devel-0.26.0-1.x86_64	443d047013d46ba762532703d9d7b6e71b3978d04b725b2ffab5fae97e3f5b63	NO_PRODUCTION_TIER1:libcynara-creds-dbus-devel	NONE
WAVE1_ACTIVE_23	x86_64	x86_64	libcynara-creds-dbus	libcynara-creds-dbus-0.26.0-1	libcynara-creds-gdbus	libcynara-creds-gdbus-0.26.0-1.x86_64	5d0b6b52d80e55f4141076f61f0504e4483c0fb58879bdc8bbc89a082c94d0a5	tier1_production_0658	NONE
WAVE1_ACTIVE_23	x86_64	x86_64	libcynara-creds-dbus	libcynara-creds-dbus-0.26.0-1	libcynara-creds-gdbus-devel	libcynara-creds-gdbus-devel-0.26.0-1.x86_64	c0d469d07be43d440662611499cc6b8e8efc74b333f72965f74efbe5367a62d6	NO_PRODUCTION_TIER1:libcynara-creds-gdbus-devel	NONE
WAVE1_ACTIVE_23	x86_64	x86_64	libcynara-creds-dbus	libcynara-creds-dbus-0.26.0-1	libcynara-creds-sd-bus	libcynara-creds-sd-bus-0.26.0-1.x86_64	03f4f968ffcc14af2824b0d6c80e0a8d04d7c2a6d284c3650bf78b6350f9c8e5	tier1_production_0659	NONE
WAVE1_ACTIVE_23	x86_64	x86_64	libcynara-creds-dbus	libcynara-creds-dbus-0.26.0-1	libcynara-creds-sd-bus-devel	libcynara-creds-sd-bus-devel-0.26.0-1.x86_64	d3f02adefdb21a79066943f150901c885ac69026b2394768f52aa6e9c1fdcd10	NO_PRODUCTION_TIER1:libcynara-creds-sd-bus-devel	NONE
WAVE1_ACTIVE_23	x86_64	x86_64	security-manager	security-manager-2.4.0-0	libnss-security-manager	libnss-security-manager-2.4.0-0.x86_64	2663b937e69567de57810c0fe8a67e884fc7e303409824e8c82e731897ae40e0	tier1_production_0861	NONE
WAVE1_ACTIVE_23	x86_64	x86_64	security-manager	security-manager-2.4.0-0	libsecurity-manager-client	libsecurity-manager-client-2.4.0-0.x86_64	99392a92d3c2cadba825433a0579cd488a23d1699af3514b2f6cf7227f783877	tier1_production_0008	NONE
WAVE1_ACTIVE_23	x86_64	x86_64	security-manager	security-manager-2.4.0-0	libsecurity-manager-client-devel	libsecurity-manager-client-devel-2.4.0-0.x86_64	9058be76bf80f292cf2a66c47d08c9ebc6e94eab5c31b4557df9d0e00ee26e8f	NO_PRODUCTION_TIER1:libsecurity-manager-client-devel	NONE
WAVE1_ACTIVE_23	x86_64	x86_64	security-manager	security-manager-2.4.0-0	security-license-manager	security-license-manager-2.4.0-0.x86_64	27536c8f78dc33da4cb937154bd40fb8ebea9936759dc6e74d92c35ab2062d94	tier1_production_1394	NONE
WAVE1_ACTIVE_23	x86_64	x86_64	security-manager	security-manager-2.4.0-0	security-manager	security-manager-2.4.0-0.x86_64	b6df85c541e94dee5b94218c487f2936c44c33cd6864bdaaba1b88c61377e9f7	tier1_production_0008	NONE
WAVE1_ACTIVE_23	x86_64	x86_64	security-manager	security-manager-2.4.0-0	security-manager-policy	security-manager-policy-2.4.0-0.x86_64	f2ffe8a781d6de4fcaf555a7934f51bfb5b6102890136d1975d6d418fc24577c	NO_PRODUCTION_TIER1:security-manager-policy	NONE
WAVE1_ACTIVE_23	x86_64	x86_64	security-manager	security-manager-2.4.0-0	security-manager-policy-iptables	security-manager-policy-iptables-2.4.0-0.x86_64	070b24fafbe19189505e4bd37010e7edc1c00338e806ddddf29be73c6eee4917	NO_PRODUCTION_TIER1:security-manager-policy-iptables	NONE
WAVE1_ACTIVE_23	x86_64	x86_64	security-manager	security-manager-2.4.0-0	security-manager-tests	security-manager-tests-2.4.0-0.x86_64	6736f9ae945954e7fd35c406eb982fc66a348f587d9ed1843c0fa0d28d72b577	NO_PRODUCTION_TIER1:security-manager-tests	NONE
WAVE1_ACTIVE_26	armv7l	armv7l	askuser-notification	askuser-notification-0.8.4-1	askuser-notification	askuser-notification-0.8.4-1.armv7l	8281e8fcfaf6084929ac109c7fecf8e066dc91c96f9cab3d15152e676523a4fc	tier1_production_0011	NONE
WAVE1_ACTIVE_26	armv7l	armv7l	askuser-notification	askuser-notification-0.8.4-1	askuser-notification-devel	askuser-notification-devel-0.8.4-1.armv7l	72ca4afe71f56686546355dea37bd9c965354dc2bd9ba824a4d6e234cf005c34	NO_PRODUCTION_TIER1:askuser-notification-devel	NONE
WAVE1_ACTIVE_26	armv7l	armv7l	askuser-notification	askuser-notification-0.8.4-1	askuser-notification-test	askuser-notification-test-0.8.4-1.armv7l	1c1cada811316ed1f3f374da29515d447c9f2d1ab27a55436aa6159f2b934ab8	NO_PRODUCTION_TIER1:askuser-notification-test	NONE
WAVE1_ACTIVE_26	armv7l	armv7l	askuser-notification	askuser-notification-0.8.4-1	askuser-notification-unit-tests	askuser-notification-unit-tests-0.8.4-1.armv7l	9182c1de5cef4e0c55fb5fa894d82581f4052c75d0814ddaa9eb9a2ac8da6718	NO_PRODUCTION_TIER1:askuser-notification-unit-tests	NONE
WAVE1_ACTIVE_26	armv7l	armv7l	askuser-notification	askuser-notification-0.8.4-1	capi-privacy-privilege-manager	capi-privacy-privilege-manager-0.8.4-1.armv7l	87d1f0e3425ae66fedc0b099a947f5d20b5f9ac31b5fb540365bf16842c34a38	tier1_production_0011	NONE
WAVE1_ACTIVE_26	armv7l	armv7l	askuser-notification	askuser-notification-0.8.4-1	libaskuser-notification-common	libaskuser-notification-common-0.8.4-1.armv7l	64aad6d48c7481bd4f47061e1237ecf1385432a50bcdae2d1b3d5334aa4a399c	tier1_production_0011	NONE
WAVE1_ACTIVE_26	armv7l	armv7l	boost	boost-1.83.0-5.1	boost	boost-1.83.0-5.1.armv7l	28a12db10c97bdc8bafde8dc857c9a2497a53692398c744ffcd1642b34b1d923	NO_PRODUCTION_TIER1:boost	NONE
WAVE1_ACTIVE_26	armv7l	armv7l	boost	boost-1.83.0-5.1	boost-atomic	boost-atomic-1.83.0-5.1.armv7l	cbddad27e4ab98ceb4d20573f47394783770daab521aedd8af21a97ead5ad276	tier1_production_0127	NONE
WAVE1_ACTIVE_26	armv7l	armv7l	boost	boost-1.83.0-5.1	boost-chrono	boost-chrono-1.83.0-5.1.armv7l	a40f6bba00cdfe1fc55e817e5ed372d33611453eeca9fe359f9a6888837d89cb	tier1_production_0128	NONE
WAVE1_ACTIVE_26	armv7l	armv7l	boost	boost-1.83.0-5.1	boost-container	boost-container-1.83.0-5.1.armv7l	cf837332e55152e7824bf7aae2a6a2fc05af512a091778cec6f2ee2d26a27570	tier1_production_0129	NONE
WAVE1_ACTIVE_26	armv7l	armv7l	boost	boost-1.83.0-5.1	boost-context	boost-context-1.83.0-5.1.armv7l	3655344bd94ad348b93fd6dbb931e1648159d4b94dd82cda4e4c6c4f744bdafc	tier1_production_0130	NONE
WAVE1_ACTIVE_26	armv7l	armv7l	boost	boost-1.83.0-5.1	boost-contract	boost-contract-1.83.0-5.1.armv7l	130c11e94c4f006b6c915c2b4aeb32edf213c52504abaf36d0688b0416c31fc9	tier1_production_0131	NONE
WAVE1_ACTIVE_26	armv7l	armv7l	boost	boost-1.83.0-5.1	boost-coroutine	boost-coroutine-1.83.0-5.1.armv7l	88b62f3eff86c6baaaf54c833880cf910663299070b079b3f3ec24d65ed29baf	tier1_production_0132	NONE
WAVE1_ACTIVE_26	armv7l	armv7l	boost	boost-1.83.0-5.1	boost-date-time	boost-date-time-1.83.0-5.1.armv7l	d500d7b13e0aedb872156ac1d862150c95546737a2abb75b01f3f1b180f6a41a	tier1_production_0133	NONE
WAVE1_ACTIVE_26	armv7l	armv7l	boost	boost-1.83.0-5.1	boost-devel	boost-devel-1.83.0-5.1.armv7l	804e07259419fc40c0c02863880d41e677858242dd487efb06825c8efaa15c03	NO_PRODUCTION_TIER1:boost-devel	NONE
WAVE1_ACTIVE_26	armv7l	noarch	boost	boost-1.83.0-5.1	boost-doc-html	boost-doc-html-1.83.0-5.1.noarch	434a09ae5959c89d3fcf9014c02748786e10268148db0be72e58ddfc7b61fe6a	SHARED_NOARCH_NO_CPP:boost-doc-html	NONE
WAVE1_ACTIVE_26	armv7l	armv7l	boost	boost-1.83.0-5.1	boost-fiber	boost-fiber-1.83.0-5.1.armv7l	fffa919e2671aceb01a32175649794a67b9f66f3eaba6d8de4cecfc421acfb7f	tier1_production_0134	NONE
WAVE1_ACTIVE_26	armv7l	armv7l	boost	boost-1.83.0-5.1	boost-filesystem	boost-filesystem-1.83.0-5.1.armv7l	e317eae2a86529ee94fb240c6f4523e1cd76f58d4d5cfd08f2edfbd06d271db7	tier1_production_0013	NONE
WAVE1_ACTIVE_26	armv7l	armv7l	boost	boost-1.83.0-5.1	boost-graph	boost-graph-1.83.0-5.1.armv7l	4e0c98f386e3bcc02c46365c16b1fac44e90d4ac7ba05dbb71182e925e68b902	tier1_production_0135	NONE
WAVE1_ACTIVE_26	armv7l	armv7l	boost	boost-1.83.0-5.1	boost-iostreams	boost-iostreams-1.83.0-5.1.armv7l	b1ece6ae1808dcb68d94cb9ac4f34aeeec5969c9d4c8dc0a123a83b43e5e5ce2	tier1_production_0136	NONE
WAVE1_ACTIVE_26	armv7l	armv7l	boost	boost-1.83.0-5.1	boost-json	boost-json-1.83.0-5.1.armv7l	711d9f656f16424a7625c8db8db6805862a6913a8cd81c15d61e5bb1416495cd	tier1_production_0138	NONE
WAVE1_ACTIVE_26	armv7l	noarch	boost	boost-1.83.0-5.1	boost-license	boost-license-1.83.0-5.1.noarch	39484d87349fe00b7dbc9382518cb258b694d3126d0c64358da3e3abf3871cf0	STDLIB_NEUTRAL:boost-license	NONE
WAVE1_ACTIVE_26	armv7l	armv7l	boost	boost-1.83.0-5.1	boost-locale	boost-locale-1.83.0-5.1.armv7l	731c99efa2d689c652864c041fddf70b2cac07a112b40929a7b125534607b7ae	tier1_production_0139	NONE
WAVE1_ACTIVE_26	armv7l	armv7l	boost	boost-1.83.0-5.1	boost-log	boost-log-1.83.0-5.1.armv7l	be66bf6899cf58c26f34491cc44dec197850b48d636ff9487331c764b51ec690	tier1_production_0013	NONE
WAVE1_ACTIVE_26	armv7l	armv7l	boost	boost-1.83.0-5.1	boost-math	boost-math-1.83.0-5.1.armv7l	92e493a0f62a45899980f5c52d22001f07bd7d7cb9ba91c284e42c807c12ab23	tier1_production_0140	NONE
WAVE1_ACTIVE_26	armv7l	armv7l	boost	boost-1.83.0-5.1	boost-nowide	boost-nowide-1.83.0-5.1.armv7l	582e4efb554e9b90e480c6647429cb69a0ac25483eec003b92db070c431910ad	tier1_production_0141	NONE
WAVE1_ACTIVE_26	armv7l	armv7l	boost	boost-1.83.0-5.1	boost-program-options	boost-program-options-1.83.0-5.1.armv7l	d310b69cc794ba698cc85366f612b592aea968fa989f33c7e9509cd74334f0c5	tier1_production_0008	NONE
WAVE1_ACTIVE_26	armv7l	armv7l	boost	boost-1.83.0-5.1	boost-python3	boost-python3-1.83.0-5.1.armv7l	f67263c2842a4c1e961178c967686c87a100ef383f34c573fbe5fcc61adedd10	tier1_production_0142	NONE
WAVE1_ACTIVE_26	armv7l	armv7l	boost	boost-1.83.0-5.1	boost-random	boost-random-1.83.0-5.1.armv7l	f5744c1ac6df7d38f80f7158c82b0ca2fd3b8de5ef87a817f708f5ed38cb9d06	tier1_production_0143	NONE
WAVE1_ACTIVE_26	armv7l	armv7l	boost	boost-1.83.0-5.1	boost-regex	boost-regex-1.83.0-5.1.armv7l	28b6475a54e35fdeaf47713c6209e080c1a33525e196a72aa376fb856307c4dc	tier1_production_0144	NONE
WAVE1_ACTIVE_26	armv7l	armv7l	boost	boost-1.83.0-5.1	boost-serialization	boost-serialization-1.83.0-5.1.armv7l	69575a296756cb0beffcc14c8b2b98565339d0b0af8b8f46cf61ec72b365137c	tier1_production_0145	NONE
WAVE1_ACTIVE_26	armv7l	armv7l	boost	boost-1.83.0-5.1	boost-system	boost-system-1.83.0-5.1.armv7l	8c6c2f76e93cb2a4b7f62ddab6b85de1cce23fda7698ccc8f7447e3206abcd01	tier1_production_0146	NONE
WAVE1_ACTIVE_26	armv7l	armv7l	boost	boost-1.83.0-5.1	boost-test	boost-test-1.83.0-5.1.armv7l	edb2cbac0a4f088ea678099357c001181fbd1fb3208cab005f5ab65268d2da6a	NO_PRODUCTION_TIER1:boost-test	NONE
WAVE1_ACTIVE_26	armv7l	armv7l	boost	boost-1.83.0-5.1	boost-thread	boost-thread-1.83.0-5.1.armv7l	8bb7226cc94723e4cb0527c57e5eae2eb2382d1ead0a1b21fab60b76ffdbaa4f	tier1_production_0013	NONE
WAVE1_ACTIVE_26	armv7l	armv7l	boost	boost-1.83.0-5.1	boost-timer	boost-timer-1.83.0-5.1.armv7l	32a7b98dfa0694146fdb95d8a78ae7f78d56227a467314a8ef66f848d94db39d	tier1_production_0147	NONE
WAVE1_ACTIVE_26	armv7l	armv7l	boost	boost-1.83.0-5.1	boost-url	boost-url-1.83.0-5.1.armv7l	aa72489b6051b8c9faf0eec820cef53ea4f675d5685edfeea08b101949b2cc61	tier1_production_0148	NONE
WAVE1_ACTIVE_26	armv7l	armv7l	boost	boost-1.83.0-5.1	boost-wave	boost-wave-1.83.0-5.1.armv7l	f63efb75c0a5bf855ad04a627eebabac265a3436cb185e3ea70a4b16679c2352	tier1_production_0149	NONE
WAVE1_ACTIVE_26	armv7l	armv7l	boost	boost-1.83.0-5.1	boost_stacktrace	boost_stacktrace-1.83.0-5.1.armv7l	5649719aed170ae1148caa83f86b87dd95d8af6fcf49ae7e739776831f543836	tier1_production_0150	NONE
WAVE1_ACTIVE_26	armv7l	armv7l	boost	boost-1.83.0-5.1	boost_type_erasure	boost_type_erasure-1.83.0-5.1.armv7l	21d7f792b7f08df656769dbfa09c05e7a29ac14017dfbc1f26de8c34c496f1ce	tier1_production_0151	NONE
WAVE1_ACTIVE_26	armv7l	armv7l	capi-appfw-capmgr	capi-appfw-capmgr-0.0.4-1	capi-appfw-capmgr	capi-appfw-capmgr-0.0.4-1.armv7l	6dbd6773d1f57e0469e92eeca3e7985704a69515f2f567611f9fa48b8458a5fa	tier1_production_0008	NONE
WAVE1_ACTIVE_26	armv7l	armv7l	capi-appfw-capmgr	capi-appfw-capmgr-0.0.4-1	capi-appfw-capmgr-devel	capi-appfw-capmgr-devel-0.0.4-1.armv7l	f9970191f1306824353d94f5ccf8b1587c7f673eb0824747381ef187df704ced	NO_PRODUCTION_TIER1:capi-appfw-capmgr-devel	NONE
WAVE1_ACTIVE_26	armv7l	armv7l	capi-appfw-capmgr	capi-appfw-capmgr-0.0.4-1	capi-appfw-capmgr-tests	capi-appfw-capmgr-tests-0.0.4-1.armv7l	8586c1fb51715bca0a89bf69620f0d75a53ab0c3650622b546202f36c433fb13	NO_PRODUCTION_TIER1:capi-appfw-capmgr-tests	NONE
WAVE1_ACTIVE_26	armv7l	armv7l	cynara	cynara-0.26.0-1	cynara	cynara-0.26.0-1.armv7l	3a249555a7c7a3908f30e9859364b011c0f4c2aee9833d80be126770154bd833	tier1_production_0005	NONE
WAVE1_ACTIVE_26	armv7l	armv7l	cynara	cynara-0.26.0-1	cynara-tests	cynara-tests-0.26.0-1.armv7l	4fd5c9410de2c7b184c04c91dc8a2437916f996a582e3b88b938b6a2c0788e09	NO_PRODUCTION_TIER1:cynara-tests	NONE
WAVE1_ACTIVE_26	armv7l	armv7l	libcynara-commons	libcynara-commons-0.26.0-1	cyad	cyad-0.26.0-1.armv7l	f675f3e85f0f713f8bbec67408a48e05d8b4929dfb7711831c189432a30498aa	tier1_production_0005	NONE
WAVE1_ACTIVE_26	armv7l	armv7l	libcynara-commons	libcynara-commons-0.26.0-1	cynara-commons-tests	cynara-commons-tests-0.26.0-1.armv7l	df64e9da6d476b55b5a636455a4abff4453ab3cabd868b6e0ec5b8c422f5a72c	NO_PRODUCTION_TIER1:cynara-commons-tests	NONE
WAVE1_ACTIVE_26	armv7l	armv7l	libcynara-commons	libcynara-commons-0.26.0-1	cynara-db-migration	cynara-db-migration-0.26.0-1.armv7l	5277f10c84ef2ac5a6f5b57cf1665817b5876859d52d29e3552dc3db66e6de67	tier1_production_0331	NONE
WAVE1_ACTIVE_26	armv7l	armv7l	libcynara-commons	libcynara-commons-0.26.0-1	cynara-devel	cynara-devel-0.26.0-1.armv7l	b2d519a45ab9a44fc31747800e67eb2b07cbec7f6d9d67e1681ba1714415a1d1	NO_PRODUCTION_TIER1:cynara-devel	NONE
WAVE1_ACTIVE_26	armv7l	armv7l	libcynara-commons	libcynara-commons-0.26.0-1	libcynara-admin	libcynara-admin-0.26.0-1.armv7l	b9c9f42acdc1e8224ac7846e905e1fe389ac3ba7b5da289e67c1226ce8ea7f45	tier1_production_0005	NONE
WAVE1_ACTIVE_26	armv7l	armv7l	libcynara-commons	libcynara-commons-0.26.0-1	libcynara-agent	libcynara-agent-0.26.0-1.armv7l	6b5bb8bd3d138304d1b4100d3f9e640dcee7f57b89de71afb12a74cf2e7eb716	tier1_production_0005	NONE
WAVE1_ACTIVE_26	armv7l	armv7l	libcynara-commons	libcynara-commons-0.26.0-1	libcynara-client	libcynara-client-0.26.0-1.armv7l	53ba769909ebb499abe22acd984a144ed22e934195befbbef7076e947ec9ee3d	tier1_production_0005	NONE
WAVE1_ACTIVE_26	armv7l	armv7l	libcynara-commons	libcynara-commons-0.26.0-1	libcynara-commons	libcynara-commons-0.26.0-1.armv7l	9f77e7db91641985a0b8b1186288717b6d62dd994272226e210af1603519da73	tier1_production_0005	NONE
WAVE1_ACTIVE_26	armv7l	armv7l	libcynara-commons	libcynara-commons-0.26.0-1	libcynara-creds-commons	libcynara-creds-commons-0.26.0-1.armv7l	e0a71219620cba72c3bc3163e5c2ef48040d0542ef8a79f93c26e5ae629c1436	tier1_production_0007	NONE
WAVE1_ACTIVE_26	armv7l	armv7l	libcynara-commons	libcynara-commons-0.26.0-1	libcynara-creds-pid	libcynara-creds-pid-0.26.0-1.armv7l	cce8e45629592f873ab21fd2ec575fe0eb12e4fd0c1a10b71432c04670094a01	tier1_production_0007	NONE
WAVE1_ACTIVE_26	armv7l	armv7l	libcynara-commons	libcynara-commons-0.26.0-1	libcynara-creds-self	libcynara-creds-self-0.26.0-1.armv7l	e6074fe9bf93616196dbcae87377f5154599bc34ca128bcfc2a3aca239691d8c	tier1_production_0007	NONE
WAVE1_ACTIVE_26	armv7l	armv7l	libcynara-commons	libcynara-commons-0.26.0-1	libcynara-creds-socket	libcynara-creds-socket-0.26.0-1.armv7l	13d49a7d5bd1c646620e5300b0973e31b7d35e7af76ab8ea58af1118d42532d7	tier1_production_0007	NONE
WAVE1_ACTIVE_26	armv7l	armv7l	libcynara-commons	libcynara-commons-0.26.0-1	libcynara-monitor	libcynara-monitor-0.26.0-1.armv7l	27c042b70141113607974c9b80d4dbe1114a92a62314db2ec506e417245159c3	tier1_production_0005	NONE
WAVE1_ACTIVE_26	armv7l	armv7l	libcynara-commons	libcynara-commons-0.26.0-1	libcynara-session	libcynara-session-0.26.0-1.armv7l	c2b42419e8545cede19db503290752a10a961771e65b7cef02494798ac4f991e	tier1_production_0667	NONE
WAVE1_ACTIVE_26	armv7l	armv7l	libcynara-commons	libcynara-commons-0.26.0-1	libcynara-uid	libcynara-uid-0.26.0-1.armv7l	8418f966dcbe0c80d69cf6b6957ccc43482c6a9a07dbd2933d894d1897fa8de0	tier1_production_0668	NONE
WAVE1_ACTIVE_26	armv7l	armv7l	libcynara-commons	libcynara-commons-0.26.0-1	libcynara-uid-creds	libcynara-uid-creds-0.26.0-1.armv7l	597f637910efe4ba76f6021856aabbbb3110d56bf02303c5024b4f5af891da3b	tier1_production_0007	NONE
WAVE1_ACTIVE_26	armv7l	armv7l	libcynara-creds-dbus	libcynara-creds-dbus-0.26.0-1	libcynara-creds-dbus	libcynara-creds-dbus-0.26.0-1.armv7l	47ba1aa43f4783f11d1ed67e066f25c259b5010ae5e7b8d6dbabe42eca2e28ea	tier1_production_0664	NONE
WAVE1_ACTIVE_26	armv7l	armv7l	libcynara-creds-dbus	libcynara-creds-dbus-0.26.0-1	libcynara-creds-dbus-devel	libcynara-creds-dbus-devel-0.26.0-1.armv7l	69e4366347f970e88f377fd3668d5facc6ff1fccad6e94026594501eb17496ae	NO_PRODUCTION_TIER1:libcynara-creds-dbus-devel	NONE
WAVE1_ACTIVE_26	armv7l	armv7l	libcynara-creds-dbus	libcynara-creds-dbus-0.26.0-1	libcynara-creds-gdbus	libcynara-creds-gdbus-0.26.0-1.armv7l	447ea8eb22cd6c6193d0972d2d095d625ba3b3f52cf3cf53cf28d91ee6bdbb53	tier1_production_0665	NONE
WAVE1_ACTIVE_26	armv7l	armv7l	libcynara-creds-dbus	libcynara-creds-dbus-0.26.0-1	libcynara-creds-gdbus-devel	libcynara-creds-gdbus-devel-0.26.0-1.armv7l	ab05914e80bb4031e10f00765914e4469e869bde3226b36182d65763f26578cb	NO_PRODUCTION_TIER1:libcynara-creds-gdbus-devel	NONE
WAVE1_ACTIVE_26	armv7l	armv7l	libcynara-creds-dbus	libcynara-creds-dbus-0.26.0-1	libcynara-creds-sd-bus	libcynara-creds-sd-bus-0.26.0-1.armv7l	04ac57cc3b4715268fb05cef0711402da100fc48acae3f5b08cdf248e91c3b28	tier1_production_0666	NONE
WAVE1_ACTIVE_26	armv7l	armv7l	libcynara-creds-dbus	libcynara-creds-dbus-0.26.0-1	libcynara-creds-sd-bus-devel	libcynara-creds-sd-bus-devel-0.26.0-1.armv7l	5886c6eee8cefdc682888b7cc509c66b3c46cc683876973925c9a07aa0cea0fa	NO_PRODUCTION_TIER1:libcynara-creds-sd-bus-devel	NONE
WAVE1_ACTIVE_26	armv7l	armv7l	security-manager	security-manager-2.4.0-0	libnss-security-manager	libnss-security-manager-2.4.0-0.armv7l	5649c8f55773e0c35cf15099c28bcc6c0644d9c8a739a1b995c58044d29cacb5	tier1_production_0861	NONE
WAVE1_ACTIVE_26	armv7l	armv7l	security-manager	security-manager-2.4.0-0	libsecurity-manager-client	libsecurity-manager-client-2.4.0-0.armv7l	205afb564783280dc1656f389d2d7b7c516a2c624dee6fb00feba068be107c64	tier1_production_0008	NONE
WAVE1_ACTIVE_26	armv7l	armv7l	security-manager	security-manager-2.4.0-0	libsecurity-manager-client-devel	libsecurity-manager-client-devel-2.4.0-0.armv7l	086ce68bb78670953fb582b56fe05c5fcfab619c78cb61bbcdb4814e6c3ad479	NO_PRODUCTION_TIER1:libsecurity-manager-client-devel	NONE
WAVE1_ACTIVE_26	armv7l	armv7l	security-manager	security-manager-2.4.0-0	security-license-manager	security-license-manager-2.4.0-0.armv7l	462c2924a9a922f2619947be91d0ecdfa1ee825c152acbf759d0897025ca4b83	tier1_production_1396	NONE
WAVE1_ACTIVE_26	armv7l	armv7l	security-manager	security-manager-2.4.0-0	security-manager	security-manager-2.4.0-0.armv7l	d90f41fd934f6d5391d994c008e3df7a65932ea4d7d358100a5ef40deb014a7e	tier1_production_0008	NONE
WAVE1_ACTIVE_26	armv7l	armv7l	security-manager	security-manager-2.4.0-0	security-manager-policy	security-manager-policy-2.4.0-0.armv7l	6b7ee7fabf2e62cf16a1d6070f01df823d45db0932384ec003ec74b9b289a4a3	NO_PRODUCTION_TIER1:security-manager-policy	NONE
WAVE1_ACTIVE_26	armv7l	armv7l	security-manager	security-manager-2.4.0-0	security-manager-policy-iptables	security-manager-policy-iptables-2.4.0-0.armv7l	8c54083fbd143322d9526844bd46d63f15dba03ffd65fede8da06a966bd254bb	NO_PRODUCTION_TIER1:security-manager-policy-iptables	NONE
WAVE1_ACTIVE_26	armv7l	armv7l	security-manager	security-manager-2.4.0-0	security-manager-tests	security-manager-tests-2.4.0-0.armv7l	18ba57b5d5b723be252e771d2b34687dd74527f6d23d923276f20888a0d23419	NO_PRODUCTION_TIER1:security-manager-tests	NONE
WAVE1_ACTIVE_26	aarch64	aarch64	askuser-notification	askuser-notification-0.8.4-1	askuser-notification	askuser-notification-0.8.4-1.aarch64	6e5ba355188d89be41d37438c21cacc7289a5fea7913791e1aa1bdd59c9d2fc0	tier1_production_0011	NONE
WAVE1_ACTIVE_26	aarch64	aarch64	askuser-notification	askuser-notification-0.8.4-1	askuser-notification-devel	askuser-notification-devel-0.8.4-1.aarch64	fa8d5825c04ff4531ad805d1cb8a13069f73d9b1c9e00575587c455c9f7a6924	NO_PRODUCTION_TIER1:askuser-notification-devel	NONE
WAVE1_ACTIVE_26	aarch64	aarch64	askuser-notification	askuser-notification-0.8.4-1	askuser-notification-test	askuser-notification-test-0.8.4-1.aarch64	01366998cb90333ac219e444e6c5b5b9a5662a75a687ac13b1b900bf93276893	NO_PRODUCTION_TIER1:askuser-notification-test	NONE
WAVE1_ACTIVE_26	aarch64	aarch64	askuser-notification	askuser-notification-0.8.4-1	askuser-notification-unit-tests	askuser-notification-unit-tests-0.8.4-1.aarch64	428bebc8374c3696a13834392b76d9093c95795f68020d6e66bb658d4d8a600b	NO_PRODUCTION_TIER1:askuser-notification-unit-tests	NONE
WAVE1_ACTIVE_26	aarch64	aarch64	askuser-notification	askuser-notification-0.8.4-1	capi-privacy-privilege-manager	capi-privacy-privilege-manager-0.8.4-1.aarch64	bea48ee153252488c6d10beddc8736f1b453edadae7cb3fd2c96d545ec07c111	tier1_production_0011	NONE
WAVE1_ACTIVE_26	aarch64	aarch64	askuser-notification	askuser-notification-0.8.4-1	libaskuser-notification-common	libaskuser-notification-common-0.8.4-1.aarch64	96d9d8de6d5343c5021da654677a10f4a3bbb7dd00a167b152a2507eead210d2	tier1_production_0011	NONE
WAVE1_ACTIVE_26	aarch64	aarch64	boost	boost-1.83.0-5.1	boost	boost-1.83.0-5.1.aarch64	645d654885e1d20c820fbdc3c500851964fe7b4975d816dce129ba2d4c7b8f7f	NO_PRODUCTION_TIER1:boost	NONE
WAVE1_ACTIVE_26	aarch64	aarch64	boost	boost-1.83.0-5.1	boost-atomic	boost-atomic-1.83.0-5.1.aarch64	c6eee063021b7ec1c57d70d13031ecd083dbb13aeeb0c7207346bc81e4b81994	tier1_production_0126	NONE
WAVE1_ACTIVE_26	aarch64	aarch64	boost	boost-1.83.0-5.1	boost-chrono	boost-chrono-1.83.0-5.1.aarch64	84cd021f763fa545c57e62cb3c0e4fb93121dde3a44cc690f76d7ba59f3dd099	tier1_production_0127	NONE
WAVE1_ACTIVE_26	aarch64	aarch64	boost	boost-1.83.0-5.1	boost-container	boost-container-1.83.0-5.1.aarch64	9b77be2b8b88cdd5de8ac088c6686ba15ebdc92928ada5289e8952bad2e3779e	tier1_production_0128	NONE
WAVE1_ACTIVE_26	aarch64	aarch64	boost	boost-1.83.0-5.1	boost-contract	boost-contract-1.83.0-5.1.aarch64	3fd70516ad284d2f0306acca769e16481bf4522f64f121a7e6a2ff982acf4ac3	tier1_production_0129	NONE
WAVE1_ACTIVE_26	aarch64	aarch64	boost	boost-1.83.0-5.1	boost-date-time	boost-date-time-1.83.0-5.1.aarch64	f5aafc2f5d5e116c6894d3bf6dbaff91d2852da50689dd9ceef43bd7708bec4a	tier1_production_0130	NONE
WAVE1_ACTIVE_26	aarch64	aarch64	boost	boost-1.83.0-5.1	boost-devel	boost-devel-1.83.0-5.1.aarch64	6c6a3894cafd8489e7c2d5489e8fc6b3354a32ad66bcafc3cf493232174194ef	NO_PRODUCTION_TIER1:boost-devel	NONE
WAVE1_ACTIVE_26	aarch64	noarch	boost	boost-1.83.0-5.1	boost-doc-html	boost-doc-html-1.83.0-5.1.noarch	434a09ae5959c89d3fcf9014c02748786e10268148db0be72e58ddfc7b61fe6a	SHARED_NOARCH_NO_CPP:boost-doc-html	NONE
WAVE1_ACTIVE_26	aarch64	aarch64	boost	boost-1.83.0-5.1	boost-filesystem	boost-filesystem-1.83.0-5.1.aarch64	92f845c6d6f6b9779313c89e37d9c18e3659aca8adcaa8919d607d92f9e73217	tier1_production_0013	NONE
WAVE1_ACTIVE_26	aarch64	aarch64	boost	boost-1.83.0-5.1	boost-graph	boost-graph-1.83.0-5.1.aarch64	7aa049a5556f0ea070459c797d30aeafc485adebc8228c7013961b17e93bd628	tier1_production_0131	NONE
WAVE1_ACTIVE_26	aarch64	aarch64	boost	boost-1.83.0-5.1	boost-iostreams	boost-iostreams-1.83.0-5.1.aarch64	c011ab5417ab14b764022ca3b6710bc9b4712209c5c7268a8c9d1ad981eaa8ea	tier1_production_0132	NONE
WAVE1_ACTIVE_26	aarch64	aarch64	boost	boost-1.83.0-5.1	boost-json	boost-json-1.83.0-5.1.aarch64	9ecada6736f368299555608c28b9ab87ad46bccb6ef8f76227b68f46f82a9e5c	tier1_production_0134	NONE
WAVE1_ACTIVE_26	aarch64	noarch	boost	boost-1.83.0-5.1	boost-license	boost-license-1.83.0-5.1.noarch	39484d87349fe00b7dbc9382518cb258b694d3126d0c64358da3e3abf3871cf0	STDLIB_NEUTRAL:boost-license	NONE
WAVE1_ACTIVE_26	aarch64	aarch64	boost	boost-1.83.0-5.1	boost-locale	boost-locale-1.83.0-5.1.aarch64	5e3e6916df31565cc045a7f6d13c69c7aa1065fcac18fd8a1deee817bc80f204	tier1_production_0135	NONE
WAVE1_ACTIVE_26	aarch64	aarch64	boost	boost-1.83.0-5.1	boost-log	boost-log-1.83.0-5.1.aarch64	f1eb464394000d91d4d65b2bf0b3eed448adc0f050780710b5bd3c015d00d888	tier1_production_0013	NONE
WAVE1_ACTIVE_26	aarch64	aarch64	boost	boost-1.83.0-5.1	boost-math	boost-math-1.83.0-5.1.aarch64	7058dcfd7cb15cbf43d4fe4f96de03e13cbbe3c652cf6f94288cd39cfc5fafe1	tier1_production_0136	NONE
WAVE1_ACTIVE_26	aarch64	aarch64	boost	boost-1.83.0-5.1	boost-nowide	boost-nowide-1.83.0-5.1.aarch64	bdaae58549fcca26aaafa4f53c29fb18672bef375a22ac346e207361babc3911	tier1_production_0137	NONE
WAVE1_ACTIVE_26	aarch64	aarch64	boost	boost-1.83.0-5.1	boost-program-options	boost-program-options-1.83.0-5.1.aarch64	69a686414e093ca83f47f04a554fc86bf7e479338c1c7c63e69076d76f55f21d	tier1_production_0008	NONE
WAVE1_ACTIVE_26	aarch64	aarch64	boost	boost-1.83.0-5.1	boost-python3	boost-python3-1.83.0-5.1.aarch64	9da89bf9dbe655862edd50b3060cd9107c5e318d8dd3924bf8ac9e623f35a7a8	tier1_production_0138	NONE
WAVE1_ACTIVE_26	aarch64	aarch64	boost	boost-1.83.0-5.1	boost-random	boost-random-1.83.0-5.1.aarch64	be264a5c1e3703e30997dda3f70e40835c34b8d0ecf1c743ca420822b3238aa6	tier1_production_0139	NONE
WAVE1_ACTIVE_26	aarch64	aarch64	boost	boost-1.83.0-5.1	boost-regex	boost-regex-1.83.0-5.1.aarch64	ae614bef3f210a99216e90ea10f23a96e8e0d15bbc01fb94498bbb3b8701e73b	tier1_production_0140	NONE
WAVE1_ACTIVE_26	aarch64	aarch64	boost	boost-1.83.0-5.1	boost-serialization	boost-serialization-1.83.0-5.1.aarch64	43d71e767c764d9fcc18aa9e432eec44daf3c56160e0bbbbc3f0b67d4b9faeaf	tier1_production_0141	NONE
WAVE1_ACTIVE_26	aarch64	aarch64	boost	boost-1.83.0-5.1	boost-system	boost-system-1.83.0-5.1.aarch64	d6812960d0689a72b1d12fc44141d02e984981fd12d05c5efd1cd124d6274b34	tier1_production_0142	NONE
WAVE1_ACTIVE_26	aarch64	aarch64	boost	boost-1.83.0-5.1	boost-test	boost-test-1.83.0-5.1.aarch64	f2ef76c5f7c542e2fae7a389b46bf473cb0bb7d4749ac26cccc369a5c1648ec9	NO_PRODUCTION_TIER1:boost-test	NONE
WAVE1_ACTIVE_26	aarch64	aarch64	boost	boost-1.83.0-5.1	boost-thread	boost-thread-1.83.0-5.1.aarch64	102d46dcf6f8f7a249d0d94379d7a5a2fe456aff63c4fc05ba0a4fa35fbe7f6c	tier1_production_0013	NONE
WAVE1_ACTIVE_26	aarch64	aarch64	boost	boost-1.83.0-5.1	boost-timer	boost-timer-1.83.0-5.1.aarch64	6de815f77b3df0a8b06bf3a8ea5046f5435e03edeb067263261206e5b0259853	tier1_production_0143	NONE
WAVE1_ACTIVE_26	aarch64	aarch64	boost	boost-1.83.0-5.1	boost-url	boost-url-1.83.0-5.1.aarch64	e0033a6243d9ce593d4c729cd9cc87846b0ef68ee74bcb074d6bbd971c1a3891	tier1_production_0144	NONE
WAVE1_ACTIVE_26	aarch64	aarch64	boost	boost-1.83.0-5.1	boost-wave	boost-wave-1.83.0-5.1.aarch64	3532e5dd85fadb76fbf93a235e2f3e58d6f6cd1e2c78a9b4da2232084d2a0613	tier1_production_0145	NONE
WAVE1_ACTIVE_26	aarch64	aarch64	boost	boost-1.83.0-5.1	boost_stacktrace	boost_stacktrace-1.83.0-5.1.aarch64	3f14a89eb6d0c5abee1fbd69adfa241a55b7cd6f6424c1b980c303b4d740777e	tier1_production_0146	NONE
WAVE1_ACTIVE_26	aarch64	aarch64	boost	boost-1.83.0-5.1	boost_type_erasure	boost_type_erasure-1.83.0-5.1.aarch64	4f586606d41bb98c5fdc8ffbd759a1a39f7488bfa7029d0616d4377f4397d163	tier1_production_0147	NONE
WAVE1_ACTIVE_26	aarch64	aarch64	capi-appfw-capmgr	capi-appfw-capmgr-0.0.4-1	capi-appfw-capmgr	capi-appfw-capmgr-0.0.4-1.aarch64	72a4a33d93b96ff1f76f075d31163688706465f36dd174b8b7fddebc7479beb6	tier1_production_0008	NONE
WAVE1_ACTIVE_26	aarch64	aarch64	capi-appfw-capmgr	capi-appfw-capmgr-0.0.4-1	capi-appfw-capmgr-devel	capi-appfw-capmgr-devel-0.0.4-1.aarch64	7e9c168bbfa05ec26b993a0e3b206524de80f557928f32c648b991f16dd3b9e6	NO_PRODUCTION_TIER1:capi-appfw-capmgr-devel	NONE
WAVE1_ACTIVE_26	aarch64	aarch64	capi-appfw-capmgr	capi-appfw-capmgr-0.0.4-1	capi-appfw-capmgr-tests	capi-appfw-capmgr-tests-0.0.4-1.aarch64	580078c60051dde6f6f07b053710bddc11f06d991bbf1d0022c4299b8ea0bcfe	NO_PRODUCTION_TIER1:capi-appfw-capmgr-tests	NONE
WAVE1_ACTIVE_26	aarch64	aarch64	cynara	cynara-0.26.0-1	cynara	cynara-0.26.0-1.aarch64	d1bd37fe5c1c8be51e6a8bab4da3ed04a3cc44a58b2d3eb559705aea68bc638a	tier1_production_0005	NONE
WAVE1_ACTIVE_26	aarch64	aarch64	cynara	cynara-0.26.0-1	cynara-tests	cynara-tests-0.26.0-1.aarch64	b69f3720816d1de8f79332427ce74e5eacb289a0fdee8c307522dfa5f91300d2	NO_PRODUCTION_TIER1:cynara-tests	NONE
WAVE1_ACTIVE_26	aarch64	aarch64	libcynara-commons	libcynara-commons-0.26.0-1	cyad	cyad-0.26.0-1.aarch64	3992becc35f02a5a3bcf60e699ba4c9b5819c8b83c02ee67c42ec8f48042ff44	tier1_production_0005	NONE
WAVE1_ACTIVE_26	aarch64	aarch64	libcynara-commons	libcynara-commons-0.26.0-1	cynara-commons-tests	cynara-commons-tests-0.26.0-1.aarch64	dee08eea0a24f4ca8fd0855aa39a5de0d9371fef03af22360223977c104b3200	NO_PRODUCTION_TIER1:cynara-commons-tests	NONE
WAVE1_ACTIVE_26	aarch64	aarch64	libcynara-commons	libcynara-commons-0.26.0-1	cynara-db-migration	cynara-db-migration-0.26.0-1.aarch64	daac9799f9fa68880105bdcb516be8d18460a21089438788b86fdfda145ddb41	tier1_production_0326	NONE
WAVE1_ACTIVE_26	aarch64	aarch64	libcynara-commons	libcynara-commons-0.26.0-1	cynara-devel	cynara-devel-0.26.0-1.aarch64	57333896804dd1e9ea401d6a887b3f5d48cac26b89f5cb2e5609a646a50d7426	NO_PRODUCTION_TIER1:cynara-devel	NONE
WAVE1_ACTIVE_26	aarch64	aarch64	libcynara-commons	libcynara-commons-0.26.0-1	libcynara-admin	libcynara-admin-0.26.0-1.aarch64	5d25e2df717f137ff37525c54d980ad0a83a874dabb1fa18df09ab3a1ba0701e	tier1_production_0005	NONE
WAVE1_ACTIVE_26	aarch64	aarch64	libcynara-commons	libcynara-commons-0.26.0-1	libcynara-agent	libcynara-agent-0.26.0-1.aarch64	99d9ef246616c55f604753827b492a3a20f651866a53f74696b40d2192dc0915	tier1_production_0005	NONE
WAVE1_ACTIVE_26	aarch64	aarch64	libcynara-commons	libcynara-commons-0.26.0-1	libcynara-client	libcynara-client-0.26.0-1.aarch64	b49cb563b9d827079270053159239c6e9c9d9ed24e7bc73119daca0d7119894c	tier1_production_0005	NONE
WAVE1_ACTIVE_26	aarch64	aarch64	libcynara-commons	libcynara-commons-0.26.0-1	libcynara-commons	libcynara-commons-0.26.0-1.aarch64	faeb171cd2d8ad01358d8b717a2b3331c1d4e1bb8058c0ca21275b69e428c777	tier1_production_0005	NONE
WAVE1_ACTIVE_26	aarch64	aarch64	libcynara-commons	libcynara-commons-0.26.0-1	libcynara-creds-commons	libcynara-creds-commons-0.26.0-1.aarch64	62af0976fa94c956b0ef36b261fe57848ccbb521877890ef5cf245072d6dd235	tier1_production_0007	NONE
WAVE1_ACTIVE_26	aarch64	aarch64	libcynara-commons	libcynara-commons-0.26.0-1	libcynara-creds-pid	libcynara-creds-pid-0.26.0-1.aarch64	383e96191b122f2f0909a250f76e6fb1aa660e01f5455e68ccf3c0d5d113516a	tier1_production_0007	NONE
WAVE1_ACTIVE_26	aarch64	aarch64	libcynara-commons	libcynara-commons-0.26.0-1	libcynara-creds-self	libcynara-creds-self-0.26.0-1.aarch64	c7c0c4178dec208b85d4f179462da2bc9e133a5338ec17d26f04bd49591d5b61	tier1_production_0007	NONE
WAVE1_ACTIVE_26	aarch64	aarch64	libcynara-commons	libcynara-commons-0.26.0-1	libcynara-creds-socket	libcynara-creds-socket-0.26.0-1.aarch64	b7413a7470666afdf9173950be34dba3633f1036dbf948d53cd08dc257bad049	tier1_production_0007	NONE
WAVE1_ACTIVE_26	aarch64	aarch64	libcynara-commons	libcynara-commons-0.26.0-1	libcynara-monitor	libcynara-monitor-0.26.0-1.aarch64	28d8d3a6d3898b5f1bfc5d2ac026b36c3f6256bef7678d9a231fbd1ed379e8d3	tier1_production_0005	NONE
WAVE1_ACTIVE_26	aarch64	aarch64	libcynara-commons	libcynara-commons-0.26.0-1	libcynara-session	libcynara-session-0.26.0-1.aarch64	85bf5c3a8e6b8b4b5fc44e618ff3b8f3da76d9cdef3d9295094d33d7bbb2c5b0	tier1_production_0665	NONE
WAVE1_ACTIVE_26	aarch64	aarch64	libcynara-commons	libcynara-commons-0.26.0-1	libcynara-uid	libcynara-uid-0.26.0-1.aarch64	023d5ae222ba1c8818308d83b290e7e83e55bbf1e86797735397b9c61504054d	tier1_production_0666	NONE
WAVE1_ACTIVE_26	aarch64	aarch64	libcynara-commons	libcynara-commons-0.26.0-1	libcynara-uid-creds	libcynara-uid-creds-0.26.0-1.aarch64	f8a20235f2977aeec8d0b1385bec80e3accf6649c0bb073205ccff0168f606f1	tier1_production_0007	NONE
WAVE1_ACTIVE_26	aarch64	aarch64	libcynara-creds-dbus	libcynara-creds-dbus-0.26.0-1	libcynara-creds-dbus	libcynara-creds-dbus-0.26.0-1.aarch64	6f98fc54f699cb17e0faef26bcc2c592064154b64053caadfcbcbdbab99a3c6f	tier1_production_0662	NONE
WAVE1_ACTIVE_26	aarch64	aarch64	libcynara-creds-dbus	libcynara-creds-dbus-0.26.0-1	libcynara-creds-dbus-devel	libcynara-creds-dbus-devel-0.26.0-1.aarch64	7ca9213f2bfa8fea2ecc4073c127a9816803a56308c7373f4e50ef5f2ed3e5a6	NO_PRODUCTION_TIER1:libcynara-creds-dbus-devel	NONE
WAVE1_ACTIVE_26	aarch64	aarch64	libcynara-creds-dbus	libcynara-creds-dbus-0.26.0-1	libcynara-creds-gdbus	libcynara-creds-gdbus-0.26.0-1.aarch64	4349186d8912b2c597c3ca4945077331044c38d4e44a3a49b8bc75d17c60e027	tier1_production_0663	NONE
WAVE1_ACTIVE_26	aarch64	aarch64	libcynara-creds-dbus	libcynara-creds-dbus-0.26.0-1	libcynara-creds-gdbus-devel	libcynara-creds-gdbus-devel-0.26.0-1.aarch64	109177e6b72e964a88f97c9f039b9ed6b535f0486372da7b8b3b534c233051a8	NO_PRODUCTION_TIER1:libcynara-creds-gdbus-devel	NONE
WAVE1_ACTIVE_26	aarch64	aarch64	libcynara-creds-dbus	libcynara-creds-dbus-0.26.0-1	libcynara-creds-sd-bus	libcynara-creds-sd-bus-0.26.0-1.aarch64	4dd585da3a426b17157349de2ac926aa96f0b541b3bba5cb7c03229208d18a6b	tier1_production_0664	NONE
WAVE1_ACTIVE_26	aarch64	aarch64	libcynara-creds-dbus	libcynara-creds-dbus-0.26.0-1	libcynara-creds-sd-bus-devel	libcynara-creds-sd-bus-devel-0.26.0-1.aarch64	96cf3ca7d472577a931c5a96df0357e0ce44041e99b456c1f58e668bdb7d5ad5	NO_PRODUCTION_TIER1:libcynara-creds-sd-bus-devel	NONE
WAVE1_ACTIVE_26	aarch64	aarch64	security-manager	security-manager-2.4.0-0	libnss-security-manager	libnss-security-manager-2.4.0-0.aarch64	75e1d03fe7793d69e1baa395f458e83911a7fcd3b3e3948ee5f19741e2084049	tier1_production_0863	NONE
WAVE1_ACTIVE_26	aarch64	aarch64	security-manager	security-manager-2.4.0-0	libsecurity-manager-client	libsecurity-manager-client-2.4.0-0.aarch64	f9788aef018176bc37889c1377cbe1470e430d08f0015998f0f1a4ab59e29e80	tier1_production_0008	NONE
WAVE1_ACTIVE_26	aarch64	aarch64	security-manager	security-manager-2.4.0-0	libsecurity-manager-client-devel	libsecurity-manager-client-devel-2.4.0-0.aarch64	53a3e7f2e546a19349e3b3bad3d139292b133ac1e75ed5602af5ee2f6ba30629	NO_PRODUCTION_TIER1:libsecurity-manager-client-devel	NONE
WAVE1_ACTIVE_26	aarch64	aarch64	security-manager	security-manager-2.4.0-0	security-license-manager	security-license-manager-2.4.0-0.aarch64	7ed639129ae765b83dbd9b5b622275d7c2f7ede73a650ad4af92a63dc007b64c	tier1_production_1398	NONE
WAVE1_ACTIVE_26	aarch64	aarch64	security-manager	security-manager-2.4.0-0	security-manager	security-manager-2.4.0-0.aarch64	b3559191dac2566dccbeaf60b0c1b9afa817932b15774306363e62b913a347e7	tier1_production_0008	NONE
WAVE1_ACTIVE_26	aarch64	aarch64	security-manager	security-manager-2.4.0-0	security-manager-policy	security-manager-policy-2.4.0-0.aarch64	6fc0658f9e78791d8e15e9199ae55e14d825f7ec89d83ff79b4bbf3e8165ff1c	NO_PRODUCTION_TIER1:security-manager-policy	NONE
WAVE1_ACTIVE_26	aarch64	aarch64	security-manager	security-manager-2.4.0-0	security-manager-policy-iptables	security-manager-policy-iptables-2.4.0-0.aarch64	129825e1af3e6dab1d5c388872d52fd91702a5da51781862660d17319b77e2ca	NO_PRODUCTION_TIER1:security-manager-policy-iptables	NONE
WAVE1_ACTIVE_26	aarch64	aarch64	security-manager	security-manager-2.4.0-0	security-manager-tests	security-manager-tests-2.4.0-0.aarch64	789a9e8b6901d7ea241b57f86577856a644b647e27abd0ef490646d1b515dd50	NO_PRODUCTION_TIER1:security-manager-tests	NONE
WAVE1_ACTIVE_26	x86_64	x86_64	askuser-notification	askuser-notification-0.8.4-1	askuser-notification	askuser-notification-0.8.4-1.x86_64	bf2eb8094365e9d38b8c232c0358a5e97b758278905eafe20515d14942712225	tier1_production_0011	NONE
WAVE1_ACTIVE_26	x86_64	x86_64	askuser-notification	askuser-notification-0.8.4-1	askuser-notification-devel	askuser-notification-devel-0.8.4-1.x86_64	2ee1ca3cffa86fdc740ce7f7b1d4f117e95ebdc6bacbb8ff74716d6ab7edd986	NO_PRODUCTION_TIER1:askuser-notification-devel	NONE
WAVE1_ACTIVE_26	x86_64	x86_64	askuser-notification	askuser-notification-0.8.4-1	askuser-notification-test	askuser-notification-test-0.8.4-1.x86_64	08454db1d199d2475e5a15113ab6680860f0d2c7d18ad34aeff4caf37792a274	NO_PRODUCTION_TIER1:askuser-notification-test	NONE
WAVE1_ACTIVE_26	x86_64	x86_64	askuser-notification	askuser-notification-0.8.4-1	askuser-notification-unit-tests	askuser-notification-unit-tests-0.8.4-1.x86_64	da94d8afd8932d25998ab0c430edfc6257cbb3222f72b36934308423f748558f	NO_PRODUCTION_TIER1:askuser-notification-unit-tests	NONE
WAVE1_ACTIVE_26	x86_64	x86_64	askuser-notification	askuser-notification-0.8.4-1	capi-privacy-privilege-manager	capi-privacy-privilege-manager-0.8.4-1.x86_64	cfbd509a71ec172a53358079c1255dd88bcbb1dbac3a1f228845b77f1be902bf	tier1_production_0011	NONE
WAVE1_ACTIVE_26	x86_64	x86_64	askuser-notification	askuser-notification-0.8.4-1	libaskuser-notification-common	libaskuser-notification-common-0.8.4-1.x86_64	366a650cc54a71a2c08ba0bd93131a303e09f36146a03fab9f63bc9064f1ef91	tier1_production_0011	NONE
WAVE1_ACTIVE_26	x86_64	x86_64	boost	boost-1.83.0-5.1	boost	boost-1.83.0-5.1.x86_64	47775ead3f513c0772839e12827b73e627473636dadf61c399d0ef1918b772b3	NO_PRODUCTION_TIER1:boost	NONE
WAVE1_ACTIVE_26	x86_64	x86_64	boost	boost-1.83.0-5.1	boost-atomic	boost-atomic-1.83.0-5.1.x86_64	43b087829d88a03f9307006001a3640c5fcfaf6a83e78c915fd85b8c84f7413d	tier1_production_0126	NONE
WAVE1_ACTIVE_26	x86_64	x86_64	boost	boost-1.83.0-5.1	boost-chrono	boost-chrono-1.83.0-5.1.x86_64	a29dd6d5b4a73110132031934b6989955af42b57dd40f32246e1463602379fe0	tier1_production_0127	NONE
WAVE1_ACTIVE_26	x86_64	x86_64	boost	boost-1.83.0-5.1	boost-container	boost-container-1.83.0-5.1.x86_64	3810d23a461e6e7159672d0b0ab22ae05f3d94ca281860d274a881a41a71e506	tier1_production_0128	NONE
WAVE1_ACTIVE_26	x86_64	x86_64	boost	boost-1.83.0-5.1	boost-context	boost-context-1.83.0-5.1.x86_64	187a6d1272e9f24322317765c1a286d2e39cedf9e27521079bfe446a3cd9eb8e	tier1_production_0129	NONE
WAVE1_ACTIVE_26	x86_64	x86_64	boost	boost-1.83.0-5.1	boost-contract	boost-contract-1.83.0-5.1.x86_64	5735495bf7b5e1ef7548f74cb814451f81578b641451761831c2f794408353d3	tier1_production_0130	NONE
WAVE1_ACTIVE_26	x86_64	x86_64	boost	boost-1.83.0-5.1	boost-coroutine	boost-coroutine-1.83.0-5.1.x86_64	8bb379ecb87e4837866431356f6e77d3f708c23964001669c1cba97830b2940e	tier1_production_0131	NONE
WAVE1_ACTIVE_26	x86_64	x86_64	boost	boost-1.83.0-5.1	boost-date-time	boost-date-time-1.83.0-5.1.x86_64	cf2ee25aa03a588f37780bd98abb2daf2c0730d40ae5cb65adf1d2dcc84d7f13	tier1_production_0132	NONE
WAVE1_ACTIVE_26	x86_64	x86_64	boost	boost-1.83.0-5.1	boost-devel	boost-devel-1.83.0-5.1.x86_64	0528360e5074fab7ee46b7076675b0b0d6d7e33a8258f63d46d9d79cdb8830c5	NO_PRODUCTION_TIER1:boost-devel	NONE
WAVE1_ACTIVE_26	x86_64	noarch	boost	boost-1.83.0-5.1	boost-doc-html	boost-doc-html-1.83.0-5.1.noarch	434a09ae5959c89d3fcf9014c02748786e10268148db0be72e58ddfc7b61fe6a	SHARED_NOARCH_NO_CPP:boost-doc-html	NONE
WAVE1_ACTIVE_26	x86_64	x86_64	boost	boost-1.83.0-5.1	boost-fiber	boost-fiber-1.83.0-5.1.x86_64	1dafc158ee82ba9e9140c57fee75f5b4b491f5c671e38e9b339b2c4176e9fab4	tier1_production_0133	NONE
WAVE1_ACTIVE_26	x86_64	x86_64	boost	boost-1.83.0-5.1	boost-filesystem	boost-filesystem-1.83.0-5.1.x86_64	31f8a9565cacc4f3fd319c3c9477145a0a9c4cea079b9a1a0d830945d359c2e5	tier1_production_0013	NONE
WAVE1_ACTIVE_26	x86_64	x86_64	boost	boost-1.83.0-5.1	boost-graph	boost-graph-1.83.0-5.1.x86_64	70e8d7b06b189a654e8e12295e82af08ba17c580394cf2d405d500f3b1df35a9	tier1_production_0134	NONE
WAVE1_ACTIVE_26	x86_64	x86_64	boost	boost-1.83.0-5.1	boost-iostreams	boost-iostreams-1.83.0-5.1.x86_64	a4a4ed7f8aac72eb7456fb39ff2fbaf443db34270df3e7f2156cc768e22f9c8f	tier1_production_0135	NONE
WAVE1_ACTIVE_26	x86_64	x86_64	boost	boost-1.83.0-5.1	boost-json	boost-json-1.83.0-5.1.x86_64	004cae718ec6bfa0bc063b57078494ac35e5ea9c09aa78e36dfe68dabc297492	tier1_production_0137	NONE
WAVE1_ACTIVE_26	x86_64	noarch	boost	boost-1.83.0-5.1	boost-license	boost-license-1.83.0-5.1.noarch	39484d87349fe00b7dbc9382518cb258b694d3126d0c64358da3e3abf3871cf0	STDLIB_NEUTRAL:boost-license	NONE
WAVE1_ACTIVE_26	x86_64	x86_64	boost	boost-1.83.0-5.1	boost-locale	boost-locale-1.83.0-5.1.x86_64	16d02913068959f3747da9b7289e0941daff48301e6044c30039ce3775be57b2	tier1_production_0138	NONE
WAVE1_ACTIVE_26	x86_64	x86_64	boost	boost-1.83.0-5.1	boost-log	boost-log-1.83.0-5.1.x86_64	77534e5be7bc43d45347d6d58402a4d2ad43d47fb371c6137ba3d696a0b9c097	tier1_production_0013	NONE
WAVE1_ACTIVE_26	x86_64	x86_64	boost	boost-1.83.0-5.1	boost-math	boost-math-1.83.0-5.1.x86_64	ab5f14c1df94b1ed8e513b289b47202be65677c0916d11ff3e9e5cbaa9ef6f2c	tier1_production_0139	NONE
WAVE1_ACTIVE_26	x86_64	x86_64	boost	boost-1.83.0-5.1	boost-nowide	boost-nowide-1.83.0-5.1.x86_64	4190527fd02055a873adbbf076c691cda121741220e8b7fc298e9921660e26b2	tier1_production_0140	NONE
WAVE1_ACTIVE_26	x86_64	x86_64	boost	boost-1.83.0-5.1	boost-program-options	boost-program-options-1.83.0-5.1.x86_64	d96f628f363b37d05660f20b7ee00bc5c30cc087ce2e4dcebc3b80a907c0c609	tier1_production_0008	NONE
WAVE1_ACTIVE_26	x86_64	x86_64	boost	boost-1.83.0-5.1	boost-python3	boost-python3-1.83.0-5.1.x86_64	dc1ff226d0c9da23b6e2f30c773497dc808174bb4756cdb1169c339e5918ff67	tier1_production_0141	NONE
WAVE1_ACTIVE_26	x86_64	x86_64	boost	boost-1.83.0-5.1	boost-random	boost-random-1.83.0-5.1.x86_64	0267a9d1641b1bb38e40541ddb3fe5c15ff5fd1e0250bc8f4bde265800ed10b3	tier1_production_0142	NONE
WAVE1_ACTIVE_26	x86_64	x86_64	boost	boost-1.83.0-5.1	boost-regex	boost-regex-1.83.0-5.1.x86_64	3cab9d4e0f6b845afc98ddafbc62eb3674f6983fd666bf9c81ad23b79f04a8a1	tier1_production_0143	NONE
WAVE1_ACTIVE_26	x86_64	x86_64	boost	boost-1.83.0-5.1	boost-serialization	boost-serialization-1.83.0-5.1.x86_64	076be566ec1c8799cc428c439cf4f59e080df2df93ecca9cb4c168c37c22afb7	tier1_production_0144	NONE
WAVE1_ACTIVE_26	x86_64	x86_64	boost	boost-1.83.0-5.1	boost-system	boost-system-1.83.0-5.1.x86_64	df0feec97746b753c8ba9dfefabfc2673875757457d108d229abf9233894767c	tier1_production_0145	NONE
WAVE1_ACTIVE_26	x86_64	x86_64	boost	boost-1.83.0-5.1	boost-test	boost-test-1.83.0-5.1.x86_64	a14b8ef68935095cef1bc64308c8bbedf5b37927a442d7c4035bb3e819458ea0	NO_PRODUCTION_TIER1:boost-test	NONE
WAVE1_ACTIVE_26	x86_64	x86_64	boost	boost-1.83.0-5.1	boost-thread	boost-thread-1.83.0-5.1.x86_64	4ec30193cd687d94f9c9833b0b3064dd095e5720cc24dc67a3556e1a30b86780	tier1_production_0013	NONE
WAVE1_ACTIVE_26	x86_64	x86_64	boost	boost-1.83.0-5.1	boost-timer	boost-timer-1.83.0-5.1.x86_64	e41ee2ed6e127dc7142401da6a1602e3ed326914144698ceb0f3206f6470f125	tier1_production_0146	NONE
WAVE1_ACTIVE_26	x86_64	x86_64	boost	boost-1.83.0-5.1	boost-url	boost-url-1.83.0-5.1.x86_64	39b6ea41f8265a896de7c87bfd34815f4a8ab6810cdf12b0c324f72a7719b35c	tier1_production_0147	NONE
WAVE1_ACTIVE_26	x86_64	x86_64	boost	boost-1.83.0-5.1	boost-wave	boost-wave-1.83.0-5.1.x86_64	533a2d8ac1172537c7b4c82a32d362dcea1254e3180a05166afcc21fa2191245	tier1_production_0148	NONE
WAVE1_ACTIVE_26	x86_64	x86_64	boost	boost-1.83.0-5.1	boost_stacktrace	boost_stacktrace-1.83.0-5.1.x86_64	5f583f8738416726eb3407704fc05be4e8138ffce9d9d33f825bd65947cb742b	tier1_production_0149	NONE
WAVE1_ACTIVE_26	x86_64	x86_64	boost	boost-1.83.0-5.1	boost_type_erasure	boost_type_erasure-1.83.0-5.1.x86_64	307cf4b01e92182b8a959d5830f129073bbc6ab1f3e657cf8cdca7c46a555535	tier1_production_0150	NONE
WAVE1_ACTIVE_26	x86_64	x86_64	capi-appfw-capmgr	capi-appfw-capmgr-0.0.4-1	capi-appfw-capmgr	capi-appfw-capmgr-0.0.4-1.x86_64	6f382e4ffcecb9f865954fe40eb52c2ed3b3c52ce74cc1b98b3ebce38259f78e	tier1_production_0008	NONE
WAVE1_ACTIVE_26	x86_64	x86_64	capi-appfw-capmgr	capi-appfw-capmgr-0.0.4-1	capi-appfw-capmgr-devel	capi-appfw-capmgr-devel-0.0.4-1.x86_64	b05b9688eab522b13cb95de2c2a739cef391a39526cc733faf4d47ab8d17df3a	NO_PRODUCTION_TIER1:capi-appfw-capmgr-devel	NONE
WAVE1_ACTIVE_26	x86_64	x86_64	capi-appfw-capmgr	capi-appfw-capmgr-0.0.4-1	capi-appfw-capmgr-tests	capi-appfw-capmgr-tests-0.0.4-1.x86_64	2cf4315e97f6662c468b0a6af2eccab954cf8bbcda5cf785a8e774d34c9bf345	NO_PRODUCTION_TIER1:capi-appfw-capmgr-tests	NONE
WAVE1_ACTIVE_26	x86_64	x86_64	cynara	cynara-0.26.0-1	cynara	cynara-0.26.0-1.x86_64	905743c0c4e35784fc8fa66215f4db5ea4d444f9a8031d5d8aec34a7d3363bdf	tier1_production_0005	NONE
WAVE1_ACTIVE_26	x86_64	x86_64	cynara	cynara-0.26.0-1	cynara-tests	cynara-tests-0.26.0-1.x86_64	f542d819aeeba3cac855260323869f9762ee9f39a07eea055e6e4d90668c3ebc	NO_PRODUCTION_TIER1:cynara-tests	NONE
WAVE1_ACTIVE_26	x86_64	x86_64	libcynara-commons	libcynara-commons-0.26.0-1	cyad	cyad-0.26.0-1.x86_64	7b5d1b5a865fd8415e574e43318d567456e5ad3f301e8441cb37e67c1364d615	tier1_production_0005	NONE
WAVE1_ACTIVE_26	x86_64	x86_64	libcynara-commons	libcynara-commons-0.26.0-1	cynara-commons-tests	cynara-commons-tests-0.26.0-1.x86_64	4b1709207f3502ec585e798bd85f307cb4fae0b7dac0dbb9516e6518a7b46e14	NO_PRODUCTION_TIER1:cynara-commons-tests	NONE
WAVE1_ACTIVE_26	x86_64	x86_64	libcynara-commons	libcynara-commons-0.26.0-1	cynara-db-migration	cynara-db-migration-0.26.0-1.x86_64	5cd9cf8144ce88e927f102677e6f368d446e2bcc7b7600512dc79814f6244f1c	tier1_production_0331	NONE
WAVE1_ACTIVE_26	x86_64	x86_64	libcynara-commons	libcynara-commons-0.26.0-1	cynara-devel	cynara-devel-0.26.0-1.x86_64	8d4ac976515fe108bfba9a59ea2f1bfaaaceb3ef2304d34f6f5de6cb3f171c98	NO_PRODUCTION_TIER1:cynara-devel	NONE
WAVE1_ACTIVE_26	x86_64	x86_64	libcynara-commons	libcynara-commons-0.26.0-1	libcynara-admin	libcynara-admin-0.26.0-1.x86_64	7552b26fc4b1071205ad33798a8462e8bd664cace8cd028e719ce9ca2f6f35df	tier1_production_0005	NONE
WAVE1_ACTIVE_26	x86_64	x86_64	libcynara-commons	libcynara-commons-0.26.0-1	libcynara-agent	libcynara-agent-0.26.0-1.x86_64	26a6e3ca525d05f910c03def7279fbdcaff334f0c123bc93583ee2076db4766a	tier1_production_0005	NONE
WAVE1_ACTIVE_26	x86_64	x86_64	libcynara-commons	libcynara-commons-0.26.0-1	libcynara-client	libcynara-client-0.26.0-1.x86_64	f17ab7826fc24bd11686518da9181ebf2efeca907d3ad464bbde0e8a8e33aa85	tier1_production_0005	NONE
WAVE1_ACTIVE_26	x86_64	x86_64	libcynara-commons	libcynara-commons-0.26.0-1	libcynara-commons	libcynara-commons-0.26.0-1.x86_64	ae8ef17965284111adf61e38a60f8182f0a624d7262b8ad213c2daadbbba8562	tier1_production_0005	NONE
WAVE1_ACTIVE_26	x86_64	x86_64	libcynara-commons	libcynara-commons-0.26.0-1	libcynara-creds-commons	libcynara-creds-commons-0.26.0-1.x86_64	a85d59688eb70cb25d8051d5a5150a4aadd28b9ab3402359e8184e550f259437	tier1_production_0007	NONE
WAVE1_ACTIVE_26	x86_64	x86_64	libcynara-commons	libcynara-commons-0.26.0-1	libcynara-creds-pid	libcynara-creds-pid-0.26.0-1.x86_64	a2491aad48d801772119bd646d6403f9ba98c2776e865730754b658bb7104b96	tier1_production_0007	NONE
WAVE1_ACTIVE_26	x86_64	x86_64	libcynara-commons	libcynara-commons-0.26.0-1	libcynara-creds-self	libcynara-creds-self-0.26.0-1.x86_64	17f2550a1c93edc92a13b360451e5f859893ae3397954ca5577ee31cb195fd36	tier1_production_0007	NONE
WAVE1_ACTIVE_26	x86_64	x86_64	libcynara-commons	libcynara-commons-0.26.0-1	libcynara-creds-socket	libcynara-creds-socket-0.26.0-1.x86_64	7ebc65f5d2efb199feda3a624e1d35a35c27e16b4001ea141eebe9aa5bdf72fb	tier1_production_0007	NONE
WAVE1_ACTIVE_26	x86_64	x86_64	libcynara-commons	libcynara-commons-0.26.0-1	libcynara-monitor	libcynara-monitor-0.26.0-1.x86_64	041bc118cbb3290a5b92202d3d523b2229ebc99aec7c9e2ef56798182ddd164b	tier1_production_0005	NONE
WAVE1_ACTIVE_26	x86_64	x86_64	libcynara-commons	libcynara-commons-0.26.0-1	libcynara-session	libcynara-session-0.26.0-1.x86_64	e83a7b7d25ff4d6dbb92d22722ba44d8d2b607fa4a3e8ab5c8bd5700ae8341f0	tier1_production_0660	NONE
WAVE1_ACTIVE_26	x86_64	x86_64	libcynara-commons	libcynara-commons-0.26.0-1	libcynara-uid	libcynara-uid-0.26.0-1.x86_64	4f57b82fc8de361ba0e9676bb95b564a4e02b86357a31210bcd777cf02958a57	tier1_production_0661	NONE
WAVE1_ACTIVE_26	x86_64	x86_64	libcynara-commons	libcynara-commons-0.26.0-1	libcynara-uid-creds	libcynara-uid-creds-0.26.0-1.x86_64	f886fc944255b73f48b95306bea368d6db1a6db697e4111455d3c976f614f81d	tier1_production_0007	NONE
WAVE1_ACTIVE_26	x86_64	x86_64	libcynara-creds-dbus	libcynara-creds-dbus-0.26.0-1	libcynara-creds-dbus	libcynara-creds-dbus-0.26.0-1.x86_64	07e8926c5c5267eba860e7e3cee8536bbbf35d92e712e7ebe7f7c5adbc698c2e	tier1_production_0657	NONE
WAVE1_ACTIVE_26	x86_64	x86_64	libcynara-creds-dbus	libcynara-creds-dbus-0.26.0-1	libcynara-creds-dbus-devel	libcynara-creds-dbus-devel-0.26.0-1.x86_64	443d047013d46ba762532703d9d7b6e71b3978d04b725b2ffab5fae97e3f5b63	NO_PRODUCTION_TIER1:libcynara-creds-dbus-devel	NONE
WAVE1_ACTIVE_26	x86_64	x86_64	libcynara-creds-dbus	libcynara-creds-dbus-0.26.0-1	libcynara-creds-gdbus	libcynara-creds-gdbus-0.26.0-1.x86_64	5d0b6b52d80e55f4141076f61f0504e4483c0fb58879bdc8bbc89a082c94d0a5	tier1_production_0658	NONE
WAVE1_ACTIVE_26	x86_64	x86_64	libcynara-creds-dbus	libcynara-creds-dbus-0.26.0-1	libcynara-creds-gdbus-devel	libcynara-creds-gdbus-devel-0.26.0-1.x86_64	c0d469d07be43d440662611499cc6b8e8efc74b333f72965f74efbe5367a62d6	NO_PRODUCTION_TIER1:libcynara-creds-gdbus-devel	NONE
WAVE1_ACTIVE_26	x86_64	x86_64	libcynara-creds-dbus	libcynara-creds-dbus-0.26.0-1	libcynara-creds-sd-bus	libcynara-creds-sd-bus-0.26.0-1.x86_64	03f4f968ffcc14af2824b0d6c80e0a8d04d7c2a6d284c3650bf78b6350f9c8e5	tier1_production_0659	NONE
WAVE1_ACTIVE_26	x86_64	x86_64	libcynara-creds-dbus	libcynara-creds-dbus-0.26.0-1	libcynara-creds-sd-bus-devel	libcynara-creds-sd-bus-devel-0.26.0-1.x86_64	d3f02adefdb21a79066943f150901c885ac69026b2394768f52aa6e9c1fdcd10	NO_PRODUCTION_TIER1:libcynara-creds-sd-bus-devel	NONE
WAVE1_ACTIVE_26	x86_64	x86_64	security-manager	security-manager-2.4.0-0	libnss-security-manager	libnss-security-manager-2.4.0-0.x86_64	2663b937e69567de57810c0fe8a67e884fc7e303409824e8c82e731897ae40e0	tier1_production_0861	NONE
WAVE1_ACTIVE_26	x86_64	x86_64	security-manager	security-manager-2.4.0-0	libsecurity-manager-client	libsecurity-manager-client-2.4.0-0.x86_64	99392a92d3c2cadba825433a0579cd488a23d1699af3514b2f6cf7227f783877	tier1_production_0008	NONE
WAVE1_ACTIVE_26	x86_64	x86_64	security-manager	security-manager-2.4.0-0	libsecurity-manager-client-devel	libsecurity-manager-client-devel-2.4.0-0.x86_64	9058be76bf80f292cf2a66c47d08c9ebc6e94eab5c31b4557df9d0e00ee26e8f	NO_PRODUCTION_TIER1:libsecurity-manager-client-devel	NONE
WAVE1_ACTIVE_26	x86_64	x86_64	security-manager	security-manager-2.4.0-0	security-license-manager	security-license-manager-2.4.0-0.x86_64	27536c8f78dc33da4cb937154bd40fb8ebea9936759dc6e74d92c35ab2062d94	tier1_production_1394	NONE
WAVE1_ACTIVE_26	x86_64	x86_64	security-manager	security-manager-2.4.0-0	security-manager	security-manager-2.4.0-0.x86_64	b6df85c541e94dee5b94218c487f2936c44c33cd6864bdaaba1b88c61377e9f7	tier1_production_0008	NONE
WAVE1_ACTIVE_26	x86_64	x86_64	security-manager	security-manager-2.4.0-0	security-manager-policy	security-manager-policy-2.4.0-0.x86_64	f2ffe8a781d6de4fcaf555a7934f51bfb5b6102890136d1975d6d418fc24577c	NO_PRODUCTION_TIER1:security-manager-policy	NONE
WAVE1_ACTIVE_26	x86_64	x86_64	security-manager	security-manager-2.4.0-0	security-manager-policy-iptables	security-manager-policy-iptables-2.4.0-0.x86_64	070b24fafbe19189505e4bd37010e7edc1c00338e806ddddf29be73c6eee4917	NO_PRODUCTION_TIER1:security-manager-policy-iptables	NONE
WAVE1_ACTIVE_26	x86_64	x86_64	security-manager	security-manager-2.4.0-0	security-manager-tests	security-manager-tests-2.4.0-0.x86_64	6736f9ae945954e7fd35c406eb982fc66a348f587d9ed1843c0fa0d28d72b577	NO_PRODUCTION_TIER1:security-manager-tests	NONE
