repo_id	kind	name	arch	epoch	version	release	sourcerpm	location	checksum_type	checksum	package_size	build_time
actual_base	binary	app-rootstrap-checker	aarch64	0	1.0.0	4.1	app-rootstrap-checker-1.0.0-4.1.src.rpm	aarch64/app-rootstrap-checker-1.0.0-4.1.aarch64.rpm	sha256	2ca9793457c7246a8b1159043165aa52b0fd6c444d890e6cabd97ab23a5cd0bd	16590	NOT_AVAILABLE
actual_base	binary	asan-build-env	aarch64	0	14.2.0	1.1	gcc-contrib-14.2.0-1.1.src.rpm	aarch64/asan-build-env-14.2.0-1.1.aarch64.rpm	sha256	1a713ee594aad4948ce70ad7e5a754b325ff2f18c61b024fbe9b81b0626d0171	8433	NOT_AVAILABLE
actual_base	binary	asan-runtime-env	aarch64	0	14.2.0	1.1	gcc-contrib-14.2.0-1.1.src.rpm	aarch64/asan-runtime-env-14.2.0-1.1.aarch64.rpm	sha256	fe150e246a12e86450e54303ed4958959c073cfe107be18a6cdddeef827031b3	7385	NOT_AVAILABLE
actual_base	binary	boost	aarch64	0	1.83.0	6.2	boost-1.83.0-6.2.src.rpm	aarch64/boost-1.83.0-6.2.aarch64.rpm	sha256	6c33a3512709bead9222598eaed39631a5cbaa155c45f8e275784f266379bfc3	9269	NOT_AVAILABLE
actual_base	binary	bpftrace-common	aarch64	0	0.24.2	4.1	bpftrace-0.24.2-4.1.src.rpm	aarch64/bpftrace-common-0.24.2-4.1.aarch64.rpm	sha256	b2491606ebf83f3393db6be089f57bd8a6e87c835725555b4c077571f4497c59	83157	NOT_AVAILABLE
actual_base	binary	cereal-devel	aarch64	0	1.3.2	3.1	cereal-1.3.2-3.1.src.rpm	aarch64/cereal-devel-1.3.2-3.1.aarch64.rpm	sha256	fe6d1ebf646fcdeb9c830008ca1428c33024dfecb18d3cedfc2ffd5d8b682ed3	209213	NOT_AVAILABLE
actual_base	binary	clang-accel-aarch64	aarch64	0	0.4	3.2	qemu-accel-0.4-3.2.src.rpm	aarch64/clang-accel-aarch64-0.4-3.2.aarch64.rpm	sha256	f90a93df52eb7e63a74d463d378ab8690cdfb33e1ffc53ead806a2327e42960f	725734154	NOT_AVAILABLE
actual_base	binary	clang-accel-x86_64-aarch64	aarch64	0	0.4	3.2	qemu-accel-0.4-3.2.src.rpm	aarch64/clang-accel-x86_64-aarch64-0.4-3.2.aarch64.rpm	sha256	807e1fb907c0124d61f32ce9fefbed623b3a63c9d34a0c67af1b011434c00e98	725742654	NOT_AVAILABLE
actual_base	binary	cmake-docs	aarch64	0	3.31.2	1.69	cmake-3.31.2-1.69.src.rpm	aarch64/cmake-docs-3.31.2-1.69.aarch64.rpm	sha256	751007bc98668ac3962686762a958f6a64be434ebbb25b12433e1fcdcaa4ed7d	6421	NOT_AVAILABLE
actual_base	binary	cpio-docs	aarch64	0	2.8	2.1	cpio-2.8-2.1.src.rpm	aarch64/cpio-docs-2.8-2.1.aarch64.rpm	sha256	d9e6d2087dc87d94c63a79361b86938db956e9c78c27421981663c1b9cab42dc	20693	NOT_AVAILABLE
actual_base	binary	dash-docs	aarch64	0	0.5.13.4	1.1	dash-0.5.13.4-1.1.src.rpm	aarch64/dash-docs-0.5.13.4-1.1.aarch64.rpm	sha256	c81c06d9df8b2dd81670588ec2419527069cd068b609a755bfb9b9d11878af09	29054	NOT_AVAILABLE
actual_base	binary	default-ac-domains	aarch64	0	0.2	1.1	default-ac-domains-0.2-1.1.src.rpm	aarch64/default-ac-domains-0.2-1.1.aarch64.rpm	sha256	26b5d42048747299ac1399808e4a068ca2024e831a10b42aa03a95c425afc656	20757	NOT_AVAILABLE
actual_base	binary	dejagnu-devel	aarch64	0	1.6.2	1.1	dejagnu-1.6.2-1.1.src.rpm	aarch64/dejagnu-devel-1.6.2-1.1.aarch64.rpm	sha256	ac15bd96dbded9fffce4200855e56015d0d1ecf9af71ffdd66b4745b6ff72283	8693	NOT_AVAILABLE
actual_base	binary	doxygen-docs	aarch64	0	1.14.0	2.1	doxygen-1.14.0-2.1.src.rpm	aarch64/doxygen-docs-1.14.0-2.1.aarch64.rpm	sha256	1cddde57d029cb6e9fb644bca5d34a76687ede1a016d455d3b676eea7d0bed73	8126	NOT_AVAILABLE
actual_base	binary	e2fsprogs-devel	aarch64	0	1.46.0	2.6	e2fsprogs-1.46.0-2.6.src.rpm	aarch64/e2fsprogs-devel-1.46.0-2.6.aarch64.rpm	sha256	c73bfaf39eb7f9826b6697842d7d1502d116ac6e8c49e85209a738bd80897c0c	8077	NOT_AVAILABLE
actual_base	binary	e2fsprogs-docs	aarch64	0	1.46.0	2.6	e2fsprogs-1.46.0-2.6.src.rpm	aarch64/e2fsprogs-docs-1.46.0-2.6.aarch64.rpm	sha256	4c47ba44a151ac96823c4d7d9fb3a87c3fda865365a8e8c70173f1ad5fc96d34	96373	NOT_AVAILABLE
actual_base	binary	expect-devel	aarch64	0	5.45.4	2.1	expect-5.45.4-2.1.src.rpm	aarch64/expect-devel-5.45.4-2.1.aarch64.rpm	sha256	dc62a696b790db639efdb292933ba81737717fa20472a42b9a4d3dfdca9105eb	13170	NOT_AVAILABLE
actual_base	binary	filesystem	aarch64	0	3.1	7.1	filesystem-3.1-7.1.src.rpm	aarch64/filesystem-3.1-7.1.aarch64.rpm	sha256	a4211a899f0d4bf3defa95500dd5be4098edba50a2af6631d2b0d948cf96eca7	66590	NOT_AVAILABLE
actual_base	binary	gcc-contrib	aarch64	0	14.2.0	1.1	gcc-contrib-14.2.0-1.1.src.rpm	aarch64/gcc-contrib-14.2.0-1.1.aarch64.rpm	sha256	db166739712e883a0f0d4a86647bbb45d3f3dd22b46caf9c2366921523dbd5bc	6345	NOT_AVAILABLE
actual_base	binary	gcov-build-env	aarch64	0	14.2.0	1.1	gcc-contrib-14.2.0-1.1.src.rpm	aarch64/gcov-build-env-14.2.0-1.1.aarch64.rpm	sha256	ac6fe70face7d2ec8b5383ac2d9c058d265b5c681f2471fa17a1f00f8bd4e4fe	8321	NOT_AVAILABLE
actual_base	binary	gdb-devel	aarch64	0	16.3	2.1	gdb-16.3-2.1.src.rpm	aarch64/gdb-devel-16.3-2.1.aarch64.rpm	sha256	21d66e9ddce672d70fce9a74fd361152ce6a04123a349097e87ed976f87eee14	102398	NOT_AVAILABLE
actual_base	binary	gdb-docs	aarch64	0	16.3	2.1	gdb-16.3-2.1.src.rpm	aarch64/gdb-docs-16.3-2.1.aarch64.rpm	sha256	34bcff696a18ba670cd1304875240ee49d0c82a3c68005493e163f664c10e4b8	997094	NOT_AVAILABLE
actual_base	binary	gettext-docs	aarch64	0	0.21.1	4.13	gettext-0.21.1-4.13.src.rpm	aarch64/gettext-docs-0.21.1-4.13.aarch64.rpm	sha256	7e3e5a7f4ba3bfa2fcca0cc485ef18beb7fc4286ac2d3d3844ce1fdb8a671681	325213	NOT_AVAILABLE
actual_base	binary	glibc-docs	aarch64	0	2.40	13.4	glibc-2.40-13.4.src.rpm	aarch64/glibc-docs-2.40-13.4.aarch64.rpm	sha256	66b297d5e94171e9f9036e660536aa58e8a1445ce90f454ce9f9941c642fc3b7	1095729	NOT_AVAILABLE
actual_base	binary	gmp	aarch64	0	4.2.1	2.13	gmp-4.2.1-2.13.src.rpm	aarch64/gmp-4.2.1-2.13.aarch64.rpm	sha256	bced00459f5a1a8beb6468e646a0bb236799f181fcf553ec0bef178ddf294671	20565	NOT_AVAILABLE
actual_base	binary	golang	aarch64	0	1.25.3	3.2	golang-1.25.3-3.2.src.rpm	aarch64/golang-1.25.3-3.2.aarch64.rpm	sha256	973439e75017ac2a097a8f00dad4ef9bae799622a613f6b4b732466a39ee2fad	1365541	NOT_AVAILABLE
actual_base	binary	golang-src	aarch64	0	1.25.3	3.2	golang-1.25.3-3.2.src.rpm	aarch64/golang-src-1.25.3-3.2.aarch64.rpm	sha256	f6135506f5fb57fd42ee8cb2132aa7a3b4fd02a7688a841ab4cb76c15716bce1	13082485	NOT_AVAILABLE
actual_base	binary	gzip-docs	aarch64	0	1.3.12	2.10	gzip-1.3.12-2.10.src.rpm	aarch64/gzip-docs-1.3.12-2.10.aarch64.rpm	sha256	7e6b843effa92c80e57df73d4558b6211fb95f7f9b1c3ac8d3820e1750712668	34385	NOT_AVAILABLE
actual_base	binary	hal-rootstrap-checker	aarch64	0	1.0.0	11.1	hal-rootstrap-checker-1.0.0-11.1.src.rpm	aarch64/hal-rootstrap-checker-1.0.0-11.1.aarch64.rpm	sha256	b15cd437cd28edfe2bac1fa63eb78ef5398fcfbe4de7669191de4afd39abcaa7	20270	NOT_AVAILABLE
actual_base	binary	hwasan-build-env	aarch64	0	14.2.0	1.1	gcc-contrib-14.2.0-1.1.src.rpm	aarch64/hwasan-build-env-14.2.0-1.1.aarch64.rpm	sha256	34c37cc80fc8464516947208b9a4f17bf509074190b4b68964dcc772319881a7	6973	NOT_AVAILABLE
actual_base	binary	hwasan-runtime-env	aarch64	0	14.2.0	1.1	gcc-contrib-14.2.0-1.1.src.rpm	aarch64/hwasan-runtime-env-14.2.0-1.1.aarch64.rpm	sha256	f8a0e1527c671abc686916bd86484b5be62a5355c279eeae0230c10fbc8a6bd0	7001	NOT_AVAILABLE
actual_base	binary	icu	aarch64	0	78.1	1.34	icu-78.1-1.34.src.rpm	aarch64/icu-78.1-1.34.aarch64.rpm	sha256	513ddeae9f2d7bbf77e1a10177226d99282152de0863f93451c049e194d4f104	13557	NOT_AVAILABLE
actual_base	binary	iptables-docs	aarch64	0	1.6.1	4.1	iptables-1.6.1-4.1.src.rpm	aarch64/iptables-docs-1.6.1-4.1.aarch64.rpm	sha256	a1ce0f2949b0245b34a8c04c3bc87931f7761011308b269876c5baf76e80122c	6430	NOT_AVAILABLE
actual_base	binary	kmod-conf	aarch64	0	34.2	1.1	kmod-34.2-1.1.src.rpm	aarch64/kmod-conf-34.2-1.1.aarch64.rpm	sha256	2b8295974e85d0fd25db615af5e9d155ebcb45b6796d0e0caaf848cf5fcceba9	14573	NOT_AVAILABLE
actual_base	binary	kmod-docs	aarch64	0	34.2	1.1	kmod-34.2-1.1.src.rpm	aarch64/kmod-docs-34.2-1.1.aarch64.rpm	sha256	0c69caf33a3597ee4831a924b8838e3fa0b26d19633586918a8ee839c6dc88ca	6901	NOT_AVAILABLE
actual_base	binary	less-docs	aarch64	0	685	2.1	less-685-2.1.src.rpm	aarch64/less-docs-685-2.1.aarch64.rpm	sha256	1f3439f63e8ebe0ce8c9c86e034b503674dae75d72d9318c3345881736da033a	44142	NOT_AVAILABLE
actual_base	binary	libdbuspolicy-header	aarch64	0	1.2.0	2.1	libdbuspolicy-header-1.2.0-2.1.src.rpm	aarch64/libdbuspolicy-header-1.2.0-2.1.aarch64.rpm	sha256	6d49ca336af8bd2c86a24a1f856794c54507368cfd67265f6e3268608e278687	8150	NOT_AVAILABLE
actual_base	binary	libjpeg-turbo	aarch64	0	3.0.4	1.35	libjpeg-turbo-3.0.4-1.35.src.rpm	aarch64/libjpeg-turbo-3.0.4-1.35.aarch64.rpm	sha256	67c18ef1bdb0abbe9d23cf200a9e6e5afcb52130bc17e37d5925c893426b7d62	13885	NOT_AVAILABLE
actual_base	binary	libmagic-data	aarch64	0	5.46	1.57	file-5.46-1.57.src.rpm	aarch64/libmagic-data-5.46-1.57.aarch64.rpm	sha256	b8ffbaa3edd546c4544616234f3b7bbb3dfd3832d09b08b3d0071cd9372e4e89	322665	NOT_AVAILABLE
actual_base	binary	libncurses	aarch64	0	6.6	3.7	ncurses-6.6-3.7.src.rpm	aarch64/libncurses-6.6-3.7.aarch64.rpm	sha256	799ad22f8a64169b31434350d924347e4f5399a7a44212bb50197965f1a3366d	10381	NOT_AVAILABLE
actual_base	binary	libtirpc-docs	aarch64	0	1.3.3	1.1	libtirpc-1.3.3-1.1.src.rpm	aarch64/libtirpc-docs-1.3.3-1.1.aarch64.rpm	sha256	42b48a7d5e78ab860b632ef3be8b18fe5e7d77f1fc2bf319a2b980ff8273e1a5	76269	NOT_AVAILABLE
actual_base	binary	libunwind-tests	aarch64	0	1.6.2	2.3	libunwind-1.6.2-2.3.src.rpm	aarch64/libunwind-tests-1.6.2-2.3.aarch64.rpm	sha256	7cc343c993aa98bc95671a4e1bee4408e1cecb275855e6f98e5c9c88c764dfb9	14293	NOT_AVAILABLE
actual_base	binary	libwebp-doc	aarch64	0	1.4.0	1.1	libwebp-1.4.0-1.1.src.rpm	aarch64/libwebp-doc-1.4.0-1.1.aarch64.rpm	sha256	841b7ff7818ab4a927474555b5e881e5c75bf771a6aefb1c53a3f8cb21dd9e57	24401	NOT_AVAILABLE
actual_base	binary	linux-glibc-devel	aarch64	0	6.6	1.89	linux-glibc-devel-6.6-1.89.src.rpm	aarch64/linux-glibc-devel-6.6-1.89.aarch64.rpm	sha256	2501d8380551bdf48b12674091ea21e5d1db2173718b34572d04bf5476860843	1397989	NOT_AVAILABLE
actual_base	binary	lsan-runtime-env	aarch64	0	14.2.0	1.1	gcc-contrib-14.2.0-1.1.src.rpm	aarch64/lsan-runtime-env-14.2.0-1.1.aarch64.rpm	sha256	e8562af97dd34e648b06eaac1ae61893d8a213a2292cd1e089912b6f8fb52466	7917	NOT_AVAILABLE
actual_base	binary	net-tools-docs	aarch64	0	2.0_20121208git	1.57	net-tools-2.0_20121208git-1.57.src.rpm	aarch64/net-tools-docs-2.0_20121208git-1.57.aarch64.rpm	sha256	60e04065493b2603405589f682c4e468fc460d77fff4bf2b9ea0c7bea7d1c271	6713	NOT_AVAILABLE
actual_base	binary	openssl1.1	aarch64	0	1.1.1w	2.12	openssl1.1-1.1.1w-2.12.src.rpm	aarch64/openssl1.1-1.1.1w-2.12.aarch64.rpm	sha256	f3b9bd368343db017beec03a909b1d878015659d6dbcaf195a16d3973a41ba7f	6969	NOT_AVAILABLE
actual_base	binary	pam-docs	aarch64	0	1.1.6	3.6	pam-1.1.6-3.6.src.rpm	aarch64/pam-docs-1.1.6-3.6.aarch64.rpm	sha256	18e725313026d2041a6552c7fd820cda0b45df3cfadad209095bf8b69812ce7d	226317	NOT_AVAILABLE
actual_base	binary	pcre2-syntax	aarch64	0	10.47	3.3	pcre2-10.47-3.3.src.rpm	aarch64/pcre2-syntax-10.47-3.3.aarch64.rpm	sha256	cb8e5747e57ae6fee4f8e53cfc50f05a50fbedafd377e42081bfeb1d65f00c66	9329	NOT_AVAILABLE
actual_base	binary	perl-Devel-Symdump	aarch64	0	2.18	1.2	perl-Devel-Symdump-2.18-1.2.src.rpm	aarch64/perl-Devel-Symdump-2.18-1.2.aarch64.rpm	sha256	6a74855624532dfc1f704909dcb902229ebe9ded04796be607349fd5af525d1d	18809	NOT_AVAILABLE
actual_base	binary	perl-HTML-Tagset	aarch64	0	3.24	1.2	perl-HTML-Tagset-3.24-1.2.src.rpm	aarch64/perl-HTML-Tagset-3.24-1.2.aarch64.rpm	sha256	cdf1c1871f07ff9d5f3ee04b163df95466e53d93a4fc172e9ff265726018a536	16633	NOT_AVAILABLE
actual_base	binary	perl-Software-License	aarch64	0	0.104006	1.2	perl-Software-License-0.104006-1.2.src.rpm	aarch64/perl-Software-License-0.104006-1.2.aarch64.rpm	sha256	5d79fd890680e9576ba8f6fbd535b806d692bec44ade716f429f8c712b193fcd	133417	NOT_AVAILABLE
actual_base	binary	perl-Test-Pod	aarch64	0	1.52	1.2	perl-Test-Pod-1.52-1.2.src.rpm	aarch64/perl-Test-Pod-1.52-1.2.aarch64.rpm	sha256	7ee6f49920a99d75f4c6af1b32acf22b727e3b529107581c1d4bcfded6594ccb	17245	NOT_AVAILABLE
actual_base	binary	perl-Test-Pod-Coverage	aarch64	0	1.10	1.2	perl-Test-Pod-Coverage-1.10-1.2.src.rpm	aarch64/perl-Test-Pod-Coverage-1.10-1.2.aarch64.rpm	sha256	1a8a4b48ba7ddb9bd8b468567cb4134ebd34944bb453421748a117893f1ee172	20341	NOT_AVAILABLE
actual_base	binary	perl-TimeDate	aarch64	0	2.33	2.2	perl-TimeDate-2.33-2.2.src.rpm	aarch64/perl-TimeDate-2.33-2.2.aarch64.rpm	sha256	9cbeebe90520206c794a1fc95b34c29622d07c8caeda9a2ff1847f2bc3cdc7d6	31257	NOT_AVAILABLE
actual_base	binary	perl-URI	aarch64	0	5.34	1.2	perl-URI-5.34-1.2.src.rpm	aarch64/perl-URI-5.34-1.2.aarch64.rpm	sha256	c62fff59cb6cb62b1b3213b6836b4a9be952a3c2b872b87f99a7720a1131378d	120769	NOT_AVAILABLE
actual_base	binary	perl-inc-latest	aarch64	0	0.500	1.2	perl-inc-latest-0.500-1.2.src.rpm	aarch64/perl-inc-latest-0.500-1.2.aarch64.rpm	sha256	f5980ef4fd674a97dbdf959d381468839c2487c5b71395384e1ec1ebaf39e3ea	24269	NOT_AVAILABLE
actual_base	binary	perl-json	aarch64	0	4.10	1.2	perl-json-4.10-1.2.src.rpm	aarch64/perl-json-4.10-1.2.aarch64.rpm	sha256	16694c3082740b424bc2a940ea182f75d0bbfbf2b19a883d9329338dd8ef45f6	48645	NOT_AVAILABLE
actual_base	binary	python-accel-aarch64	aarch64	0	0.4	3.2	qemu-accel-0.4-3.2.src.rpm	aarch64/python-accel-aarch64-0.4-3.2.aarch64.rpm	sha256	b132b4bdba7e99388122c9334778b33592bca0dde22d42e5a87e5b5fb807989a	9122634	NOT_AVAILABLE
actual_base	binary	python-accel-x86_64-aarch64	aarch64	0	0.4	3.2	qemu-accel-0.4-3.2.src.rpm	aarch64/python-accel-x86_64-aarch64-0.4-3.2.aarch64.rpm	sha256	293e2503c07ddc40d0baec8c67313aa80617581acb3b49d8d35b92939691e628	9122378	NOT_AVAILABLE
actual_base	binary	python-clang	aarch64	0	22.1.8	2.3	llvm-22.1.8-2.3.src.rpm	aarch64/python-clang-22.1.8-2.3.aarch64.rpm	sha256	cdf95ebd8d8ac2e5965a59df0f33ce63d2100f936ec7904bb17699c21dc609c2	36289	NOT_AVAILABLE
actual_base	binary	python3	aarch64	0	3.14.2	5.19	python3-3.14.2-5.19.src.rpm	aarch64/python3-3.14.2-5.19.aarch64.rpm	sha256	55e03b2eeec6b8dc350de546a412c7ffe47831c50e0c234c934083c97fd9e2c1	1971701	NOT_AVAILABLE
actual_base	binary	python3-tools	aarch64	0	3.14.2	5.18	python3-base-3.14.2-5.18.src.rpm	aarch64/python3-tools-3.14.2-5.18.aarch64.rpm	sha256	29fe3868e7f0c0a11f64f08985a92b2faf993b0ed8eaa7ecadd8344ab4f0f36c	76201	NOT_AVAILABLE
actual_base	binary	qemu-accel-aarch64	aarch64	0	0.4	3.2	qemu-accel-0.4-3.2.src.rpm	aarch64/qemu-accel-aarch64-0.4-3.2.aarch64.rpm	sha256	4dd6c3cf52ff238e34bd67857770151d85c32fadf4092f436a913eeec58bc674	81578094	NOT_AVAILABLE
actual_base	binary	qemu-accel-x86_64-aarch64	aarch64	0	0.4	3.2	qemu-accel-0.4-3.2.src.rpm	aarch64/qemu-accel-x86_64-aarch64-0.4-3.2.aarch64.rpm	sha256	d83df65ee5402efae58e0800e9eb2a163b8cffcff7db874afe3c08f4fce76751	81579830	NOT_AVAILABLE
actual_base	binary	rpm-docs	aarch64	0	4.14.1.1	6.3	rpm-4.14.1.1-6.3.src.rpm	aarch64/rpm-docs-4.14.1.1-6.3.aarch64.rpm	sha256	bcf1338e3ffee5ace8c6ab93c5b6ec370efabb03a9233e729de0ced7ec893eef	34702	NOT_AVAILABLE
actual_base	binary	sed-docs	aarch64	0	4.1c	5.10	sed-4.1c-5.10.src.rpm	aarch64/sed-docs-4.1c-5.10.aarch64.rpm	sha256	387e5da028c5bc24d09eea09a57b9d2aa79b47bb19ccb26b0e1b2c6d14c59e3a	38857	NOT_AVAILABLE
actual_base	binary	smack-docs	aarch64	0	1.3.1	2.9	smack-1.3.1-2.9.src.rpm	aarch64/smack-docs-1.3.1-2.9.aarch64.rpm	sha256	f1304682b1ab31b5fe93b92887ebc6de622351578c4beecec6ca1886f31fe737	15629	NOT_AVAILABLE
actual_base	binary	terminfo	aarch64	0	6.6	3.7	ncurses-6.6-3.7.src.rpm	aarch64/terminfo-6.6-3.7.aarch64.rpm	sha256	83ae010cb3b7f873c3e904aee78001e184c62c03366fd14ca2b05c48f8e7fff4	547785	NOT_AVAILABLE
actual_base	binary	terminfo-base-full	aarch64	0	6.6	3.7	ncurses-6.6-3.7.src.rpm	aarch64/terminfo-base-full-6.6-3.7.aarch64.rpm	sha256	ece4694a5d267e773e406cad2aec9133ef5d61e71602a09f7c389ec8d99c9c7e	123869	NOT_AVAILABLE
actual_base	binary	terminfo-base-mini	aarch64	0	6.6	3.7	ncurses-6.6-3.7.src.rpm	aarch64/terminfo-base-mini-6.6-3.7.aarch64.rpm	sha256	ca123852022d0f3468d0ed64b49e5a055ba3834c951cb738f2a300d9d30e3fe1	16461	NOT_AVAILABLE
actual_base	binary	tiff	aarch64	0	4.7.0	1.1	tiff-4.7.0-1.1.src.rpm	aarch64/tiff-4.7.0-1.1.aarch64.rpm	sha256	6bcf74f929f675f59c3a44979c83e4a2e43def69f45bd960ea1fded03217a063	7909	NOT_AVAILABLE
actual_base	binary	tiff-docs	aarch64	0	4.7.0	1.1	tiff-4.7.0-1.1.src.rpm	aarch64/tiff-docs-4.7.0-1.1.aarch64.rpm	sha256	eeb9e1995be8856896b19512a04125990016e4089b80160f4f5fd918ba10f28c	6421	NOT_AVAILABLE
actual_base	binary	tsan-build-env	aarch64	0	14.2.0	1.1	gcc-contrib-14.2.0-1.1.src.rpm	aarch64/tsan-build-env-14.2.0-1.1.aarch64.rpm	sha256	9dd42a343836fd4ad2e97e2db3dac0620a63837ec2728c541867f15daaa7ead1	7181	NOT_AVAILABLE
actual_base	binary	tsan-runtime-env	aarch64	0	14.2.0	1.1	gcc-contrib-14.2.0-1.1.src.rpm	aarch64/tsan-runtime-env-14.2.0-1.1.aarch64.rpm	sha256	025dd80cd526d36866e7d4d8e09c9801dea82286fa32de46d8791cf23406fd96	7157	NOT_AVAILABLE
actual_base	binary	ubsan-build-env	aarch64	0	14.2.0	1.1	gcc-contrib-14.2.0-1.1.src.rpm	aarch64/ubsan-build-env-14.2.0-1.1.aarch64.rpm	sha256	d9fbfee0a1e7ee44d9bc2d70ff9e8d50f30170b0f30e126faabfd816a0a1d574	8449	NOT_AVAILABLE
actual_base	binary	ubsan-runtime-env	aarch64	0	14.2.0	1.1	gcc-contrib-14.2.0-1.1.src.rpm	aarch64/ubsan-runtime-env-14.2.0-1.1.aarch64.rpm	sha256	48d7cfbfb90b9976c2e0e53fa01c47703d0b41ed9fdd247f5a2315d70c2abb2d	6529	NOT_AVAILABLE
actual_base	binary	uthash-devel	aarch64	0	2.3.0	1.59	uthash-2.3.0-1.59.src.rpm	aarch64/uthash-devel-2.3.0-1.59.aarch64.rpm	sha256	192a2c0b5abc6f006944152b47008b89610aeb5267e1f3c814153829fb1bf309	25717	NOT_AVAILABLE
actual_base	binary	util-macros	aarch64	0	1.19.0	1.1	util-macros-1.19.0-1.1.src.rpm	aarch64/util-macros-1.19.0-1.1.aarch64.rpm	sha256	593b09b6626f06376af7e38f0eea3a12767828b982a8afe4856983a510b1b4c6	23629	NOT_AVAILABLE
actual_base	binary	which-docs	aarch64	0	2.17	3.1	which-2.17-3.1.src.rpm	aarch64/which-docs-2.17-3.1.aarch64.rpm	sha256	89b0ecc611cdf4f136e1c8cb844cea4183f071cfb25593630512eb7d25879f97	11102	NOT_AVAILABLE
actual_base	binary	app-rootstrap-checker	armv7l	0	1.0.0	4.1	app-rootstrap-checker-1.0.0-4.1.src.rpm	armv7l/app-rootstrap-checker-1.0.0-4.1.armv7l.rpm	sha256	e12be54333fa23ff7683a7182701daf8267df74e76bd58fe4f569319deb1a57d	16686	NOT_AVAILABLE
actual_base	binary	asan-build-env	armv7l	0	14.2.0	1.1	gcc-contrib-14.2.0-1.1.src.rpm	armv7l/asan-build-env-14.2.0-1.1.armv7l.rpm	sha256	910c0298c66931fbff36db76ba1a84c07636ccf6379b002cd02478718bdc47f3	8937	NOT_AVAILABLE
actual_base	binary	asan-runtime-env	armv7l	0	14.2.0	1.1	gcc-contrib-14.2.0-1.1.src.rpm	armv7l/asan-runtime-env-14.2.0-1.1.armv7l.rpm	sha256	9e48c4151fb415edaec7e0a77cb0dcdcd5e90d78ed43b6561ab35b1208449b7f	7893	NOT_AVAILABLE
actual_base	binary	boost	armv7l	0	1.83.0	6.1	boost-1.83.0-6.1.src.rpm	armv7l/boost-1.83.0-6.1.armv7l.rpm	sha256	5714057623b1ff78b157651eeb4154ae103dd90097604cc48254ef72083c3193	9374	NOT_AVAILABLE
actual_base	binary	bpftrace-common	armv7l	0	0.24.2	4.1	bpftrace-0.24.2-4.1.src.rpm	armv7l/bpftrace-common-0.24.2-4.1.armv7l.rpm	sha256	370733c859303854474b300073d91aa92be40c103bab01512def6232ccda715a	83269	NOT_AVAILABLE
actual_base	binary	cereal-devel	armv7l	0	1.3.2	3.1	cereal-1.3.2-3.1.src.rpm	armv7l/cereal-devel-1.3.2-3.1.armv7l.rpm	sha256	7c518f4cdb75b1f79a2f906c89e5235e3f5a16a04e29a15f5611887fe925eba2	209294	NOT_AVAILABLE
actual_base	binary	clang-accel-armv7l	armv7l	0	0.4	3.2	qemu-accel-0.4-3.2.src.rpm	armv7l/clang-accel-armv7l-0.4-3.2.armv7l.rpm	sha256	edaa0919d870ea0cc481254532b88827de406c3680da543edbfbbe85e22e23af	725731626	NOT_AVAILABLE
actual_base	binary	clang-accel-x86_64-armv7l	armv7l	0	0.4	3.2	qemu-accel-0.4-3.2.src.rpm	armv7l/clang-accel-x86_64-armv7l-0.4-3.2.armv7l.rpm	sha256	9dabb993c98cf4a7e48bd7081e2a95fce26797578cb6dfc4d54f1c8c9fbecb33	725734510	NOT_AVAILABLE
actual_base	binary	cmake-docs	armv7l	0	3.31.2	1.71	cmake-3.31.2-1.71.src.rpm	armv7l/cmake-docs-3.31.2-1.71.armv7l.rpm	sha256	23b1722fc330dd0a1ec1f1d70e4d1acdc7de8c68cbcff38a763cc68beb5d1580	6521	NOT_AVAILABLE
actual_base	binary	cpio-docs	armv7l	0	2.8	2.2	cpio-2.8-2.2.src.rpm	armv7l/cpio-docs-2.8-2.2.armv7l.rpm	sha256	cd6036392925f23ddb9793408291a30203e7f3473756f60ecbc8f727b8213449	20790	NOT_AVAILABLE
actual_base	binary	dash-docs	armv7l	0	0.5.13.4	1.2	dash-0.5.13.4-1.2.src.rpm	armv7l/dash-docs-0.5.13.4-1.2.armv7l.rpm	sha256	717e9014df660f6136422ac7e0b29838697331b01fdfaf696f550c0f2b1e9313	29158	NOT_AVAILABLE
actual_base	binary	default-ac-domains	armv7l	0	0.2	1.1	default-ac-domains-0.2-1.1.src.rpm	armv7l/default-ac-domains-0.2-1.1.armv7l.rpm	sha256	52acb360c8d1f0c83b3154aab0a8311052fd1c39d98d4de9532aa36756367931	20857	NOT_AVAILABLE
actual_base	binary	dejagnu-devel	armv7l	0	1.6.2	1.1	dejagnu-1.6.2-1.1.src.rpm	armv7l/dejagnu-devel-1.6.2-1.1.armv7l.rpm	sha256	6a4d067de3abf36b6028a49a720a27f16a3c1761233b1cb70c00774bdbc3289a	8797	NOT_AVAILABLE
actual_base	binary	doxygen-docs	armv7l	0	1.14.0	2.1	doxygen-1.14.0-2.1.src.rpm	armv7l/doxygen-docs-1.14.0-2.1.armv7l.rpm	sha256	65b85e85439aea87656154e60cdadf5a99a9c6b4e65f3691bb5a8a8724eabaf6	8230	NOT_AVAILABLE
actual_base	binary	e2fsprogs-devel	armv7l	0	1.46.0	2.5	e2fsprogs-1.46.0-2.5.src.rpm	armv7l/e2fsprogs-devel-1.46.0-2.5.armv7l.rpm	sha256	dc07fb9fe7524d05457c9a1b0332dbce0e406ab66e16950a4b8fdc997782f68c	8177	NOT_AVAILABLE
actual_base	binary	e2fsprogs-docs	armv7l	0	1.46.0	2.5	e2fsprogs-1.46.0-2.5.src.rpm	armv7l/e2fsprogs-docs-1.46.0-2.5.armv7l.rpm	sha256	c69154decb755a0071407fd4bc9d73a92133d74e5dcdf07070f55052829cb6ff	96457	NOT_AVAILABLE
actual_base	binary	expect-devel	armv7l	0	5.45.4	2.1	expect-5.45.4-2.1.src.rpm	armv7l/expect-devel-5.45.4-2.1.armv7l.rpm	sha256	5c408b3478608d039bb620d61e5db487bea0a9de4f423f5385aaef278ae529a3	13274	NOT_AVAILABLE
actual_base	binary	filesystem	armv7l	0	3.1	7.1	filesystem-3.1-7.1.src.rpm	armv7l/filesystem-3.1-7.1.armv7l.rpm	sha256	8278df351752ed904889866a0bf55ca24fc9da62d99e7f2ac9ae4759067f4dc2	66366	NOT_AVAILABLE
actual_base	binary	gcc-contrib	armv7l	0	14.2.0	1.1	gcc-contrib-14.2.0-1.1.src.rpm	armv7l/gcc-contrib-14.2.0-1.1.armv7l.rpm	sha256	ef679ee09922bd2c2f2c2e2bfe7983a661fd5f7dff29f8702cd48d6876652b72	6445	NOT_AVAILABLE
actual_base	binary	gcov-build-env	armv7l	0	14.2.0	1.1	gcc-contrib-14.2.0-1.1.src.rpm	armv7l/gcov-build-env-14.2.0-1.1.armv7l.rpm	sha256	84f31deb3cd8bb002973928868278b680ee9e3c8cabf6e7588a4773ff00c1820	8429	NOT_AVAILABLE
actual_base	binary	gdb-devel	armv7l	0	16.3	2.1	gdb-16.3-2.1.src.rpm	armv7l/gdb-devel-16.3-2.1.armv7l.rpm	sha256	5e92fbb91263113eb6fc4f3b76029e96e84ec9bc807bc092f057edebbdbd9042	102486	NOT_AVAILABLE
actual_base	binary	gdb-docs	armv7l	0	16.3	2.1	gdb-16.3-2.1.src.rpm	armv7l/gdb-docs-16.3-2.1.armv7l.rpm	sha256	1a335a2dede613ab5fc28464f06aa34c68dad837a22fc612e115445c167a8fcd	997202	NOT_AVAILABLE
actual_base	binary	gettext-docs	armv7l	0	0.21.1	4.13	gettext-0.21.1-4.13.src.rpm	armv7l/gettext-docs-0.21.1-4.13.armv7l.rpm	sha256	731d638e2ecd9cad3481b5f61ea39c1a1e78ee99fba2f79b4a29c75d0742f9c5	325317	NOT_AVAILABLE
actual_base	binary	glibc-docs	armv7l	0	2.40	13.4	glibc-2.40-13.4.src.rpm	armv7l/glibc-docs-2.40-13.4.armv7l.rpm	sha256	90be30ab8691c3083b010c2c126e757c947f80e083874666a875d6d8687f8be5	1095821	NOT_AVAILABLE
actual_base	binary	gmp	armv7l	0	4.2.1	2.10	gmp-4.2.1-2.10.src.rpm	armv7l/gmp-4.2.1-2.10.armv7l.rpm	sha256	1137b19eef9a4b0d6bf6afd6afac3cbedd54bf5bf1e2512ab9a50840201fc7e3	20665	NOT_AVAILABLE
actual_base	binary	golang	armv7l	0	1.25.3	3.2	golang-1.25.3-3.2.src.rpm	armv7l/golang-1.25.3-3.2.armv7l.rpm	sha256	3e0b67e49937f5d8841bbfb24377b8b4770e225de26ec3b32ff6509b91660b95	1365717	NOT_AVAILABLE
actual_base	binary	golang-src	armv7l	0	1.25.3	3.2	golang-1.25.3-3.2.src.rpm	armv7l/golang-src-1.25.3-3.2.armv7l.rpm	sha256	b2f8d52cc3181e677003a9752aa6c2f9c6c0ebc60aba3487e8fa13da9156a00f	13082589	NOT_AVAILABLE
actual_base	binary	gzip-docs	armv7l	0	1.3.12	2.10	gzip-1.3.12-2.10.src.rpm	armv7l/gzip-docs-1.3.12-2.10.armv7l.rpm	sha256	df44016d9cbccadad70c65794f38d936ab76d684e80fac021de7531ef9e55604	34485	NOT_AVAILABLE
actual_base	binary	hal-rootstrap-checker	armv7l	0	1.0.0	11.1	hal-rootstrap-checker-1.0.0-11.1.src.rpm	armv7l/hal-rootstrap-checker-1.0.0-11.1.armv7l.rpm	sha256	3f4ad8dfb20e7a14c21443283fd7b2aebff625ef95b902727e1b074026724cd8	20366	NOT_AVAILABLE
actual_base	binary	icu	armv7l	0	78.1	1.34	icu-78.1-1.34.src.rpm	armv7l/icu-78.1-1.34.armv7l.rpm	sha256	da0b25249d17bf7943c24b17083ecda9732ef244d0dde0202656c2ddfa273ebd	13657	NOT_AVAILABLE
actual_base	binary	iptables-docs	armv7l	0	1.6.1	4.1	iptables-1.6.1-4.1.src.rpm	armv7l/iptables-docs-1.6.1-4.1.armv7l.rpm	sha256	b5660ccb555b7d6d6980fb6af202b347a3bf86f7484de376b1b4319eec248b98	6530	NOT_AVAILABLE
actual_base	binary	kmod-conf	armv7l	0	34.2	1.2	kmod-34.2-1.2.src.rpm	armv7l/kmod-conf-34.2-1.2.armv7l.rpm	sha256	39ec3b283f54e94f9dffdfb8d5186c6c5c5345c55fac4a0acb6ac5a4fcab201e	14674	NOT_AVAILABLE
actual_base	binary	kmod-docs	armv7l	0	34.2	1.2	kmod-34.2-1.2.src.rpm	armv7l/kmod-docs-34.2-1.2.armv7l.rpm	sha256	85a43f8cf4e28a3981492b3fe32a2af1dabd9dda4373c4282d46f353ab0efda7	7002	NOT_AVAILABLE
actual_base	binary	less-docs	armv7l	0	685	2.1	less-685-2.1.src.rpm	armv7l/less-docs-685-2.1.armv7l.rpm	sha256	3ececadb48a914616fb0abddd922ae717adadd7b584bfad97a7b9c00a1c453b3	44242	NOT_AVAILABLE
actual_base	binary	libdbuspolicy-header	armv7l	0	1.2.0	2.2	libdbuspolicy-header-1.2.0-2.2.src.rpm	armv7l/libdbuspolicy-header-1.2.0-2.2.armv7l.rpm	sha256	ecd6e902db59e8c4c17902fe2d4293b3867ca3dcff58187ea5238bea1bfc7ca9	8254	NOT_AVAILABLE
actual_base	binary	libjpeg-turbo	armv7l	0	3.0.4	1.35	libjpeg-turbo-3.0.4-1.35.src.rpm	armv7l/libjpeg-turbo-3.0.4-1.35.armv7l.rpm	sha256	a295610798ba5983d23c97a38cb8d564ba0dfe36840e485aca215cd78c341a30	13985	NOT_AVAILABLE
actual_base	binary	libmagic-data	armv7l	0	5.46	1.60	file-5.46-1.60.src.rpm	armv7l/libmagic-data-5.46-1.60.armv7l.rpm	sha256	e29b0bbcd118fb31957cdb67a70fe9bae871f838deec8b88b4fd498cd3895298	322341	NOT_AVAILABLE
actual_base	binary	libncurses	armv7l	0	6.6	3.7	ncurses-6.6-3.7.src.rpm	armv7l/libncurses-6.6-3.7.armv7l.rpm	sha256	ecf8207883a34b0ad6c803b31fc4d8d2aa58711db24b0328ee131030d0c6ecfe	10481	NOT_AVAILABLE
actual_base	binary	libomp-devel	armv7l	0	22.1.8	2.3	llvm-22.1.8-2.3.src.rpm	armv7l/libomp-devel-22.1.8-2.3.armv7l.rpm	sha256	b8d9c96f90c56069592b977a7a10e742a4920c18d4f80fbc53e63037bc23ef9f	10661	NOT_AVAILABLE
actual_base	binary	libtirpc-docs	armv7l	0	1.3.3	1.3	libtirpc-1.3.3-1.3.src.rpm	armv7l/libtirpc-docs-1.3.3-1.3.armv7l.rpm	sha256	fe0ed38ed57f9b3083e09361856936718c3107c17e7d351dea5b466611487f36	76366	NOT_AVAILABLE
actual_base	binary	libunwind-tests	armv7l	0	1.6.2	2.2	libunwind-1.6.2-2.2.src.rpm	armv7l/libunwind-tests-1.6.2-2.2.armv7l.rpm	sha256	6bee0b9531fc2bf472be484550c73ac6ed52ea272b43a91387707bc5312568d0	13549	NOT_AVAILABLE
actual_base	binary	libwebp-doc	armv7l	0	1.4.0	1.3	libwebp-1.4.0-1.3.src.rpm	armv7l/libwebp-doc-1.4.0-1.3.armv7l.rpm	sha256	720fc43667d5d9e8a999bec96db174bffbc4b2a112fe23f105236a1d8317b297	24502	NOT_AVAILABLE
actual_base	binary	linux-glibc-devel	armv7l	0	6.6	1.87	linux-glibc-devel-6.6-1.87.src.rpm	armv7l/linux-glibc-devel-6.6-1.87.armv7l.rpm	sha256	ada71a705889dd48d3ffdf0df509677338fed04a96998580a837b8ec829d5649	1382105	NOT_AVAILABLE
actual_base	binary	lsan-runtime-env	armv7l	0	14.2.0	1.1	gcc-contrib-14.2.0-1.1.src.rpm	armv7l/lsan-runtime-env-14.2.0-1.1.armv7l.rpm	sha256	9c447f92fbc686590ee1a79e3f0d18855cd21d1bcedd116b371253c84a9150af	8021	NOT_AVAILABLE
actual_base	binary	net-tools-docs	armv7l	0	2.0_20121208git	1.57	net-tools-2.0_20121208git-1.57.src.rpm	armv7l/net-tools-docs-2.0_20121208git-1.57.armv7l.rpm	sha256	c9f9c10099aa558f4df134d3a848bf2368c0ccde8d6aa7071a9ff9f998de4177	6817	NOT_AVAILABLE
actual_base	binary	openssl1.1	armv7l	0	1.1.1w	2.11	openssl1.1-1.1.1w-2.11.src.rpm	armv7l/openssl1.1-1.1.1w-2.11.armv7l.rpm	sha256	e3aa4bd7753b7cc264ad32881abeba8299add7c8af53d1aa2ced138d59000606	7069	NOT_AVAILABLE
actual_base	binary	pam-docs	armv7l	0	1.1.6	3.6	pam-1.1.6-3.6.src.rpm	armv7l/pam-docs-1.1.6-3.6.armv7l.rpm	sha256	9e5b79865f9dd7f8cc00382d6181c5caef145c264a92f84ce54c266703cdd269	226401	NOT_AVAILABLE
actual_base	binary	pcre2-syntax	armv7l	0	10.47	3.2	pcre2-10.47-3.2.src.rpm	armv7l/pcre2-syntax-10.47-3.2.armv7l.rpm	sha256	da52f6f96c20054ca0150826631c8f0022e55ddfbe6f234aa6d00d9819a01fa2	9433	NOT_AVAILABLE
actual_base	binary	perl-Devel-Symdump	armv7l	0	2.18	1.2	perl-Devel-Symdump-2.18-1.2.src.rpm	armv7l/perl-Devel-Symdump-2.18-1.2.armv7l.rpm	sha256	d4c56907a6a3e46019e29cc617abcd99a7f295d5a6f8019f619bb25d65d8f53b	18893	NOT_AVAILABLE
actual_base	binary	perl-HTML-Tagset	armv7l	0	3.24	1.2	perl-HTML-Tagset-3.24-1.2.src.rpm	armv7l/perl-HTML-Tagset-3.24-1.2.armv7l.rpm	sha256	09acbc054dcf7e639f4c3338d68ee2e307c4b79f9a77b0c817a1135663fd89e5	16721	NOT_AVAILABLE
actual_base	binary	perl-Software-License	armv7l	0	0.104006	1.2	perl-Software-License-0.104006-1.2.src.rpm	armv7l/perl-Software-License-0.104006-1.2.armv7l.rpm	sha256	b229d3c5e5594b91a208c3ad2a770a30ff9892f85e41bae2981c3763825b6f7d	133409	NOT_AVAILABLE
actual_base	binary	perl-Test-Pod	armv7l	0	1.52	1.2	perl-Test-Pod-1.52-1.2.src.rpm	armv7l/perl-Test-Pod-1.52-1.2.armv7l.rpm	sha256	53ee86e403967134fe3e6a64764b4e8fcc75f1acbe4a70ec006bac4306a83a67	17321	NOT_AVAILABLE
actual_base	binary	perl-Test-Pod-Coverage	armv7l	0	1.10	1.2	perl-Test-Pod-Coverage-1.10-1.2.src.rpm	armv7l/perl-Test-Pod-Coverage-1.10-1.2.armv7l.rpm	sha256	43e3359167a43eea9a1bca4d4db7bb08d0b5b735c03e1b45d7e03191766c0644	20437	NOT_AVAILABLE
actual_base	binary	perl-TimeDate	armv7l	0	2.33	2.2	perl-TimeDate-2.33-2.2.src.rpm	armv7l/perl-TimeDate-2.33-2.2.armv7l.rpm	sha256	94db445824878b9a38591de99d7207b515ca2846c3a5363c477f13d4d5af8a32	31361	NOT_AVAILABLE
actual_base	binary	perl-URI	armv7l	0	5.34	1.2	perl-URI-5.34-1.2.src.rpm	armv7l/perl-URI-5.34-1.2.armv7l.rpm	sha256	11fb3e1dc82ddf399b677ccb2872639385ddb3f182abe58d34bed661e9bc114c	120837	NOT_AVAILABLE
actual_base	binary	perl-inc-latest	armv7l	0	0.500	1.2	perl-inc-latest-0.500-1.2.src.rpm	armv7l/perl-inc-latest-0.500-1.2.armv7l.rpm	sha256	f48a64f7512e2e10c56a727aa18fc53ea84ec360bfe56a584421305d94a93014	24345	NOT_AVAILABLE
actual_base	binary	perl-json	armv7l	0	4.10	1.2	perl-json-4.10-1.2.src.rpm	armv7l/perl-json-4.10-1.2.armv7l.rpm	sha256	3c1822ebca4e68207bbbd464793acadb86827994b36e2168e43bd47404dfd436	48725	NOT_AVAILABLE
actual_base	binary	python-accel-armv7l	armv7l	0	0.4	3.2	qemu-accel-0.4-3.2.src.rpm	armv7l/python-accel-armv7l-0.4-3.2.armv7l.rpm	sha256	56ebbf9577a7b5384c2108d094cc654062dd543b059aab0b4c67f440fc44c078	9122658	NOT_AVAILABLE
actual_base	binary	python-accel-x86_64-armv7l	armv7l	0	0.4	3.2	qemu-accel-0.4-3.2.src.rpm	armv7l/python-accel-x86_64-armv7l-0.4-3.2.armv7l.rpm	sha256	1600a73e73930e886454d1ed0ec4518da5701c82298ff21b635b5a64a87c84ca	9122726	NOT_AVAILABLE
actual_base	binary	python-clang	armv7l	0	22.1.8	2.3	llvm-22.1.8-2.3.src.rpm	armv7l/python-clang-22.1.8-2.3.armv7l.rpm	sha256	40d08d9519cbd784e245e7a5ef87caf988805d9f911edb7213417820c92d32a6	36393	NOT_AVAILABLE
actual_base	binary	python3	armv7l	0	3.14.2	5.19	python3-3.14.2-5.19.src.rpm	armv7l/python3-3.14.2-5.19.armv7l.rpm	sha256	49dfc002c0db344d1722deb5b96d155edbf8ddf9b1901a0859d5eba8c68f0ba5	1971757	NOT_AVAILABLE
actual_base	binary	python3-tools	armv7l	0	3.14.2	5.18	python3-base-3.14.2-5.18.src.rpm	armv7l/python3-tools-3.14.2-5.18.armv7l.rpm	sha256	5823d74e27950ab353bfd26c12fe8f90faba798e2e5d6d76df2ceb5221dec092	76285	NOT_AVAILABLE
actual_base	binary	qemu-accel-armv7l	armv7l	0	0.4	3.2	qemu-accel-0.4-3.2.src.rpm	armv7l/qemu-accel-armv7l-0.4-3.2.armv7l.rpm	sha256	a00172e931978190e5762f30fb2d14029614782ff7ad593fbf8cd7b6bdac6d5c	78793402	NOT_AVAILABLE
actual_base	binary	qemu-accel-x86_64-armv7l	armv7l	0	0.4	3.2	qemu-accel-0.4-3.2.src.rpm	armv7l/qemu-accel-x86_64-armv7l-0.4-3.2.armv7l.rpm	sha256	682b6a783bc0ff3c1bdb873bff996a595c2df3b4dd73387bd6d42bb21a9b5df7	78791426	NOT_AVAILABLE
actual_base	binary	rpm-docs	armv7l	0	4.14.1.1	6.3	rpm-4.14.1.1-6.3.src.rpm	armv7l/rpm-docs-4.14.1.1-6.3.armv7l.rpm	sha256	23eaa6e66f322a687c03657749d375c9d8352ac886d9ef86271c0594dbd104a5	34794	NOT_AVAILABLE
actual_base	binary	sed-docs	armv7l	0	4.1c	5.10	sed-4.1c-5.10.src.rpm	armv7l/sed-docs-4.1c-5.10.armv7l.rpm	sha256	7076b2295b5fbfcd3b208f4f81e3a1232a94e74638ceac2cce7e6a2bc6b58224	38957	NOT_AVAILABLE
actual_base	binary	smack-docs	armv7l	0	1.3.1	2.10	smack-1.3.1-2.10.src.rpm	armv7l/smack-docs-1.3.1-2.10.armv7l.rpm	sha256	bfc5f05ee40a64282e27c7026e70c0ef14c4a10e63389580490e6fe305bb50dd	15737	NOT_AVAILABLE
actual_base	binary	terminfo	armv7l	0	6.6	3.7	ncurses-6.6-3.7.src.rpm	armv7l/terminfo-6.6-3.7.armv7l.rpm	sha256	8749c83448a8712b9c0a10ae87cc2c11e3f14f4bb6f05257683046b8d9a4fb07	547653	NOT_AVAILABLE
actual_base	binary	terminfo-base-full	armv7l	0	6.6	3.7	ncurses-6.6-3.7.src.rpm	armv7l/terminfo-base-full-6.6-3.7.armv7l.rpm	sha256	a7ca6c96efb3c28b019afeea406811a15dcf10cf8e48557e70f0364525c719dd	123913	NOT_AVAILABLE
actual_base	binary	terminfo-base-mini	armv7l	0	6.6	3.7	ncurses-6.6-3.7.src.rpm	armv7l/terminfo-base-mini-6.6-3.7.armv7l.rpm	sha256	5c2d9dae4fc576a26acdde7bc912d9b0ccb0f090877ff06a20306d2f972e697e	16557	NOT_AVAILABLE
actual_base	binary	tiff	armv7l	0	4.7.0	1.3	tiff-4.7.0-1.3.src.rpm	armv7l/tiff-4.7.0-1.3.armv7l.rpm	sha256	46e628ea0ae75dbaa31f9f5fac1820ff6b3002e59002a08969f4e32937a91162	8018	NOT_AVAILABLE
actual_base	binary	tiff-docs	armv7l	0	4.7.0	1.3	tiff-4.7.0-1.3.src.rpm	armv7l/tiff-docs-4.7.0-1.3.armv7l.rpm	sha256	8310f1012376d74125d17837e39523b7d9b9d4f11ee6bd414e9a324fcadcccee	6522	NOT_AVAILABLE
actual_base	binary	ubsan-build-env	armv7l	0	14.2.0	1.1	gcc-contrib-14.2.0-1.1.src.rpm	armv7l/ubsan-build-env-14.2.0-1.1.armv7l.rpm	sha256	7a3d43813b558b9ca83e2ed7bf6de69f50e2bd4888d9291d8eb7b7c7d87bad18	8549	NOT_AVAILABLE
actual_base	binary	ubsan-runtime-env	armv7l	0	14.2.0	1.1	gcc-contrib-14.2.0-1.1.src.rpm	armv7l/ubsan-runtime-env-14.2.0-1.1.armv7l.rpm	sha256	f0c5690f2c2aaec0da327edf4cfb81ff772dd90145101baaa7222d694a8b530a	6629	NOT_AVAILABLE
actual_base	binary	uthash-devel	armv7l	0	2.3.0	1.61	uthash-2.3.0-1.61.src.rpm	armv7l/uthash-devel-2.3.0-1.61.armv7l.rpm	sha256	cf25801b55e23f18ef498e7265906e93d0f146bcdb2b72e012e7a4e89ec6dbf4	25825	NOT_AVAILABLE
actual_base	binary	util-macros	armv7l	0	1.19.0	1.1	util-macros-1.19.0-1.1.src.rpm	armv7l/util-macros-1.19.0-1.1.armv7l.rpm	sha256	ddb8a740f4099bd5938800e46bbe5aaea5cdacbdbfb64a716bcb6b183dd778ec	23725	NOT_AVAILABLE
actual_base	binary	which-docs	armv7l	0	2.17	3.1	which-2.17-3.1.src.rpm	armv7l/which-docs-2.17-3.1.armv7l.rpm	sha256	f8683511e1deb08b2e19125bc2c9763b8a44d4c73651a6f7d2df430055c246f6	11206	NOT_AVAILABLE
actual_base	binary	autoconf-archive	noarch	0	2023.02.20	2.52	autoconf-archive-2023.02.20-2.52.src.rpm	noarch/autoconf-archive-2023.02.20-2.52.noarch.rpm	sha256	b179223b64f9dcd003f209bda17c81ac34196db97078f8680382afe443b968e2	416705	NOT_AVAILABLE
actual_base	binary	autoconf-archive	noarch	0	2023.02.20	2.54	autoconf-archive-2023.02.20-2.54.src.rpm	noarch/autoconf-archive-2023.02.20-2.54.noarch.rpm	sha256	9ee3578d7c55372b0652a5b78fbdcfaa74b792935893125bd3a875954556189d	416817	NOT_AVAILABLE
actual_base	binary	autoconf-archive	noarch	0	2023.02.20	2.67	autoconf-archive-2023.02.20-2.67.src.rpm	noarch/autoconf-archive-2023.02.20-2.67.noarch.rpm	sha256	67009364529391610292aecfbbb02873770c190b7348f61ffb3cf9c0f4981874	416630	NOT_AVAILABLE
actual_base	binary	boost-doc-html	noarch	0	1.83.0	6.1	boost-1.83.0-6.1.src.rpm	noarch/boost-doc-html-1.83.0-6.1.noarch.rpm	sha256	3c057e1191cc51a0dde741f279904c487e9041fefc076bddc5680109a7e636ec	8898	NOT_AVAILABLE
actual_base	binary	boost-doc-html	noarch	0	1.83.0	6.2	boost-1.83.0-6.2.src.rpm	noarch/boost-doc-html-1.83.0-6.2.noarch.rpm	sha256	9d719bc125443ae02aecd34798a3d6e12260832f3cb8284a18a185cc51e06de6	8797	NOT_AVAILABLE
actual_base	binary	boost-license	noarch	0	1.83.0	6.1	boost-1.83.0-6.1.src.rpm	noarch/boost-license-1.83.0-6.1.noarch.rpm	sha256	d7d255352031b35b91bdd1dc689596fdfeb251faa99cc05f82dec432be1a86da	8582	NOT_AVAILABLE
actual_base	binary	boost-license	noarch	0	1.83.0	6.2	boost-1.83.0-6.2.src.rpm	noarch/boost-license-1.83.0-6.2.noarch.rpm	sha256	93b7eba7da12a12c4b9f1a96a9e46553de2782c5f4b04d59901b61226bcd4452	8473	NOT_AVAILABLE
actual_base	binary	build-compare	noarch	0	2023.06.18	1.36	build-compare-2023.06.18-1.36.src.rpm	noarch/build-compare-2023.06.18-1.36.noarch.rpm	sha256	62cfd905b5e108fc3bfcc85d9b37004afeb8b9ed82a41cfdb894d427dcaf8f48	49917	NOT_AVAILABLE
actual_base	binary	build-mkbaselibs	noarch	0	20120927	1.1	build-20120927-1.1.src.rpm	noarch/build-mkbaselibs-20120927-1.1.noarch.rpm	sha256	4485b625ee919234ccf785c360e3ee1761221ddeb8aef93aa7552de41df3181d	16609	NOT_AVAILABLE
actual_base	binary	build-mkdrpms	noarch	0	20120927	1.1	build-20120927-1.1.src.rpm	noarch/build-mkdrpms-20120927-1.1.noarch.rpm	sha256	a5d286273edc9ac5b9a2aa09f6475399d92cc86b3b88f3d1016f79c88312aea9	8829	NOT_AVAILABLE
actual_base	binary	db4-doc	noarch	0	4.8.30.NC	3.12	db4-4.8.30.NC-3.12.src.rpm	noarch/db4-doc-4.8.30.NC-3.12.noarch.rpm	sha256	b4fd8926d5ff5d31818e0980e85ecbf298518fd1391d8b644e1b3b184d74e434	6810501	NOT_AVAILABLE
actual_base	binary	db4-doc	noarch	0	4.8.30.NC	3.13	db4-4.8.30.NC-3.13.src.rpm	noarch/db4-doc-4.8.30.NC-3.13.noarch.rpm	sha256	a510f09a22b0400992b76af28df6fcd5d254af2e9b3d6f309796a51382196464	6810633	NOT_AVAILABLE
actual_base	binary	docbook_4	noarch	0	4.5	2.1	docbook_4-4.5-2.1.src.rpm	noarch/docbook_4-4.5-2.1.noarch.rpm	sha256	70b0ca9ff74e0331d91d34a02434778cf4373191e25ebb3e9ce40abcb81dc4ee	269518	NOT_AVAILABLE
actual_base	binary	elfutils-locale	noarch	0	0.189	1.84	elfutils-0.189-1.84.src.rpm	noarch/elfutils-locale-0.189-1.84.noarch.rpm	sha256	e659c4b52e3f9b7e26168ecf3d603c3992efe41cdeb4d1b638a519b46bd703d3	126421	NOT_AVAILABLE
actual_base	binary	elfutils-locale	noarch	0	0.189	1.86	elfutils-0.189-1.86.src.rpm	noarch/elfutils-locale-0.189-1.86.noarch.rpm	sha256	16cc960d21f74f76200f9c4973e189cf470bb03d13f060d965189f2592c61fc1	125769	NOT_AVAILABLE
actual_base	binary	elfutils-locale	noarch	0	0.189	1.89	elfutils-0.189-1.89.src.rpm	noarch/elfutils-locale-0.189-1.89.noarch.rpm	sha256	8b3e323d112d87a530122b1449f879959410909b61e48b199ff850195c8f26f2	126750	NOT_AVAILABLE
actual_base	binary	findutils-locale	noarch	0	4.3.8	2.10	findutils-4.3.8-2.10.src.rpm	noarch/findutils-locale-4.3.8-2.10.noarch.rpm	sha256	29855e1af918916138fc9dc6093e01c78da106d08f85eee72c3be15f6a2ea1c2	86753	NOT_AVAILABLE
actual_base	binary	findutils-locale	noarch	0	4.3.8	2.11	findutils-4.3.8-2.11.src.rpm	noarch/findutils-locale-4.3.8-2.11.noarch.rpm	sha256	b4ec07c16882a1cc22a3661ac6c0a9927399fb440fb236831933b1cb807f87e4	86665	NOT_AVAILABLE
actual_base	binary	findutils-locale	noarch	0	4.3.8	2.13	findutils-4.3.8-2.13.src.rpm	noarch/findutils-locale-4.3.8-2.13.noarch.rpm	sha256	1cfbf671858f7ec3e75d528cab52d71db13a1c2bd014c11b0ecd693051687719	86706	NOT_AVAILABLE
actual_base	binary	gcc-log-wrapper	noarch	0	14.2.0	1.1	gcc-contrib-14.2.0-1.1.src.rpm	noarch/gcc-log-wrapper-14.2.0-1.1.noarch.rpm	sha256	d4ca67f73b513f486e24fae25f6913388e8c02255ab6d6c6a9d6a8d97a5f1a59	8577	NOT_AVAILABLE
actual_base	binary	gcc-warning-build-env	noarch	0	14.2.0	1.1	gcc-contrib-14.2.0-1.1.src.rpm	noarch/gcc-warning-build-env-14.2.0-1.1.noarch.rpm	sha256	78c95b395252a260c87053344c9a10bd0c9be4852d45f5d11f67e4dfa786795c	8281	NOT_AVAILABLE
actual_base	binary	gdb-locale	noarch	0	16.3	2.1	gdb-16.3-2.1.src.rpm	noarch/gdb-locale-16.3-2.1.noarch.rpm	sha256	e91e852c69b262210520c5b85bf1c96eee87325803629afbef4352a3ceccd42b	490514	NOT_AVAILABLE
actual_base	binary	glibc-i18ndata	noarch	0	2.40	13.4	glibc-2.40-13.4.src.rpm	noarch/glibc-i18ndata-2.40-13.4.noarch.rpm	sha256	c57c1c7fdc4f5ef8b22c7e9aaefa5af7d9f7637268e6727e70cc74e4d6885351	4090481	NOT_AVAILABLE
actual_base	binary	glibc-info	noarch	0	2.40	13.4	glibc-2.40-13.4.src.rpm	noarch/glibc-info-2.40-13.4.noarch.rpm	sha256	1e8be23d1d8ed88eb27d3548f2d77a251e0c2bb4b7a380526fd62eca9079d4b8	1096705	NOT_AVAILABLE
actual_base	binary	golang-docs	noarch	0	1.25.3	3.2	golang-1.25.3-3.2.src.rpm	noarch/golang-docs-1.25.3-3.2.noarch.rpm	sha256	a793e4d46f9d571f6b6156623f3603c96fd56679254ffd25180295d7d9b2cbc9	101857	NOT_AVAILABLE
actual_base	binary	golang-misc	noarch	0	1.25.3	3.2	golang-1.25.3-3.2.src.rpm	noarch/golang-misc-1.25.3-3.2.noarch.rpm	sha256	3f508c367eee6f6fb98fa0f2f897b369e0b9134bfba26ca686013302615fcb14	33017	NOT_AVAILABLE
actual_base	binary	grep-locale	noarch	0	2.5.2	3.10	grep-2.5.2-3.10.src.rpm	noarch/grep-locale-2.5.2-3.10.noarch.rpm	sha256	d793aba5f5ae636d964f47f59d2c94a3b94ab0fb4f46d15a12acc909f7b5f9da	77317	NOT_AVAILABLE
actual_base	binary	grep-locale	noarch	0	2.5.2	3.11	grep-2.5.2-3.11.src.rpm	noarch/grep-locale-2.5.2-3.11.noarch.rpm	sha256	085a52c087fc80f5e28016088bcde49760763d7d13f8953898adb27351a33e9f	77413	NOT_AVAILABLE
actual_base	binary	iso_ent	noarch	0	2000.11.03	2.1	iso_ent-2000.11.03-2.1.src.rpm	noarch/iso_ent-2000.11.03-2.1.noarch.rpm	sha256	59ad7427decc6c6f4e053406c0c2c37b78e3f93ef65020e61c17c6d484a30f7c	27238	NOT_AVAILABLE
actual_base	binary	libgpg-error-locale	noarch	0	1.51	2.1	libgpg-error-1.51-2.1.src.rpm	noarch/libgpg-error-locale-1.51-2.1.noarch.rpm	sha256	b16d9748948f27ed1b24d43f401e1c2d7228ed91a1ca3462c5cf3aa176988aa1	104470	NOT_AVAILABLE
actual_base	binary	meson-vim	noarch	0	1.9.1	1.27	meson-1.9.1-1.27.src.rpm	noarch/meson-vim-1.9.1-1.27.noarch.rpm	sha256	4d6ed3265f0e0e579d0d32f73ef898a7d0b8a2b3fb57ef23d9464ecce3514871	11709	NOT_AVAILABLE
actual_base	binary	pam-locale	noarch	0	1.1.6	3.5	pam-1.1.6-3.5.src.rpm	noarch/pam-locale-1.1.6-3.5.noarch.rpm	sha256	1c573e125ccb1dd1bb6215a4b152ef133cef92ef9de1d45c119eb2f0a3c32a15	101450	NOT_AVAILABLE
actual_base	binary	pam-locale	noarch	0	1.1.6	3.6	pam-1.1.6-3.6.src.rpm	noarch/pam-locale-1.1.6-3.6.noarch.rpm	sha256	7d28ca129cf0cb7086c9d9365517d9a7353533d72f6a7904df5f0e41d54e3389	101353	NOT_AVAILABLE
actual_base	binary	popt-locale	noarch	0	1.16	1.60	popt-1.16-1.60.src.rpm	noarch/popt-locale-1.16-1.60.noarch.rpm	sha256	f63d2664a618ff91196d48587af10388c58f566f0fee5222e89757adc2c1d33a	25289	NOT_AVAILABLE
actual_base	binary	popt-locale	noarch	0	1.16	1.62	popt-1.16-1.62.src.rpm	noarch/popt-locale-1.16-1.62.noarch.rpm	sha256	7d2ff8680326077425b234f6ae0c2ac651f4930aed10a148d62e72a8ae83d533	25369	NOT_AVAILABLE
actual_base	binary	popt-locale	noarch	0	1.16	1.74	popt-1.16-1.74.src.rpm	noarch/popt-locale-1.16-1.74.noarch.rpm	sha256	df90b8256d236521253d4cebfec50d11ede8d708dfc25f4d06ef3706f561aa0e	25326	NOT_AVAILABLE
actual_base	binary	python-appdirs	noarch	0	1.4.0	1.1	python-appdirs-1.4.0-1.1.src.rpm	noarch/python-appdirs-1.4.0-1.1.noarch.rpm	sha256	d7127a99c45ec1faeb185fc5598579e60f1d85d6e3862e4526147fd9956e030a	18797	NOT_AVAILABLE
actual_base	binary	python-argparse	noarch	0	1.4.0	2.1	python-argparse-1.4.0-2.1.src.rpm	noarch/python-argparse-1.4.0-2.1.noarch.rpm	sha256	f845cd54f43f832b8c72745daaa493fa8313b978d6860149bb9485756c954079	47478	NOT_AVAILABLE
actual_base	binary	python-funcsigs	noarch	0	1.0.2	1.1	python-funcsigs-1.0.2-1.1.src.rpm	noarch/python-funcsigs-1.0.2-1.1.noarch.rpm	sha256	1f5440359d31e0d6d336d47a9154db0f6864f2f28437b64262fa488fa3a2b561	25969	NOT_AVAILABLE
actual_base	binary	python-linecache2	noarch	0	1.0.0	1.1	python-linecache2-1.0.0-1.1.src.rpm	noarch/python-linecache2-1.0.0-1.1.noarch.rpm	sha256	284354d0a9d62988bd673252303f28f912ff5ec6978906f571537da65aeee78c	34781	NOT_AVAILABLE
actual_base	binary	python-magic	noarch	0	5.41	2.1	python-magic-5.41-2.1.src.rpm	noarch/python-magic-5.41-2.1.noarch.rpm	sha256	62b5f66e1e2e990e2aadaddb2874ced225e042414195a9857459041b4bb22995	14882	NOT_AVAILABLE
actual_base	binary	python-mock	noarch	0	3.0.5	1.1	python-mock-3.0.5-1.1.src.rpm	noarch/python-mock-3.0.5-1.1.noarch.rpm	sha256	782a67dae3cb6d2082a0a82553e8b346eb4707813e32119f5e44869a4a6ad1c1	48341	NOT_AVAILABLE
actual_base	binary	python-packaging	noarch	0	20.8	1.1	python-packaging-20.8-1.1.src.rpm	noarch/python-packaging-20.8-1.1.noarch.rpm	sha256	ed96b708a8d64482ef7f47aec14e27bb9babeb581c9aabbc0cef901165da32ef	60357	NOT_AVAILABLE
actual_base	binary	python-ply	noarch	0	3.11	1.1	python-ply-3.11-1.1.src.rpm	noarch/python-ply-3.11-1.1.noarch.rpm	sha256	041eee2b92635e8775f1088b23515156c58385fc510f21aeda0e1b7cade40164	83237	NOT_AVAILABLE
actual_base	binary	python-pyparsing	noarch	0	2.2.0	1.1	python-pyparsing-2.2.0-1.1.src.rpm	noarch/python-pyparsing-2.2.0-1.1.noarch.rpm	sha256	6c69ccb88b6adb6e56a6c1798c6e5f73a75f9445292696a701f93457c68c38a2	96609	NOT_AVAILABLE
actual_base	binary	python-six	noarch	0	1.15.0	1.1	python-six-1.15.0-1.1.src.rpm	noarch/python-six-1.15.0-1.1.noarch.rpm	sha256	9ad10d9c4cb755acad053b5f9d56dd35231904dcada0e6e22e84e667eb20d331	25385	NOT_AVAILABLE
actual_base	binary	python-traceback2	noarch	0	1.4.0	1.1	python-traceback2-1.4.0-1.1.src.rpm	noarch/python-traceback2-1.4.0-1.1.noarch.rpm	sha256	464ae596e8ce69dde0722f332af682cc484ef73a6839bd0af9ad33b4de4e8f0e	39321	NOT_AVAILABLE
actual_base	binary	python3-appdirs	noarch	0	1.4.4	1.2	python3-appdirs-1.4.4-1.2.src.rpm	noarch/python3-appdirs-1.4.4-1.2.noarch.rpm	sha256	d5dd8be44e06560f494650fa7e7692cc408aa288a4a1a7b4017fc591802e912b	22822	NOT_AVAILABLE
actual_base	binary	python3-calver	noarch	0	2025.10.20	1.17	python3-calver-2025.10.20-1.17.src.rpm	noarch/python3-calver-2025.10.20-1.17.noarch.rpm	sha256	be2082aa905a0fe6da9f248189435a4ebb0b1082ee1ac1514270710ecd63c6e5	17301	NOT_AVAILABLE
actual_base	binary	python3-editables	noarch	0	0.5	2.17	python3-editables-0.5-2.17.src.rpm	noarch/python3-editables-0.5-2.17.noarch.rpm	sha256	a88a856ff725c6afaeaba5aeb39c9f3f4d1acc2510998f1aa134d227bada9dad	18113	NOT_AVAILABLE
actual_base	binary	python3-flit_core	noarch	0	3.12.0	1.1	python3-flit_core-3.12.0-1.1.src.rpm	noarch/python3-flit_core-3.12.0-1.1.noarch.rpm	sha256	598c9012edc9653b2d2a3264eebd4e3d3c38d03fbe00188424a4d7e92a59a937	46062	NOT_AVAILABLE
actual_base	binary	python3-magic	noarch	0	5.46	2.1	python3-magic-5.46-2.1.src.rpm	noarch/python3-magic-5.46-2.1.noarch.rpm	sha256	ac69cb9efbec48ea1b7a85ff433c64c4bbb6eccec5eb3fcb4fe967c79eb78873	16790	NOT_AVAILABLE
actual_base	binary	python3-packaging	noarch	0	25.0	1.40	python3-packaging-25.0-1.40.src.rpm	noarch/python3-packaging-25.0-1.40.noarch.rpm	sha256	633045ce2a13c21b86e847bf96859b9934d15c48c0375e6e40390e03a1308adb	136505	NOT_AVAILABLE
actual_base	binary	python3-packaging	noarch	0	25.0	1.41	python3-packaging-25.0-1.41.src.rpm	noarch/python3-packaging-25.0-1.41.noarch.rpm	sha256	c0fcd2e7bcd3e7b29ced495a8ace5e2c3606d12215220ad9ca22132845bfe068	136490	NOT_AVAILABLE
actual_base	binary	python3-packaging	noarch	0	25.0	1.42	python3-packaging-25.0-1.42.src.rpm	noarch/python3-packaging-25.0-1.42.noarch.rpm	sha256	9beae801b37ee30a897b4c8fb3ae29a261726371d909a8888d1b4dc9087da040	136461	NOT_AVAILABLE
actual_base	binary	python3-pathspec	noarch	0	1.0.1	1.17	python3-pathspec-1.0.1-1.17.src.rpm	noarch/python3-pathspec-1.0.1-1.17.noarch.rpm	sha256	d6b6dd28c07f545a2c82c7f5934526aa2902000e50639d2b48a2abe3d4f98c27	84653	NOT_AVAILABLE
actual_base	binary	python3-pluggy	noarch	0	1.6.0	1.17	python3-pluggy-1.6.0-1.17.src.rpm	noarch/python3-pluggy-1.6.0-1.17.noarch.rpm	sha256	7aee86d15b7edf2d003cd2dd2821dad34528b27264309a6f2bd871b0108ecbcf	51897	NOT_AVAILABLE
actual_base	binary	python3-ply	noarch	0	3.11	1.2	python3-ply-3.11-1.2.src.rpm	noarch/python3-ply-3.11-1.2.noarch.rpm	sha256	a0cf2b9a924cd382ef8f35affa35f9e7984bb6015ba1105132b801e873cb7dec	108826	NOT_AVAILABLE
actual_base	binary	python3-pyparsing	noarch	0	3.3.1	1.29	python3-pyparsing-3.3.1-1.29.src.rpm	noarch/python3-pyparsing-3.3.1-1.29.noarch.rpm	sha256	c0f3f899988f4798c8f98e6f2492cd41592746ad4aeeb03a506c11f1ac1624ef	254145	NOT_AVAILABLE
actual_base	binary	python3-pyproject_hooks	noarch	0	1.2.0	1.31	python3-pyproject_hooks-1.2.0-1.31.src.rpm	noarch/python3-pyproject_hooks-1.2.0-1.31.noarch.rpm	sha256	90bf578e3737ad0157ff836a8100b7fd0b8a9f918b0feda8afe6630392f0cb94	29666	NOT_AVAILABLE
actual_base	binary	python3-pyproject_hooks	noarch	0	1.2.0	1.32	python3-pyproject_hooks-1.2.0-1.32.src.rpm	noarch/python3-pyproject_hooks-1.2.0-1.32.noarch.rpm	sha256	8e36da232dbf302da09ee5b0a0e46b612eab6b46d724a59df3527312f40849c8	29705	NOT_AVAILABLE
actual_base	binary	python3-setuptools	noarch	0	80.9.0	1.17	python3-setuptools-80.9.0-1.17.src.rpm	noarch/python3-setuptools-80.9.0-1.17.noarch.rpm	sha256	dc7f2e86c7457f308aa2ad88f4b2c5b2adfcb8cd926198747b069dc18529ec4d	2003969	NOT_AVAILABLE
actual_base	binary	python3-six	noarch	0	1.17.0	1.1	python3-six-1.17.0-1.1.src.rpm	noarch/python3-six-1.17.0-1.1.noarch.rpm	sha256	364557d0d946b45d81ba3e1d7b57ff21cacba30a5f114093db4c5f81fb5a1d4c	31978	NOT_AVAILABLE
actual_base	binary	python3-typing_extensions	noarch	0	4.15.0	1.17	python3-typing_extensions-4.15.0-1.17.src.rpm	noarch/python3-typing_extensions-4.15.0-1.17.noarch.rpm	sha256	b6d1c0c2729c8d27999e35ce2cbc98b1ed919ef574989522d4e849b1819ef74d	98573	NOT_AVAILABLE
actual_base	binary	rpm-locale	noarch	0	4.14.1.1	6.3	rpm-4.14.1.1-6.3.src.rpm	noarch/rpm-locale-4.14.1.1-6.3.noarch.rpm	sha256	eae82b9f6fb065333be5313cfd7b1366c1258dcaf58a028672b5da9aa08eb0c8	316190	NOT_AVAILABLE
actual_base	binary	sanitizer-sources	noarch	0	14.2.0	4.13	gcc-14.2.0-4.13.src.rpm	noarch/sanitizer-sources-14.2.0-4.13.noarch.rpm	sha256	56e3a445718b0c87b64eb831c30821aa9d9573586e7d23f8a956ad23242f1b99	972009	NOT_AVAILABLE
actual_base	binary	sanitizer-sources	noarch	0	14.2.0	4.14	gcc-14.2.0-4.14.src.rpm	noarch/sanitizer-sources-14.2.0-4.14.noarch.rpm	sha256	cdbc36d9e05eda1cf9ac16d33ec305b5ca988b88612a8b1cbbba7b3f1acf67fd	971982	NOT_AVAILABLE
actual_base	binary	setup	noarch	0	0.9	1.44	setup-0.9-1.44.src.rpm	noarch/setup-0.9-1.44.noarch.rpm	sha256	938370c3d757ea156dbd01313bd058f226f33e232a5d8553fb3360f824d7eb40	27457	NOT_AVAILABLE
actual_base	binary	setup	noarch	0	0.9	1.45	setup-0.9-1.45.src.rpm	noarch/setup-0.9-1.45.noarch.rpm	sha256	73b846ced3fd9204640aa70fdc5b961d60d17a9c1e3b4ef5e5b1093ae3f0d90e	27434	NOT_AVAILABLE
actual_base	binary	setup-docs	noarch	0	0.9	1.44	setup-0.9-1.44.src.rpm	noarch/setup-docs-0.9-1.44.noarch.rpm	sha256	4a5f5e09c278c7d01672abbf2e982448c9955c81835a720972960ece84d85cda	7593	NOT_AVAILABLE
actual_base	binary	setup-docs	noarch	0	0.9	1.45	setup-0.9-1.45.src.rpm	noarch/setup-docs-0.9-1.45.noarch.rpm	sha256	2136ec022f174eec3e68054920dcafc6de1fc0f15ac7d9a52447c5f1cc7f299c	7570	NOT_AVAILABLE
actual_base	binary	toolchain-testing-tool	noarch	0	14.2.0	1.1	gcc-contrib-14.2.0-1.1.src.rpm	noarch/toolchain-testing-tool-14.2.0-1.1.noarch.rpm	sha256	b68ffc8eca924349f26f335fc586663e17835a2e7ee528f1e6f16846c54a7c9b	10529	NOT_AVAILABLE
actual_base	binary	util-linux-locale	noarch	0	2.41.2	2.5	util-linux-2.41.2-2.5.src.rpm	noarch/util-linux-locale-2.41.2-2.5.noarch.rpm	sha256	0883ea372b7ae0e48030792cdedf9d3e0061b6cb8d195c36f6f3f4e11eb5a0da	1637805	NOT_AVAILABLE
actual_base	binary	util-linux-locale	noarch	0	2.41.2	2.6	util-linux-2.41.2-2.6.src.rpm	noarch/util-linux-locale-2.41.2-2.6.noarch.rpm	sha256	4ee71a726cee9d86bd996a37a64e6b98c8713c6e93042bceb32441f9c950c0d6	1637998	NOT_AVAILABLE
actual_base	binary	vim-data	noarch	0	9.1.1918	2.1	vim-9.1.1918-2.1.src.rpm	noarch/vim-data-9.1.1918-2.1.noarch.rpm	sha256	ca523830a8601c0cb65737cb18beb3675d59f3a8bff68840138152b2d95f5786	6045790	NOT_AVAILABLE
actual_base	binary	xmlcharent	noarch	0	0.3	406.1	xmlcharent-0.3-406.1.src.rpm	noarch/xmlcharent-0.3-406.1.noarch.rpm	sha256	6f83f9c5cc98dca5b23b74bc3cc00215a3281903fbb38bdaa31721cbaa6700d1	24438	NOT_AVAILABLE
actual_base	binary	xz-locale	noarch	0	5.8.1	5.13	xz-5.8.1-5.13.src.rpm	noarch/xz-locale-5.8.1-5.13.noarch.rpm	sha256	48db579f7c45ee98c21cb443f768d27df92d23ed6451c74e8fee887c343441e6	131691	NOT_AVAILABLE
actual_base	binary	xz-locale	noarch	0	5.8.1	5.14	xz-5.8.1-5.14.src.rpm	noarch/xz-locale-5.8.1-5.14.noarch.rpm	sha256	de97d36eba40bde5af96f620c5d84a24309d87baac54eb71a6df5b988f713007	131718	NOT_AVAILABLE
actual_base	binary	clang-accel-riscv64	riscv64	0	0.4	3.2	qemu-accel-0.4-3.2.src.rpm	riscv64/clang-accel-riscv64-0.4-3.2.riscv64.rpm	sha256	68255d5b8b6fd1142fdea328eeb068dc9af15d74180550349ce195572ad67065	725732158	NOT_AVAILABLE
actual_base	binary	clang-accel-x86_64-riscv64	riscv64	0	0.4	3.2	qemu-accel-0.4-3.2.src.rpm	riscv64/clang-accel-x86_64-riscv64-0.4-3.2.riscv64.rpm	sha256	f4f54dc0333aff2466294e77ee64fe8c9b62e8f9c0a745246fe7307e93bd4ec7	725734914	NOT_AVAILABLE
actual_base	binary	python-accel-riscv64	riscv64	0	0.4	3.2	qemu-accel-0.4-3.2.src.rpm	riscv64/python-accel-riscv64-0.4-3.2.riscv64.rpm	sha256	13de91bcabcd442f2f4eb64dc96de1313004d69ca3896feda88606053adc6b67	9123566	NOT_AVAILABLE
actual_base	binary	python-accel-x86_64-riscv64	riscv64	0	0.4	3.2	qemu-accel-0.4-3.2.src.rpm	riscv64/python-accel-x86_64-riscv64-0.4-3.2.riscv64.rpm	sha256	80c8e0403300bd21ef3678901141f7b10cd1b558d0483ea3804f39a224ae76c2	9122226	NOT_AVAILABLE
actual_base	binary	qemu-accel-riscv64	riscv64	0	0.4	3.2	qemu-accel-0.4-3.2.src.rpm	riscv64/qemu-accel-riscv64-0.4-3.2.riscv64.rpm	sha256	3cb9fce00ca092e99fce8c99c7020271706e475b9fa542ec5267697f2d6d9b72	89033006	NOT_AVAILABLE
actual_base	binary	qemu-accel-x86_64-riscv64	riscv64	0	0.4	3.2	qemu-accel-0.4-3.2.src.rpm	riscv64/qemu-accel-x86_64-riscv64-0.4-3.2.riscv64.rpm	sha256	91df0067a77cb671778bc54d04d26e36e2b9a7b76ab4542d7262edc30eddb860	89035850	NOT_AVAILABLE
actual_base	binary	app-rootstrap-checker	x86_64	0	1.0.0	4.1	app-rootstrap-checker-1.0.0-4.1.src.rpm	x86_64/app-rootstrap-checker-1.0.0-4.1.x86_64.rpm	sha256	7d763186c59d8e86f166a10f8d8e8e52e2be31aaad712d13c34b6dced28fcb52	16662	NOT_AVAILABLE
actual_base	binary	asan-build-env	x86_64	0	14.2.0	1.1	gcc-contrib-14.2.0-1.1.src.rpm	x86_64/asan-build-env-14.2.0-1.1.x86_64.rpm	sha256	60d177300213367d7e57ccf521f8059757f2804efd7fcc6283c478288ab41e73	8505	NOT_AVAILABLE
actual_base	binary	asan-runtime-env	x86_64	0	14.2.0	1.1	gcc-contrib-14.2.0-1.1.src.rpm	x86_64/asan-runtime-env-14.2.0-1.1.x86_64.rpm	sha256	45e3e56c2feb205b8ec2fe10ef4cbf0aa779dd76bbeb753fcbe1350cec8438ca	7461	NOT_AVAILABLE
actual_base	binary	boost	x86_64	0	1.83.0	6.1	boost-1.83.0-6.1.src.rpm	x86_64/boost-1.83.0-6.1.x86_64.rpm	sha256	b08a7f29aa1a45278822c71eb1f6c0548f11f1ca3c282794fa5e5ad6c8bc5d24	9342	NOT_AVAILABLE
actual_base	binary	cereal-devel	x86_64	0	1.3.2	3.1	cereal-1.3.2-3.1.src.rpm	x86_64/cereal-devel-1.3.2-3.1.x86_64.rpm	sha256	fe509f20e84c2e4b0b1652df8b85a3435c549f6333c95a14f48d80c97dea05b4	209294	NOT_AVAILABLE
actual_base	binary	clang-accel	x86_64	0	0.4	3.2	qemu-accel-0.4-3.2.src.rpm	x86_64/clang-accel-0.4-3.2.x86_64.rpm	sha256	fac70acfc563c67ce15781003a2d757c35b0619c992de5a26bcc99b1c919ddf1	725897570	NOT_AVAILABLE
actual_base	binary	cmake-docs	x86_64	0	3.31.2	1.80	cmake-3.31.2-1.80.src.rpm	x86_64/cmake-docs-3.31.2-1.80.x86_64.rpm	sha256	2e05347b33af9971856f463d650bbf1adb2ced3619dc18076bc6ed6a058c1839	6490	NOT_AVAILABLE
actual_base	binary	cpio-docs	x86_64	0	2.8	2.1	cpio-2.8-2.1.src.rpm	x86_64/cpio-docs-2.8-2.1.x86_64.rpm	sha256	fbc25732be2752d89b38d024b283f7521f9d21bdee11be9b8ed1faa6c6020617	20758	NOT_AVAILABLE
actual_base	binary	dash-docs	x86_64	0	0.5.13.4	1.1	dash-0.5.13.4-1.1.src.rpm	x86_64/dash-docs-0.5.13.4-1.1.x86_64.rpm	sha256	eff46dabc41373240a6710c85ecc582588cd1e23ec52ba95b022c0389ab21ed0	29126	NOT_AVAILABLE
actual_base	binary	default-ac-domains	x86_64	0	0.2	1.1	default-ac-domains-0.2-1.1.src.rpm	x86_64/default-ac-domains-0.2-1.1.x86_64.rpm	sha256	1f12a26f774cc75fe0970d9de784536016007f3d1413f0cb668a5386bb2fcbb7	20829	NOT_AVAILABLE
actual_base	binary	dejagnu-devel	x86_64	0	1.6.2	1.1	dejagnu-1.6.2-1.1.src.rpm	x86_64/dejagnu-devel-1.6.2-1.1.x86_64.rpm	sha256	032f4903c18a5e1f3ea53cfdc50d5b2d56b9bdf938060d283a3ae0a9b21711ea	8761	NOT_AVAILABLE
actual_base	binary	doxygen-docs	x86_64	0	1.14.0	2.1	doxygen-1.14.0-2.1.src.rpm	x86_64/doxygen-docs-1.14.0-2.1.x86_64.rpm	sha256	108a71fa8fe025ad57aa0f44584e4afa1155f42f9b4bbdadfa9301a01f9de910	8198	NOT_AVAILABLE
actual_base	binary	e2fsprogs-devel	x86_64	0	1.46.0	2.8	e2fsprogs-1.46.0-2.8.src.rpm	x86_64/e2fsprogs-devel-1.46.0-2.8.x86_64.rpm	sha256	10fdff603ee041245cee05edf8018aa476e5284f81600980706a3995b78cbab9	8150	NOT_AVAILABLE
actual_base	binary	e2fsprogs-docs	x86_64	0	1.46.0	2.8	e2fsprogs-1.46.0-2.8.src.rpm	x86_64/e2fsprogs-docs-1.46.0-2.8.x86_64.rpm	sha256	4dd3752521c22f58fd3a9282aec5edf0643b1d166044c9fee23690a07cc7e8f1	96418	NOT_AVAILABLE
actual_base	binary	expect-devel	x86_64	0	5.45.4	2.1	expect-5.45.4-2.1.src.rpm	x86_64/expect-devel-5.45.4-2.1.x86_64.rpm	sha256	089378cf321271802c67e6dbc76cbe12b098fd87df6f7a0b6ba3b63fc05ee956	13242	NOT_AVAILABLE
actual_base	binary	filesystem	x86_64	0	3.1	7.1	filesystem-3.1-7.1.src.rpm	x86_64/filesystem-3.1-7.1.x86_64.rpm	sha256	2d49bd252e0e7ea3143fa355f43ea1e3625b1b659ce44698a417022fd43faafa	66625	NOT_AVAILABLE
actual_base	binary	gcc-contrib	x86_64	0	14.2.0	1.1	gcc-contrib-14.2.0-1.1.src.rpm	x86_64/gcc-contrib-14.2.0-1.1.x86_64.rpm	sha256	af0aef34aba7990c7d171c2138bd02a5c4dd6d3b00a445274bf8a74cd00c8413	6413	NOT_AVAILABLE
actual_base	binary	gcov-build-env	x86_64	0	14.2.0	1.1	gcc-contrib-14.2.0-1.1.src.rpm	x86_64/gcov-build-env-14.2.0-1.1.x86_64.rpm	sha256	5779951b8b8c5f0a7afe6162e5168515540996366d86bfad8a56d55800e4599d	8397	NOT_AVAILABLE
actual_base	binary	gdb-devel	x86_64	0	16.3	2.1	gdb-16.3-2.1.src.rpm	x86_64/gdb-devel-16.3-2.1.x86_64.rpm	sha256	4a46104b6fdabc9ca5bc7ccf8eaf10b20bfc5e936b7900f12b6d75a0ae943029	102465	NOT_AVAILABLE
actual_base	binary	gdb-docs	x86_64	0	16.3	2.1	gdb-16.3-2.1.src.rpm	x86_64/gdb-docs-16.3-2.1.x86_64.rpm	sha256	b59274fa566572c6a2aa1c91a7d04f08602ffdcd7f0dd0d80ae917e6ea7f777d	997165	NOT_AVAILABLE
actual_base	binary	gettext-docs	x86_64	0	0.21.1	4.13	gettext-0.21.1-4.13.src.rpm	x86_64/gettext-docs-0.21.1-4.13.x86_64.rpm	sha256	c80e5cc7b3bc9d66326264200490565195ebf948c0fccc5eace24e944dad9464	325282	NOT_AVAILABLE
actual_base	binary	glibc-accel-ldso	x86_64	0	2.40	13.4	glibc-2.40-13.4.src.rpm	x86_64/glibc-accel-ldso-2.40-13.4.x86_64.rpm	sha256	6038688ec2d77c7310fb8ec10dd6f04b8816ac36ab727e4b26c778c0ce3d17b2	116054	NOT_AVAILABLE
actual_base	binary	glibc-docs	x86_64	0	2.40	13.4	glibc-2.40-13.4.src.rpm	x86_64/glibc-docs-2.40-13.4.x86_64.rpm	sha256	97171789fcba0afb1bca7e605177e6b1a90ea1340d4689a88eca1c652e12644b	1095774	NOT_AVAILABLE
actual_base	binary	gmp	x86_64	0	4.2.1	2.12	gmp-4.2.1-2.12.src.rpm	x86_64/gmp-4.2.1-2.12.x86_64.rpm	sha256	4e28e796bba6a6d6c90935af5453f4074faa75a44059300f07b89a3058cba3b4	20626	NOT_AVAILABLE
actual_base	binary	golang	x86_64	0	1.25.3	3.2	golang-1.25.3-3.2.src.rpm	x86_64/golang-1.25.3-3.2.x86_64.rpm	sha256	94edd4a4832eb4a2f3e9e63381c177744b90ec75bf37aaf0d9092960f09e824e	1365618	NOT_AVAILABLE
actual_base	binary	golang-src	x86_64	0	1.25.3	3.2	golang-1.25.3-3.2.src.rpm	x86_64/golang-src-1.25.3-3.2.x86_64.rpm	sha256	816384f8728d1cbac2d3c6a28c680c2966cfce5c0d26f62baf702917717df8a0	13082562	NOT_AVAILABLE
actual_base	binary	gzip-docs	x86_64	0	1.3.12	2.11	gzip-1.3.12-2.11.src.rpm	x86_64/gzip-docs-1.3.12-2.11.x86_64.rpm	sha256	2c1b48dcf66e76fed54f22abe5001eac1aac572bbad2edf7c37d752e4a49d804	34450	NOT_AVAILABLE
actual_base	binary	hal-rootstrap-checker	x86_64	0	1.0.0	11.1	hal-rootstrap-checker-1.0.0-11.1.src.rpm	x86_64/hal-rootstrap-checker-1.0.0-11.1.x86_64.rpm	sha256	58d47c2478e20631bc3557d707dfe4331710279389ee4e349f9e6691a1b6dede	20342	NOT_AVAILABLE
actual_base	binary	icu	x86_64	0	78.1	1.34	icu-78.1-1.34.src.rpm	x86_64/icu-78.1-1.34.x86_64.rpm	sha256	2cd777f325ecdb7fbd2f76230008fa106fa3d6e16cbe49f826d904a536133056	13626	NOT_AVAILABLE
actual_base	binary	iptables-docs	x86_64	0	1.6.1	4.1	iptables-1.6.1-4.1.src.rpm	x86_64/iptables-docs-1.6.1-4.1.x86_64.rpm	sha256	c3a8a9688514f811c9604ecf236d2886c7097ab95db872e2212999458f5af912	6497	NOT_AVAILABLE
actual_base	binary	kmod-conf	x86_64	0	34.2	1.1	kmod-34.2-1.1.src.rpm	x86_64/kmod-conf-34.2-1.1.x86_64.rpm	sha256	aa0aeff540b2fc0bd27d090ea909c42582268443b4bf75744650c2bdeae780af	14638	NOT_AVAILABLE
actual_base	binary	kmod-docs	x86_64	0	34.2	1.1	kmod-34.2-1.1.src.rpm	x86_64/kmod-docs-34.2-1.1.x86_64.rpm	sha256	3b7aca1ecdf00ebf3d9bfbfa7c1cffe1af477cb62932e6a89bd86a1a2f6320fe	6974	NOT_AVAILABLE
actual_base	binary	less-docs	x86_64	0	685	2.1	less-685-2.1.src.rpm	x86_64/less-docs-685-2.1.x86_64.rpm	sha256	82e4327e0d747122e4c7301201d144a4baf51ea823d27a4be75d620f6c8ad95e	44214	NOT_AVAILABLE
actual_base	binary	libdbuspolicy-header	x86_64	0	1.2.0	2.1	libdbuspolicy-header-1.2.0-2.1.src.rpm	x86_64/libdbuspolicy-header-1.2.0-2.1.x86_64.rpm	sha256	7b224f49f0a742346e1c9535269494e7faf7d3dc7a687c9b95f40dfaaf8dba10	8222	NOT_AVAILABLE
actual_base	binary	libjpeg-turbo	x86_64	0	3.0.4	1.34	libjpeg-turbo-3.0.4-1.34.src.rpm	x86_64/libjpeg-turbo-3.0.4-1.34.x86_64.rpm	sha256	7b9b095fa9d25eaea08a8127a1d9e7d0c0b8385e3f4b898bf47f974117d82aca	13954	NOT_AVAILABLE
actual_base	binary	libmagic-data	x86_64	0	5.46	1.79	file-5.46-1.79.src.rpm	x86_64/libmagic-data-5.46-1.79.x86_64.rpm	sha256	817ea434fa962b6e0ee8abe141b5ae30c5f11bf56cdfb96672388808b6491b22	322706	NOT_AVAILABLE
actual_base	binary	libncurses	x86_64	0	6.6	3.8	ncurses-6.6-3.8.src.rpm	x86_64/libncurses-6.6-3.8.x86_64.rpm	sha256	c45c3ccfe16f03b808bdf06a85d6753085d8f8d53204305c051eac8d44190e37	10446	NOT_AVAILABLE
actual_base	binary	libtirpc-docs	x86_64	0	1.3.3	1.1	libtirpc-1.3.3-1.1.src.rpm	x86_64/libtirpc-docs-1.3.3-1.1.x86_64.rpm	sha256	82f00e92f8cae8356f0d8b8133439ec4d83fd8e5b76fb1dc9ffef25198186412	76337	NOT_AVAILABLE
actual_base	binary	libunwind-tests	x86_64	0	1.6.2	2.3	libunwind-1.6.2-2.3.src.rpm	x86_64/libunwind-tests-1.6.2-2.3.x86_64.rpm	sha256	d440129cf125761dd0229ffec660cb27c1874577d22b7a5da1018019002e8ae9	14318	NOT_AVAILABLE
actual_base	binary	libwebp-doc	x86_64	0	1.4.0	1.1	libwebp-1.4.0-1.1.src.rpm	x86_64/libwebp-doc-1.4.0-1.1.x86_64.rpm	sha256	b97a709191f2274cd03a6b8211d30da9be63c16a7717fe25a3e15e46a3bfc0d1	24469	NOT_AVAILABLE
actual_base	binary	linux-glibc-devel	x86_64	0	6.6	1.92	linux-glibc-devel-6.6-1.92.src.rpm	x86_64/linux-glibc-devel-6.6-1.92.x86_64.rpm	sha256	c15448e2a7b508657d7da3606a901ab92bf925597dbd1eb11898c42affbd9031	1424554	NOT_AVAILABLE
actual_base	binary	lsan-runtime-env	x86_64	0	14.2.0	1.1	gcc-contrib-14.2.0-1.1.src.rpm	x86_64/lsan-runtime-env-14.2.0-1.1.x86_64.rpm	sha256	2d7ea976c023089754a120f25d852a41123a20e3a254671344cd234d72290afb	7989	NOT_AVAILABLE
actual_base	binary	net-tools-docs	x86_64	0	2.0_20121208git	1.68	net-tools-2.0_20121208git-1.68.src.rpm	x86_64/net-tools-docs-2.0_20121208git-1.68.x86_64.rpm	sha256	7dc0419afa13989f4afef28c689834d9b40dac967c9536acdca3b8031a44860a	6786	NOT_AVAILABLE
actual_base	binary	openssl1.1	x86_64	0	1.1.1w	2.12	openssl1.1-1.1.1w-2.12.src.rpm	x86_64/openssl1.1-1.1.1w-2.12.x86_64.rpm	sha256	a9fed452932fdf7a0f242b79e34829ca674e96fdb53b0cec071f8bd287be8a2b	7046	NOT_AVAILABLE
actual_base	binary	pam-docs	x86_64	0	1.1.6	3.5	pam-1.1.6-3.5.src.rpm	x86_64/pam-docs-1.1.6-3.5.x86_64.rpm	sha256	47466f260cc0fec1509bc0a3bb3a560a746c7380d5f0f9fe02bb58197863ba48	226382	NOT_AVAILABLE
actual_base	binary	pcre2-syntax	x86_64	0	10.47	3.3	pcre2-10.47-3.3.src.rpm	x86_64/pcre2-syntax-10.47-3.3.x86_64.rpm	sha256	fe1a7a6fe37078950ff31f3708819f7067a55df1b404945ba086a663ea59326e	9402	NOT_AVAILABLE
actual_base	binary	perl-Devel-Symdump	x86_64	0	2.18	1.2	perl-Devel-Symdump-2.18-1.2.src.rpm	x86_64/perl-Devel-Symdump-2.18-1.2.x86_64.rpm	sha256	9838f5cb1df6088ba1d96b39a11f2cae6a9ee5adf421af4e2471b631aa253e9c	18869	NOT_AVAILABLE
actual_base	binary	perl-HTML-Tagset	x86_64	0	3.24	1.2	perl-HTML-Tagset-3.24-1.2.src.rpm	x86_64/perl-HTML-Tagset-3.24-1.2.x86_64.rpm	sha256	190f1c3caafbc8ae078b2ed314dbdaa023c45b8c0427af96411b05d3d8e6dc4e	16697	NOT_AVAILABLE
actual_base	binary	perl-Software-License	x86_64	0	0.104006	1.2	perl-Software-License-0.104006-1.2.src.rpm	x86_64/perl-Software-License-0.104006-1.2.x86_64.rpm	sha256	98047f1ee0a06ec0f73404645acb77d99442c67e38383f8e4724c9a7ed9d6312	133465	NOT_AVAILABLE
actual_base	binary	perl-Test-Pod	x86_64	0	1.52	1.2	perl-Test-Pod-1.52-1.2.src.rpm	x86_64/perl-Test-Pod-1.52-1.2.x86_64.rpm	sha256	be91c0737a1801509a84ca51a79164c0c670f4c7570cc7ac8ee1a2b79c89731e	17305	NOT_AVAILABLE
actual_base	binary	perl-Test-Pod-Coverage	x86_64	0	1.10	1.2	perl-Test-Pod-Coverage-1.10-1.2.src.rpm	x86_64/perl-Test-Pod-Coverage-1.10-1.2.x86_64.rpm	sha256	87e56299ca50f8b35e42fec2d2473d5bfd1f8042ebec9b1b52b2f79820f37f4f	20417	NOT_AVAILABLE
actual_base	binary	perl-TimeDate	x86_64	0	2.33	2.2	perl-TimeDate-2.33-2.2.src.rpm	x86_64/perl-TimeDate-2.33-2.2.x86_64.rpm	sha256	ce1af785906666a441fe18c1b4f8e206883ec2baceff1f863134ca471ad5770f	31333	NOT_AVAILABLE
actual_base	binary	perl-URI	x86_64	0	5.34	1.2	perl-URI-5.34-1.2.src.rpm	x86_64/perl-URI-5.34-1.2.x86_64.rpm	sha256	b693ae8d841953fe53f5972b17f4def5e75695f9f22c7f4e97079dbf6731ffef	120833	NOT_AVAILABLE
actual_base	binary	perl-inc-latest	x86_64	0	0.500	1.2	perl-inc-latest-0.500-1.2.src.rpm	x86_64/perl-inc-latest-0.500-1.2.x86_64.rpm	sha256	6d8bfd10b8b0e39e26f31bdba8cfee188d76b1cb8b8153c9e0f8ff981adcfceb	24337	NOT_AVAILABLE
actual_base	binary	perl-json	x86_64	0	4.10	1.2	perl-json-4.10-1.2.src.rpm	x86_64/perl-json-4.10-1.2.x86_64.rpm	sha256	29f2a51f13018687ca514defe142c1c452dc2c0925b9dc1c5743868845e3c227	48705	NOT_AVAILABLE
actual_base	binary	python-accel	x86_64	0	0.4	3.2	qemu-accel-0.4-3.2.src.rpm	x86_64/python-accel-0.4-3.2.x86_64.rpm	sha256	15c52cfce1c4207f8adbc02e880cfdf721921bd3fea7f8d22eaa866af5f9f8fe	9119110	NOT_AVAILABLE
actual_base	binary	python-clang	x86_64	0	22.1.8	2.3	llvm-22.1.8-2.3.src.rpm	x86_64/python-clang-22.1.8-2.3.x86_64.rpm	sha256	70878ff01449bd0ad1ef956eceef125c5778866a4d3bd58c04fa4f8b927a2a68	36362	NOT_AVAILABLE
actual_base	binary	python3	x86_64	0	3.14.2	5.19	python3-3.14.2-5.19.src.rpm	x86_64/python3-3.14.2-5.19.x86_64.rpm	sha256	7201b62b0b8b6aa36e51c48c4dff4fdab142daf91be8d19807573e8fd59ddb2d	1971766	NOT_AVAILABLE
actual_base	binary	python3-tools	x86_64	0	3.14.2	5.19	python3-base-3.14.2-5.19.src.rpm	x86_64/python3-tools-3.14.2-5.19.x86_64.rpm	sha256	28ba7176dc3050632d726bc59bfaedc3b919cf53acf0e1699f71bd5318d58dfa	76226	NOT_AVAILABLE
actual_base	binary	qemu-accel	x86_64	0	0.4	3.2	qemu-accel-0.4-3.2.src.rpm	x86_64/qemu-accel-0.4-3.2.x86_64.rpm	sha256	777135fca8f57da63d325bace6bcf453282b1ec217b3a22b86eb69bd67db4110	81581422	NOT_AVAILABLE
actual_base	binary	rpm-docs	x86_64	0	4.14.1.1	6.3	rpm-4.14.1.1-6.3.src.rpm	x86_64/rpm-docs-4.14.1.1-6.3.x86_64.rpm	sha256	8bb7c640307e6115742ca0421c3474a937709ac244a53b9951c7ba33fdfd5374	34772	NOT_AVAILABLE
actual_base	binary	sed-docs	x86_64	0	4.1c	5.11	sed-4.1c-5.11.src.rpm	x86_64/sed-docs-4.1c-5.11.x86_64.rpm	sha256	4a5b3cbe47c5d8a81eb269a6436c3e659e29b6f5c25b4cc7b9b156e7906456af	38930	NOT_AVAILABLE
actual_base	binary	smack-docs	x86_64	0	1.3.1	2.11	smack-1.3.1-2.11.src.rpm	x86_64/smack-docs-1.3.1-2.11.x86_64.rpm	sha256	f4a1686ef368972959920d5fa170e90c7504ed8db20275af03bffb64831c2d1e	15710	NOT_AVAILABLE
actual_base	binary	terminfo	x86_64	0	6.6	3.8	ncurses-6.6-3.8.src.rpm	x86_64/terminfo-6.6-3.8.x86_64.rpm	sha256	37be65641314d3f5027f305d9542f9e4fb9bfe2a8d0205a417631b86a2a2032a	547278	NOT_AVAILABLE
actual_base	binary	terminfo-base-full	x86_64	0	6.6	3.8	ncurses-6.6-3.8.src.rpm	x86_64/terminfo-base-full-6.6-3.8.x86_64.rpm	sha256	9a58a126e8ad14f9835b1d73fe7c41d99723d8a53da320f7a6f7491f90e84810	123926	NOT_AVAILABLE
actual_base	binary	terminfo-base-mini	x86_64	0	6.6	3.8	ncurses-6.6-3.8.src.rpm	x86_64/terminfo-base-mini-6.6-3.8.x86_64.rpm	sha256	49450f77c195b91d108ef82841e3faf9dfd26bdd064cf3fd2c23cfefb4c44f5f	16534	NOT_AVAILABLE
actual_base	binary	tiff	x86_64	0	4.7.0	1.1	tiff-4.7.0-1.1.src.rpm	x86_64/tiff-4.7.0-1.1.x86_64.rpm	sha256	ccf4b8d40b8ee2411de723139eec7a3a696fc605c13aa988c1f7eb74e1ec9d7a	7985	NOT_AVAILABLE
actual_base	binary	tiff-docs	x86_64	0	4.7.0	1.1	tiff-4.7.0-1.1.src.rpm	x86_64/tiff-docs-4.7.0-1.1.x86_64.rpm	sha256	99067b3967ecd13287a278cd240dba7c0fcc72b1031a77724538dfb64af0b53b	6493	NOT_AVAILABLE
actual_base	binary	tsan-build-env	x86_64	0	14.2.0	1.1	gcc-contrib-14.2.0-1.1.src.rpm	x86_64/tsan-build-env-14.2.0-1.1.x86_64.rpm	sha256	0b1844474146e158a95332757f5c9ce954d9e8b38b3a359b6874a99d8fc3b394	7217	NOT_AVAILABLE
actual_base	binary	tsan-runtime-env	x86_64	0	14.2.0	1.1	gcc-contrib-14.2.0-1.1.src.rpm	x86_64/tsan-runtime-env-14.2.0-1.1.x86_64.rpm	sha256	26c13fbf98d160ac65360467a91ede97d4f13db19124d0f044469a04baf4114f	7233	NOT_AVAILABLE
actual_base	binary	ubsan-build-env	x86_64	0	14.2.0	1.1	gcc-contrib-14.2.0-1.1.src.rpm	x86_64/ubsan-build-env-14.2.0-1.1.x86_64.rpm	sha256	a0fcb404da9c2f17aa78f846fa889005ba49fd38d720eb206e1e53d82f55928a	8513	NOT_AVAILABLE
actual_base	binary	ubsan-runtime-env	x86_64	0	14.2.0	1.1	gcc-contrib-14.2.0-1.1.src.rpm	x86_64/ubsan-runtime-env-14.2.0-1.1.x86_64.rpm	sha256	2340c7c428a6b18787af4e5f6189816b293a9205b8c76be34a06eff23ba2e1e9	6597	NOT_AVAILABLE
actual_base	binary	uthash-devel	x86_64	0	2.3.0	1.75	uthash-2.3.0-1.75.src.rpm	x86_64/uthash-devel-2.3.0-1.75.x86_64.rpm	sha256	9c2cd8b7ebe508dc27a0ddb7b95a5cf7adf0396e1084bf8f2dce0327047caea6	25794	NOT_AVAILABLE
actual_base	binary	util-macros	x86_64	0	1.19.0	1.1	util-macros-1.19.0-1.1.src.rpm	x86_64/util-macros-1.19.0-1.1.x86_64.rpm	sha256	db3e6afbdfa14e314147d7b75c9de09db7a83111446963f4526e076b80db3c3d	23693	NOT_AVAILABLE
actual_base	binary	which-docs	x86_64	0	2.17	3.1	which-2.17-3.1.src.rpm	x86_64/which-docs-2.17-3.1.x86_64.rpm	sha256	d0e246558ec3d272cb1bb69c8a7b7cb9d392968904eec265c5a821cd048f8ffa	11170	NOT_AVAILABLE
